case_id,canonical_case_sha256,mode,kind,source_id,mesh,domain,time_profile,active_cell_count,finite,positive,source_audit,time_s,vo2_mean_Zth_K_W,source_mean_Zth_K_W,source_surface_face_Zth_K_W,vo2_tmax_rise_K,normalized_power_imbalance,maximum_normalized_sensible_energy_imbalance
homogeneous_steady_M3D3,1825392F9745A879038F7AB912006123BA788CA5986D72FF6E232D7AA4AB2711,homogeneous,steady,S_surface_anchor,M3,D3,,53504,True,True,"{""source_id"":""S_surface_anchor"",""integrated_model_power_W"":2.5e-07,""expected_model_power_W"":2.5e-07,""full_power_W"":1e-06,""symmetry_fraction"":0.25,""source_power_integration_relative_error"":0.0,""source_cell_count"":225,""surface_source_area_m2"":1.25e-14}",,,50405.63679019379,52786.58917114616,,3.4218013486705598e-12,
homogeneous_transient_M3D3,91ACB19783CF47B90EF57F9F339695CA06A1D0E8A6B5E719F1891E40719AC811,homogeneous,transient,S_surface_anchor,M3,D3,base,53504,True,True,"{""source_id"":""S_surface_anchor"",""integrated_model_power_W"":2.5e-07,""expected_model_power_W"":2.5e-07,""full_power_W"":1e-06,""symmetry_fraction"":0.25,""source_power_integration_relative_error"":0.0,""source_cell_count"":225,""surface_source_area_m2"":1.25e-14}","[4.285714285714286e-10,1.2857142857142856e-09,4.285714285714286e-09,1.2857142857142857e-08,4.285714285714286e-08,1.2857142857142858e-07,4.285714285714286e-07,1.2857142857142856e-06,5.22e-06]","[null,null,null,null,null,null,null,null,null]","[24200.56335784254,32169.364667299687,39138.97303776961,43627.81876447171,46649.07130293177,48266.74443643915,49267.70066156528,49787.093695500764,50139.48313007097]","[26581.515738794915,34550.31704825206,41519.925418721985,46008.77114542408,49030.02368388413,50647.696817391516,51648.653042517646,52168.046076453116,52520.43551102335]","[null,null,null,null,null,null,null,null,null]",,1.8269752588827986e-12
layered1d_steady,FF6CB6806A1E3C5EA17FDFFD06BCD4D417FC7B30E63338D42E8B649AA772B0A0,layered1d,steady,S_layered_top_isoflux,,,,256,True,True,"{""source_id"":""S_layered_top_isoflux"",""integrated_model_power_W"":1e-06,""expected_model_power_W"":1e-06,""full_power_W"":1e-06,""symmetry_fraction"":1.0,""source_power_integration_relative_error"":0.0,""source_geometry_integration_relative_error"":0.0,""surface_source_area_m2"":4.9999999999999995e-14,""source_flux_W_m2"":20000000.0}",,18087360.47246021,18353543.329748355,18353582.761925012,18.321735472479737,8.202921171094821e-11,
layered1d_transient,02617DFF999A52010953580B35F40521B4C41FBF383E5346E4A594FD56A610EE,layered1d,transient,S_layered_top_isoflux,,,reference,256,True,True,"{""source_id"":""S_layered_top_isoflux"",""integrated_model_power_W"":1e-06,""expected_model_power_W"":1e-06,""full_power_W"":1e-06,""symmetry_fraction"":1.0,""source_power_integration_relative_error"":0.0,""source_geometry_integration_relative_error"":0.0,""surface_source_area_m2"":4.9999999999999995e-14,""source_flux_W_m2"":20000000.0}","[1e-10,3e-10,1e-09,3e-09,1e-08,3e-08,1e-07,3e-07,1e-06]","[744.838554270859,4337.462959826045,24020.73406190585,88300.65639259177,249303.96162677987,473599.71069313685,821607.8238834626,1343191.8187022125,2339481.261350008]","[14865.49101407628,36639.259204434195,95140.87110027543,212815.55773157885,445087.2087193137,712766.9122524044,1076073.0254418377,1602960.4305697621,2602201.600606574]","[14904.92319073243,36678.69138109035,95180.30327693159,212854.989908235,445126.6408959699,712806.3444290604,1076112.4576184938,1602999.8627464182,2602241.0327832308]","[0.006337862777599996,0.02402735437223328,0.07755289385940178,0.19067104864568432,0.41793215948456486,0.682691692684395,1.0450060720783958,1.5715571070418204,2.5706119546760577]",,3.465838298983169e-11
S_bulk_steady_M2D2,1FDA02C73EC236325E8D627524E4A6382D7E89B253621EBC01ED79FFD003533F,heterogeneous_3d,steady,S_bulk,M2,D2,,30592,True,True,"{""source_id"":""S_bulk"",""integrated_model_power_W"":2.5000000000000004e-07,""expected_model_power_W"":2.5e-07,""full_power_W"":1e-06,""symmetry_fraction"":0.25,""source_power_integration_relative_error"":2.1175823681357508e-16,""source_geometry_integration_relative_error"":1.8807909613156603e-16,""source_cell_count"":400,""vo2_source_support_volume_m3"":1.2499999999999996e-21,""bulk_support_volume_m3"":1.2499999999999997e-21,""expected_bulk_support_volume_m3"":1.2499999999999997e-21,""contact_support_volume_m3"":2.4999999999999993e-22,""expected_contact_support_volume_m3"":2.5e-22,""bulk_support_volume_relative_error"":0.0,""contact_support_volume_relative_error"":1.8807909613156603e-16,""contact_support_fraction_of_half_x"":0.2,""contact_support_face_aligned"":true}",,224770.0480323367,224770.0480323366,,0.30478661848979666,2.2700482986415245e-12,
S_bulk_transient_M2D2_base,25DE5932573E58D740D030577DEF82E982B1803B398F338683876F0C9538E57A,heterogeneous_3d,transient,S_bulk,M2,D2,base,30592,True,True,"{""source_id"":""S_bulk"",""integrated_model_power_W"":2.5000000000000004e-07,""expected_model_power_W"":2.5e-07,""full_power_W"":1e-06,""symmetry_fraction"":0.25,""source_power_integration_relative_error"":2.1175823681357508e-16,""source_geometry_integration_relative_error"":1.8807909613156603e-16,""source_cell_count"":400,""vo2_source_support_volume_m3"":1.2499999999999996e-21,""bulk_support_volume_m3"":1.2499999999999997e-21,""expected_bulk_support_volume_m3"":1.2499999999999997e-21,""contact_support_volume_m3"":2.4999999999999993e-22,""expected_contact_support_volume_m3"":2.5e-22,""bulk_support_volume_relative_error"":0.0,""contact_support_volume_relative_error"":1.8807909613156603e-16,""contact_support_fraction_of_half_x"":0.2,""contact_support_face_aligned"":true}","[4.285714285714286e-10,1.2857142857142856e-09,4.285714285714286e-09,1.2857142857142857e-08,4.285714285714286e-08,1.2857142857142858e-07,4.285714285714286e-07,1.2857142857142856e-06,5.22e-06]","[23355.962546666207,58480.83932820156,130918.88409605566,198452.90042729277,220102.4751114971,222583.8761058419,223661.84608410727,224192.59680167344,224547.24044413402]","[23355.962546666196,58480.83932820153,130918.8840960556,198452.9004272927,220102.475111497,222583.87610584183,223661.84608410718,224192.59680167332,224547.2404441339]",,"[0.027041196690741634,0.07328855862400503,0.17507974659164904,0.27049659632811734,0.29983053702636303,0.3025815230419405,0.30367562875124254,0.30420865328515845,0.30456374582003065]",,4.5095075874778096e-13
S_bulk_steady_M3D2,842FC0D17D5A2F2DFF028C08AF09556A8CF0DEF4DA3ED883BBFE4F98BDE4479E,heterogeneous_3d,steady,S_bulk,M3,D2,,49410,True,True,"{""source_id"":""S_bulk"",""integrated_model_power_W"":2.5e-07,""expected_model_power_W"":2.5e-07,""full_power_W"":1e-06,""symmetry_fraction"":0.25,""source_power_integration_relative_error"":0.0,""source_geometry_integration_relative_error"":3.7615819226313205e-16,""source_cell_count"":1440,""vo2_source_support_volume_m3"":1.2499999999999997e-21,""bulk_support_volume_m3"":1.2499999999999997e-21,""expected_bulk_support_volume_m3"":1.2499999999999997e-21,""contact_support_volume_m3"":2.5000000000000007e-22,""expected_contact_support_volume_m3"":2.5e-22,""bulk_support_volume_relative_error"":0.0,""contact_support_volume_relative_error"":3.7615819226313205e-16,""contact_support_fraction_of_half_x"":0.2,""contact_support_face_aligned"":true}",,221551.23830900632,221551.2383090063,,0.30440970268768575,2.546181039446427e-12,
S_bulk_transient_M3D2_base,DE88DD7B3E326429164AACA52152F010A2C3A21DB34FE96712EE670B67D0B661,heterogeneous_3d,transient,S_bulk,M3,D2,base,49410,True,True,"{""source_id"":""S_bulk"",""integrated_model_power_W"":2.5e-07,""expected_model_power_W"":2.5e-07,""full_power_W"":1e-06,""symmetry_fraction"":0.25,""source_power_integration_relative_error"":0.0,""source_geometry_integration_relative_error"":3.7615819226313205e-16,""source_cell_count"":1440,""vo2_source_support_volume_m3"":1.2499999999999997e-21,""bulk_support_volume_m3"":1.2499999999999997e-21,""expected_bulk_support_volume_m3"":1.2499999999999997e-21,""contact_support_volume_m3"":2.5000000000000007e-22,""expected_contact_support_volume_m3"":2.5e-22,""bulk_support_volume_relative_error"":0.0,""contact_support_volume_relative_error"":3.7615819226313205e-16,""contact_support_fraction_of_half_x"":0.2,""contact_support_face_aligned"":true}","[4.285714285714286e-10,1.2857142857142856e-09,4.285714285714286e-09,1.2857142857142857e-08,4.285714285714286e-08,1.2857142857142858e-07,4.285714285714286e-07,1.2857142857142856e-06,5.22e-06]","[22938.060961494368,57492.73961387792,129124.82829489076,195732.90413754573,216910.14909824484,219366.2735068551,220443.04546371414,220973.63485579492,221328.2479279916]","[22938.060961494368,57492.73961387792,129124.82829489076,195732.90413754573,216910.14909824487,219366.27350685507,220443.04546371417,220973.63485579492,221328.24792799162]",,"[0.027003452104655736,0.07304351317434289,0.17516138991786598,0.27048846393941994,0.2994772461614281,0.3022052558756132,0.30329863342445246,0.3038315687116261,0.3041866451158454]",,1.8534374619379364e-12
S_bulk_transient_M3D3_base,B7FDCC5EA9DEB9302B9175E1508921F00B612D15AA97603CB32C2EF7EC1C2D62,heterogeneous_3d,transient,S_bulk,M3,D3,base,56400,True,True,"{""source_id"":""S_bulk"",""integrated_model_power_W"":2.5e-07,""expected_model_power_W"":2.5e-07,""full_power_W"":1e-06,""symmetry_fraction"":0.25,""source_power_integration_relative_error"":0.0,""source_geometry_integration_relative_error"":3.7615819226313205e-16,""source_cell_count"":1440,""vo2_source_support_volume_m3"":1.2499999999999997e-21,""bulk_support_volume_m3"":1.2499999999999997e-21,""expected_bulk_support_volume_m3"":1.2499999999999997e-21,""contact_support_volume_m3"":2.5000000000000007e-22,""expected_contact_support_volume_m3"":2.5e-22,""bulk_support_volume_relative_error"":0.0,""contact_support_volume_relative_error"":3.7615819226313205e-16,""contact_support_fraction_of_half_x"":0.2,""contact_support_face_aligned"":true}","[4.285714285714286e-10,1.2857142857142856e-09,4.285714285714286e-09,1.2857142857142857e-08,4.285714285714286e-08,1.2857142857142858e-07,4.285714285714286e-07,1.2857142857142856e-06,5.22e-06]","[22938.06096149433,57492.739613877995,129124.8282948904,195732.90413755205,216910.1490982415,219366.27350681875,220443.0454637055,220973.63485602508,221328.25860920222]","[22938.06096149433,57492.739613877995,129124.8282948904,195732.90413755202,216910.14909824147,219366.27350681878,220443.04546370546,220973.63485602505,221328.25860920222]",,"[0.0270034521046557,0.07304351317434293,0.17516138991786553,0.2704884639394296,0.29947724616142296,0.3022052558755604,0.3032986334244395,0.3038315687118525,0.304186655786391]",,1.7728128549687734e-12
S_bulk_transient_M3D2_fine,2E02DDF84CDBE91ABBEED71B2C1D7E33A108899E0E409838067295716BCEA135,heterogeneous_3d,transient,S_bulk,M3,D2,fine,49410,True,True,"{""source_id"":""S_bulk"",""integrated_model_power_W"":2.5e-07,""expected_model_power_W"":2.5e-07,""full_power_W"":1e-06,""symmetry_fraction"":0.25,""source_power_integration_relative_error"":0.0,""source_geometry_integration_relative_error"":3.7615819226313205e-16,""source_cell_count"":1440,""vo2_source_support_volume_m3"":1.2499999999999997e-21,""bulk_support_volume_m3"":1.2499999999999997e-21,""expected_bulk_support_volume_m3"":1.2499999999999997e-21,""contact_support_volume_m3"":2.5000000000000007e-22,""expected_contact_support_volume_m3"":2.5e-22,""bulk_support_volume_relative_error"":0.0,""contact_support_volume_relative_error"":3.7615819226313205e-16,""contact_support_fraction_of_half_x"":0.2,""contact_support_face_aligned"":true}","[4.285714285714286e-10,1.2857142857142856e-09,4.285714285714286e-09,1.2857142857142857e-08,4.285714285714286e-08,1.2857142857142858e-07,4.285714285714286e-07,1.2857142857142856e-06,5.22e-06]","[23174.433030307635,58063.30050216742,131283.10884736874,198543.09970247466,217305.10079988523,219429.39383647728,220474.63629314146,220990.25970569812,221337.97330831355]","[23174.43303030763,58063.30050216742,131283.10884736874,198543.0997024747,217305.10079988523,219429.39383647733,220474.63629314146,220990.25970569812,221337.97330831355]",,"[0.027195245302157146,0.07368820972242118,0.1782716639184116,0.2745276171057027,0.2999921613535915,0.3022712492458195,0.3033305876992075,0.3038482550099104,0.3041963795266723]",,3.8388145398104384e-13
S_contact_steady_M2D2,3AEF2032FD7B719C3145F4400FAEDEC7D39769B06D8D023D29FD71BDC35D111A,heterogeneous_3d,steady,S_contact,M2,D2,,30592,True,True,"{""source_id"":""S_contact"",""integrated_model_power_W"":2.4999999999999994e-07,""expected_model_power_W"":2.5e-07,""full_power_W"":1e-06,""symmetry_fraction"":0.25,""source_power_integration_relative_error"":2.1175823681357508e-16,""source_geometry_integration_relative_error"":1.8807909613156603e-16,""source_cell_count"":80,""vo2_source_support_volume_m3"":2.499999999999999e-22,""bulk_support_volume_m3"":1.2499999999999997e-21,""expected_bulk_support_volume_m3"":1.2499999999999997e-21,""contact_support_volume_m3"":2.4999999999999993e-22,""expected_contact_support_volume_m3"":2.5e-22,""bulk_support_volume_relative_error"":0.0,""contact_support_volume_relative_error"":1.8807909613156603e-16,""contact_support_fraction_of_half_x"":0.2,""contact_support_face_aligned"":true}",,224312.2466791052,248550.80066554062,,0.33350602541663354,2.275765771035492e-12,
S_contact_transient_M2D2_base,DFBDF578389E0AE239E206DDC4E93E42D7792C6425C22F622B01C67A4146E6C7,heterogeneous_3d,transient,S_contact,M2,D2,base,30592,True,True,"{""source_id"":""S_contact"",""integrated_model_power_W"":2.4999999999999994e-07,""expected_model_power_W"":2.5e-07,""full_power_W"":1e-06,""symmetry_fraction"":0.25,""source_power_integration_relative_error"":2.1175823681357508e-16,""source_geometry_integration_relative_error"":1.8807909613156603e-16,""source_cell_count"":80,""vo2_source_support_volume_m3"":2.499999999999999e-22,""bulk_support_volume_m3"":1.2499999999999997e-21,""expected_bulk_support_volume_m3"":1.2499999999999997e-21,""contact_support_volume_m3"":2.4999999999999993e-22,""expected_contact_support_volume_m3"":2.5e-22,""bulk_support_volume_relative_error"":0.0,""contact_support_volume_relative_error"":1.8807909613156603e-16,""contact_support_fraction_of_half_x"":0.2,""contact_support_face_aligned"":true}","[4.285714285714286e-10,1.2857142857142856e-09,4.285714285714286e-09,1.2857142857142857e-08,4.285714285714286e-08,1.2857142857142858e-07,4.285714285714286e-07,1.2857142857142856e-06,5.22e-06]","[22543.189257214126,56797.55057911441,129472.1622177582,197773.47121942756,219637.6294592019,222125.71745279757,223203.99381601776,223734.78612909882,224089.43791368796]","[42707.575445361945,79319.44570222561,152691.58968291216,221787.66500103075,243869.0823792977,246363.913866735,247442.49687999103,247973.33079576172,248327.99072289534]",,"[0.050635759905252944,0.09565514239012005,0.19605553982701823,0.29752936938390845,0.32849760933294214,0.3312983858950129,0.33239467407594264,0.3329279940407605,0.3332831443866928]",,4.646159332552896e-13
S_contact_steady_M3D2,7A71C9D6814034C115862154AE7157E16424417A5D5229AF999A04713FD03AFE,heterogeneous_3d,steady,S_contact,M3,D2,,49410,True,True,"{""source_id"":""S_contact"",""integrated_model_power_W"":2.5e-07,""expected_model_power_W"":2.5e-07,""full_power_W"":1e-06,""symmetry_fraction"":0.25,""source_power_integration_relative_error"":0.0,""source_geometry_integration_relative_error"":3.7615819226313205e-16,""source_cell_count"":360,""vo2_source_support_volume_m3"":2.5000000000000002e-22,""bulk_support_volume_m3"":1.2499999999999997e-21,""expected_bulk_support_volume_m3"":1.2499999999999997e-21,""contact_support_volume_m3"":2.5000000000000007e-22,""expected_contact_support_volume_m3"":2.5e-22,""bulk_support_volume_relative_error"":0.0,""contact_support_volume_relative_error"":3.7615819226313205e-16,""contact_support_fraction_of_half_x"":0.2,""contact_support_face_aligned"":true}",,221013.56259072022,244379.76382565947,,0.332720179864311,2.523734666344188e-12,
S_contact_transient_M3D2_base,8CE92AB77E0A0A197D8ADFB819BDC42F7F405EA117B72C3D2BFFF8ED78AC9A20,heterogeneous_3d,transient,S_contact,M3,D2,base,49410,True,True,"{""source_id"":""S_contact"",""integrated_model_power_W"":2.5e-07,""expected_model_power_W"":2.5e-07,""full_power_W"":1e-06,""symmetry_fraction"":0.25,""source_power_integration_relative_error"":0.0,""source_geometry_integration_relative_error"":3.7615819226313205e-16,""source_cell_count"":360,""vo2_source_support_volume_m3"":2.5000000000000002e-22,""bulk_support_volume_m3"":1.2499999999999997e-21,""expected_bulk_support_volume_m3"":1.2499999999999997e-21,""contact_support_volume_m3"":2.5000000000000007e-22,""expected_contact_support_volume_m3"":2.5e-22,""bulk_support_volume_relative_error"":0.0,""contact_support_volume_relative_error"":3.7615819226313205e-16,""contact_support_fraction_of_half_x"":0.2,""contact_support_face_aligned"":true}","[4.285714285714286e-10,1.2857142857142856e-09,4.285714285714286e-09,1.2857142857142857e-08,4.285714285714286e-08,1.2857142857142858e-07,4.285714285714286e-07,1.2857142857142856e-06,5.22e-06]","[22036.12242872909,55741.292361962136,127655.184731412,194990.37063809036,216366.05114034197,218828.26938337498,219905.3229377985,220435.950571322,220790.57112764128]","[41389.57902599846,77433.54395581518,150064.55625043306,218149.3310187483,239725.7813321603,242194.1419816956,243271.47735866165,243802.14323971086,244156.7712805038]",,"[0.05092358502720744,0.09481042248518856,0.19437910778659026,0.29684970714564235,0.32772766843051837,0.3305127363815168,0.33160868333038807,0.33214196766232307,0.33249711240830726]",,1.8435334795079432e-12
S_contact_transient_M3D3_base,2868B7C2B70EA2F6F2B6CB19FA7CF92F683F5F1F4D5CC766F7FF3EB2F92CA44B,heterogeneous_3d,transient,S_contact,M3,D3,base,56400,True,True,"{""source_id"":""S_contact"",""integrated_model_power_W"":2.5e-07,""expected_model_power_W"":2.5e-07,""full_power_W"":1e-06,""symmetry_fraction"":0.25,""source_power_integration_relative_error"":0.0,""source_geometry_integration_relative_error"":3.7615819226313205e-16,""source_cell_count"":360,""vo2_source_support_volume_m3"":2.5000000000000002e-22,""bulk_support_volume_m3"":1.2499999999999997e-21,""expected_bulk_support_volume_m3"":1.2499999999999997e-21,""contact_support_volume_m3"":2.5000000000000007e-22,""expected_contact_support_volume_m3"":2.5e-22,""bulk_support_volume_relative_error"":0.0,""contact_support_volume_relative_error"":3.7615819226313205e-16,""contact_support_fraction_of_half_x"":0.2,""contact_support_face_aligned"":true}","[4.285714285714286e-10,1.2857142857142856e-09,4.285714285714286e-09,1.2857142857142857e-08,4.285714285714286e-08,1.2857142857142858e-07,4.285714285714286e-07,1.2857142857142856e-06,5.22e-06]","[22036.12242872904,55741.29236196223,127655.18473141156,194990.37063809735,216366.05114033818,218828.26938333552,219905.32293778902,220435.95057155157,220790.58180868224]","[41389.579025998355,77433.5439558154,150064.55625043245,218149.33101875611,239725.78133215598,242194.14198165276,243271.47735865132,243802.14323993982,244156.78196137553]",,"[0.050923585027207376,0.09481042248518842,0.1943791077865884,0.29684970714565967,0.32772766843050993,0.3305127363814343,0.3316086833303681,0.33214196766254533,0.33249712307738183]",,1.7554808857162854e-12
S_contact_transient_M3D2_fine,66A01B2B3EF2824295674D8288F4CC50AA53FE2E46538862039C807430DA80B4,heterogeneous_3d,transient,S_contact,M3,D2,fine,49410,True,True,"{""source_id"":""S_contact"",""integrated_model_power_W"":2.5e-07,""expected_model_power_W"":2.5e-07,""full_power_W"":1e-06,""symmetry_fraction"":0.25,""source_power_integration_relative_error"":0.0,""source_geometry_integration_relative_error"":3.7615819226313205e-16,""source_cell_count"":360,""vo2_source_support_volume_m3"":2.5000000000000002e-22,""bulk_support_volume_m3"":1.2499999999999997e-21,""expected_bulk_support_volume_m3"":1.2499999999999997e-21,""contact_support_volume_m3"":2.5000000000000007e-22,""expected_contact_support_volume_m3"":2.5e-22,""bulk_support_volume_relative_error"":0.0,""contact_support_volume_relative_error"":3.7615819226313205e-16,""contact_support_fraction_of_half_x"":0.2,""contact_support_face_aligned"":true}","[4.285714285714286e-10,1.2857142857142856e-09,4.285714285714286e-09,1.2857142857142857e-08,4.285714285714286e-08,1.2857142857142858e-07,4.285714285714286e-07,1.2857142857142856e-06,5.22e-06]","[22243.236935835932,56258.00387562607,129826.89248006987,197832.56552199193,216763.94536428977,218891.44168928923,219936.91976373165,220452.57641778834,220800.2966535546]","[42113.14809793426,77994.35771519873,152256.72698493733,221023.9678360074,240126.6483281187,242257.3663727979,243303.0801829706,243818.77008283467,244166.4969520128]",,"[0.0518860768356796,0.09551385645209926,0.19770138909949958,0.3011958307169866,0.3282704065391133,0.3305792050398302,0.331640692308913,0.3321586630588182,0.33250684814878173]",,3.92432004983946e-13
S_mixed_steady_M2D2,A3E974E854CA20A323119D6BDDAF0954B97C1AA81B613F2B41AE865E96DD73D8,heterogeneous_3d,steady,S_mixed,M2,D2,,30592,True,True,"{""source_id"":""S_mixed"",""integrated_model_power_W"":2.5000000000000004e-07,""expected_model_power_W"":2.5e-07,""full_power_W"":1e-06,""symmetry_fraction"":0.25,""source_power_integration_relative_error"":2.1175823681357508e-16,""source_geometry_integration_relative_error"":1.8807909613156603e-16,""source_cell_count"":400,""vo2_source_support_volume_m3"":1.2499999999999996e-21,""bulk_support_volume_m3"":1.2499999999999997e-21,""expected_bulk_support_volume_m3"":1.2499999999999997e-21,""contact_support_volume_m3"":2.4999999999999993e-22,""expected_contact_support_volume_m3"":2.5e-22,""bulk_support_volume_relative_error"":0.0,""contact_support_volume_relative_error"":1.8807909613156603e-16,""contact_support_fraction_of_half_x"":0.2,""contact_support_face_aligned"":true}",,224541.14735572098,230486.3355140219,,0.31888042622442125,2.271318848062406e-12,
S_mixed_transient_M2D2_base,973068AB5FC196064E08C8264B37C2A8972F621CBAA88BDE33E01EB4301CD06D,heterogeneous_3d,transient,S_mixed,M2,D2,base,30592,True,True,"{""source_id"":""S_mixed"",""integrated_model_power_W"":2.5000000000000004e-07,""expected_model_power_W"":2.5e-07,""full_power_W"":1e-06,""symmetry_fraction"":0.25,""source_power_integration_relative_error"":2.1175823681357508e-16,""source_geometry_integration_relative_error"":1.8807909613156603e-16,""source_cell_count"":400,""vo2_source_support_volume_m3"":1.2499999999999996e-21,""bulk_support_volume_m3"":1.2499999999999997e-21,""expected_bulk_support_volume_m3"":1.2499999999999997e-21,""contact_support_volume_m3"":2.4999999999999993e-22,""expected_contact_support_volume_m3"":2.5e-22,""bulk_support_volume_relative_error"":0.0,""contact_support_volume_relative_error"":1.8807909613156603e-16,""contact_support_fraction_of_half_x"":0.2,""contact_support_face_aligned"":true}","[4.285714285714286e-10,1.2857142857142856e-09,4.285714285714286e-09,1.2857142857142857e-08,4.285714285714286e-08,1.2857142857142858e-07,4.285714285714286e-07,1.2857142857142856e-06,5.22e-06]","[22949.575901940163,57639.19495365798,130195.52315690691,198113.18582336023,219870.05228534955,222354.79677931973,223432.9199500625,223963.6914653862,224318.33917891097]","[27787.47912661409,62848.84654716396,135638.69955362106,203946.87696679455,225811.7041022996,228299.80621954292,229378.0826490334,229908.87496390814,230263.52674860126]",,"[0.03836756276170136,0.08208240459534291,0.1822442899112151,0.2830691925444445,0.3138767422480355,0.31667297271883443,0.3177691005698758,0.3183023995213053,0.3186575457835136]",,4.581760234299119e-13
S_mixed_steady_M3D2,C6B68B6D81697F9DAE457C9E34D6DEDB77CF23DD28B37B9E760F4AE8945448BC,heterogeneous_3d,steady,S_mixed,M3,D2,,49410,True,True,"{""source_id"":""S_mixed"",""integrated_model_power_W"":2.5e-07,""expected_model_power_W"":2.5e-07,""full_power_W"":1e-06,""symmetry_fraction"":0.25,""source_power_integration_relative_error"":0.0,""source_geometry_integration_relative_error"":3.7615819226313205e-16,""source_cell_count"":1440,""vo2_source_support_volume_m3"":1.2499999999999997e-21,""bulk_support_volume_m3"":1.2499999999999997e-21,""expected_bulk_support_volume_m3"":1.2499999999999997e-21,""contact_support_volume_m3"":2.5000000000000007e-22,""expected_contact_support_volume_m3"":2.5e-22,""bulk_support_volume_relative_error"":0.0,""contact_support_volume_relative_error"":3.7615819226313205e-16,""contact_support_fraction_of_half_x"":0.2,""contact_support_face_aligned"":true}",,221282.40044986331,226989.53182902664,,0.3182088913701677,2.5364401605530024e-12,
S_mixed_transient_M3D2_base,DB68F422FEEA3A050D1AEE18F4EB0BD3DE819C7FD4E39DBE5D730382E5E14206,heterogeneous_3d,transient,S_mixed,M3,D2,base,49410,True,True,"{""source_id"":""S_mixed"",""integrated_model_power_W"":2.5e-07,""expected_model_power_W"":2.5e-07,""full_power_W"":1e-06,""symmetry_fraction"":0.25,""source_power_integration_relative_error"":0.0,""source_geometry_integration_relative_error"":3.7615819226313205e-16,""source_cell_count"":1440,""vo2_source_support_volume_m3"":1.2499999999999997e-21,""bulk_support_volume_m3"":1.2499999999999997e-21,""expected_bulk_support_volume_m3"":1.2499999999999997e-21,""contact_support_volume_m3"":2.5000000000000007e-22,""expected_contact_support_volume_m3"":2.5e-22,""bulk_support_volume_relative_error"":0.0,""contact_support_volume_relative_error"":3.7615819226313205e-16,""contact_support_fraction_of_half_x"":0.2,""contact_support_face_aligned"":true}","[4.285714285714286e-10,1.2857142857142856e-09,4.285714285714286e-09,1.2857142857142857e-08,4.285714285714286e-08,1.2857142857142858e-07,4.285714285714286e-07,1.2857142857142856e-06,5.22e-06]","[22487.091695111725,56617.01598792003,128390.00651315135,195361.63738781796,216638.10011929338,219097.271445115,220174.18420075634,220704.79271355842,221059.40952781652]","[27099.97121123775,61602.21707340436,133624.93850203682,200965.7441081188,222342.00817777216,224804.23856382517,225881.29217449325,226411.91980953736,226766.54036594456]",,"[0.0385441438245473,0.08149827203993165,0.18065425364644916,0.28249499475432205,0.313220766250806,0.31600161919959485,0.31709741846127587,0.31763068346392215,0.3179858244556127]",,1.8486402204484086e-12
S_mixed_transient_M3D3_base,1028EE274350A74978ABAA8FDCA280F941FDB32DB29DB4AC92AC0E70C77B7FEC,heterogeneous_3d,transient,S_mixed,M3,D3,base,56400,True,True,"{""source_id"":""S_mixed"",""integrated_model_power_W"":2.5e-07,""expected_model_power_W"":2.5e-07,""full_power_W"":1e-06,""symmetry_fraction"":0.25,""source_power_integration_relative_error"":0.0,""source_geometry_integration_relative_error"":3.7615819226313205e-16,""source_cell_count"":1440,""vo2_source_support_volume_m3"":1.2499999999999997e-21,""bulk_support_volume_m3"":1.2499999999999997e-21,""expected_bulk_support_volume_m3"":1.2499999999999997e-21,""contact_support_volume_m3"":2.5000000000000007e-22,""expected_contact_support_volume_m3"":2.5e-22,""bulk_support_volume_relative_error"":0.0,""contact_support_volume_relative_error"":3.7615819226313205e-16,""contact_support_fraction_of_half_x"":0.2,""contact_support_face_aligned"":true}","[4.285714285714286e-10,1.2857142857142856e-09,4.285714285714286e-09,1.2857142857142857e-08,4.285714285714286e-08,1.2857142857142858e-07,4.285714285714286e-07,1.2857142857142856e-06,5.22e-06]","[22487.091695111685,56617.01598792012,128390.00651315095,195361.6373878247,216638.10011928983,219097.27144507715,220174.18420074726,220704.79271378834,221059.42020894226]","[27099.97121123769,61602.21707340449,133624.93850203636,200965.74410812586,222342.0081777684,224804.23856378568,225881.2921744837,226411.91980976705,226766.5510469856]",,"[0.03854414382454719,0.08149827203993168,0.18065425364644747,0.28249499475433854,0.31322076625079803,0.3160016191995159,0.31709741846125683,0.31763068346414514,0.31798583512476986]",,1.7641468703425294e-12
S_mixed_transient_M3D2_fine,4F72AF02EBCEE380C13B9448FB73784B3ADBC7297F67B55F890B614E0AA0230F,heterogeneous_3d,transient,S_mixed,M3,D2,fine,49410,True,True,"{""source_id"":""S_mixed"",""integrated_model_power_W"":2.5e-07,""expected_model_power_W"":2.5e-07,""full_power_W"":1e-06,""symmetry_fraction"":0.25,""source_power_integration_relative_error"":0.0,""source_geometry_integration_relative_error"":3.7615819226313205e-16,""source_cell_count"":1440,""vo2_source_support_volume_m3"":1.2499999999999997e-21,""bulk_support_volume_m3"":1.2499999999999997e-21,""expected_bulk_support_volume_m3"":1.2499999999999997e-21,""contact_support_volume_m3"":2.5000000000000007e-22,""expected_contact_support_volume_m3"":2.5e-22,""bulk_support_volume_relative_error"":0.0,""contact_support_volume_relative_error"":3.7615819226313205e-16,""contact_support_fraction_of_half_x"":0.2,""contact_support_face_aligned"":true}","[4.285714285714286e-10,1.2857142857142856e-09,4.285714285714286e-09,1.2857142857142857e-08,4.285714285714286e-08,1.2857142857142858e-07,4.285714285714286e-07,1.2857142857142856e-06,5.22e-06]","[22708.834983071778,57160.652188896725,130555.00066371929,198187.8326122333,217034.5230820875,219160.41776288324,220205.77802843662,220721.41806174323,221069.13498093406]","[27443.513749978432,62143.41649215455,135798.4051981114,203808.04964561673,222739.9099641459,224867.41089696338,225912.8890008939,226428.54565602736,226776.26589185887]",,"[0.03914793442516327,0.08208252842598122,0.1839373319305815,0.28681583252625215,0.31376132026224973,0.31606805880221395,0.3171294243782412,0.31764737835886137,0.31799556012316477]",,3.7210113112974336e-13
S_bulk_xz_transient_M2D2,DC4AFCA42E80129746A64DEE8C96862A69F1B91156FC80A6606C984F477B249E,xz,transient,S_bulk,M2,D2,base,1018,True,True,"{""source_id"":""S_bulk"",""integrated_model_power_W"":4.999999999999999e-07,""expected_model_power_W"":5e-07,""full_power_W"":1e-06,""symmetry_fraction"":0.5,""source_power_integration_relative_error"":2.1175823681357508e-16,""source_geometry_integration_relative_error"":1.8807909613156603e-16,""source_cell_count"":40,""vo2_source_support_volume_m3"":2.5e-21,""bulk_support_volume_m3"":2.5e-21,""expected_bulk_support_volume_m3"":2.4999999999999995e-21,""contact_support_volume_m3"":4.999999999999999e-22,""expected_contact_support_volume_m3"":5e-22,""bulk_support_volume_relative_error"":1.5046327690525283e-16,""contact_support_volume_relative_error"":1.8807909613156603e-16,""contact_support_fraction_of_half_x"":0.2,""contact_support_face_aligned"":true}","[4.285714285714286e-10,1.2857142857142856e-09,4.285714285714286e-09,1.2857142857142857e-08,4.285714285714286e-08,1.2857142857142858e-07,4.285714285714286e-07,1.2857142857142856e-06,5.22e-06]","[23386.28663000285,58730.810464259936,132843.9739495614,206504.06062454823,239403.12129302713,251730.11191049966,263294.57224122825,273580.5331033278,286417.5151065688]","[23386.286630002858,58730.81046425994,132843.97394956142,206504.06062454832,239403.1212930272,251730.11191049966,263294.57224122825,273580.53310332785,286417.51510656887]",,"[0.027041224093581867,0.07329506305263825,0.17566281480756063,0.27606436030139,0.31692061479523814,0.32975445580489793,0.341408670879342,0.35171813472302416,0.36456356263995127]",,1.004325718291493e-12
S_bulk_xz_transient_M3D2,FB1826722D3D5CA1E982C8ABBAC2EB8732E8CB8784A050083CD0EED7C0D2A6F1,xz,transient,S_bulk,M3,D2,base,1402,True,True,"{""source_id"":""S_bulk"",""integrated_model_power_W"":4.999999999999999e-07,""expected_model_power_W"":5e-07,""full_power_W"":1e-06,""symmetry_fraction"":0.5,""source_power_integration_relative_error"":2.1175823681357508e-16,""source_geometry_integration_relative_error"":3.7615819226313205e-16,""source_cell_count"":96,""vo2_source_support_volume_m3"":2.4999999999999995e-21,""bulk_support_volume_m3"":2.5e-21,""expected_bulk_support_volume_m3"":2.4999999999999995e-21,""contact_support_volume_m3"":5.000000000000001e-22,""expected_contact_support_volume_m3"":5e-22,""bulk_support_volume_relative_error"":1.5046327690525283e-16,""contact_support_volume_relative_error"":3.7615819226313205e-16,""contact_support_fraction_of_half_x"":0.2,""contact_support_face_aligned"":true}","[4.285714285714286e-10,1.2857142857142856e-09,4.285714285714286e-09,1.2857142857142857e-08,4.285714285714286e-08,1.2857142857142858e-07,4.285714285714286e-07,1.2857142857142856e-06,5.22e-06]","[22976.34205306049,57770.067496476855,131124.55407668604,203912.60455368593,236325.04198627497,248608.66582850766,260166.51855072076,270450.7947502101,283287.3294332154]","[22976.342053060493,57770.06749647686,131124.55407668604,203912.6045536859,236325.041986275,248608.66582850768,260166.5185507207,270450.79475021013,283287.3294332154]",,"[0.027003495747308124,0.07304996496880108,0.17576571999088836,0.2761692415222899,0.31671410683718654,0.32951690730121697,0.3411679319072171,0.3514766415556767,0.3643219593186257]",,9.625432924149593e-13
S_bulk_xz_transient_M3D3,97FE26A238BB64405031C60EE626FCC69653905CF445112BF2A2D24CE27291EE,xz,transient,S_bulk,M3,D3,base,1552,True,True,"{""source_id"":""S_bulk"",""integrated_model_power_W"":5e-07,""expected_model_power_W"":5e-07,""full_power_W"":1e-06,""symmetry_fraction"":0.5,""source_power_integration_relative_error"":0.0,""source_geometry_integration_relative_error"":5.642372883946981e-16,""source_cell_count"":96,""vo2_source_support_volume_m3"":2.4999999999999995e-21,""bulk_support_volume_m3"":2.5e-21,""expected_bulk_support_volume_m3"":2.4999999999999995e-21,""contact_support_volume_m3"":5.000000000000002e-22,""expected_contact_support_volume_m3"":5e-22,""bulk_support_volume_relative_error"":1.5046327690525283e-16,""contact_support_volume_relative_error"":5.642372883946981e-16,""contact_support_fraction_of_half_x"":0.2,""contact_support_face_aligned"":true}","[4.285714285714286e-10,1.2857142857142856e-09,4.285714285714286e-09,1.2857142857142857e-08,4.285714285714286e-08,1.2857142857142858e-07,4.285714285714286e-07,1.2857142857142856e-06,5.22e-06]","[22976.34205306049,57770.067496476855,131124.55407668606,203912.60455368576,236325.04198627465,248608.66582850495,260166.51855071844,270450.79475652036,283287.79226488277]","[22976.342053060493,57770.06749647686,131124.55407668606,203912.60455368576,236325.04198627468,248608.66582850495,260166.5185507185,270450.79475652036,283287.79226488277]",,"[0.027003495747308124,0.07304996496880108,0.17576571999088836,0.2761692415222897,0.3167141068371861,0.3295169073012143,0.3411679319072147,0.3514766415619565,0.364322421722559]",,6.364856208525284e-13
S_contact_xz_transient_M2D2,538D33D34AFC30A4AFBECC78CBA487C04CF9D0E171041785BA17203F3B3AD9AB,xz,transient,S_contact,M2,D2,base,1018,True,True,"{""source_id"":""S_contact"",""integrated_model_power_W"":5e-07,""expected_model_power_W"":5e-07,""full_power_W"":1e-06,""symmetry_fraction"":0.5,""source_power_integration_relative_error"":0.0,""source_geometry_integration_relative_error"":1.8807909613156603e-16,""source_cell_count"":8,""vo2_source_support_volume_m3"":4.999999999999999e-22,""bulk_support_volume_m3"":2.5e-21,""expected_bulk_support_volume_m3"":2.4999999999999995e-21,""contact_support_volume_m3"":4.999999999999999e-22,""expected_contact_support_volume_m3"":5e-22,""bulk_support_volume_relative_error"":1.5046327690525283e-16,""contact_support_volume_relative_error"":1.8807909613156603e-16,""contact_support_fraction_of_half_x"":0.2,""contact_support_face_aligned"":true}","[4.285714285714286e-10,1.2857142857142856e-09,4.285714285714286e-09,1.2857142857142857e-08,4.285714285714286e-08,1.2857142857142858e-07,4.285714285714286e-07,1.2857142857142856e-06,5.22e-06]","[22571.372991841636,57039.06710763163,131365.63413473405,205771.41696701766,238892.87174594644,251231.6662052037,262797.884015339,273084.2939989535,285921.43636147]","[42735.50750136755,79555.50486705951,154556.8246720999,229735.57544333415,263081.99352313695,275432.6536862891,287000.6298269467,297287.48898382357,310124.79171102773]",,"[0.05063585438765436,0.09566736296617256,0.1966955419214884,0.30330974476864037,0.3459750336866753,0.35890835644951946,0.37057810010335696,0.38089156719650097,0.39373842794787384]",,1.0139202012705485e-12
S_contact_xz_transient_M3D2,0E325CBA51B10A64ABE94729121548FBAE6A3E14A84365662AE5FE4310319F6B,xz,transient,S_contact,M3,D2,base,1402,True,True,"{""source_id"":""S_contact"",""integrated_model_power_W"":5e-07,""expected_model_power_W"":5e-07,""full_power_W"":1e-06,""symmetry_fraction"":0.5,""source_power_integration_relative_error"":0.0,""source_geometry_integration_relative_error"":3.7615819226313205e-16,""source_cell_count"":24,""vo2_source_support_volume_m3"":5.000000000000001e-22,""bulk_support_volume_m3"":2.5e-21,""expected_bulk_support_volume_m3"":2.4999999999999995e-21,""contact_support_volume_m3"":5.000000000000001e-22,""expected_contact_support_volume_m3"":5e-22,""bulk_support_volume_relative_error"":1.5046327690525283e-16,""contact_support_volume_relative_error"":3.7615819226313205e-16,""contact_support_fraction_of_half_x"":0.2,""contact_support_face_aligned"":true}","[4.285714285714286e-10,1.2857142857142856e-09,4.285714285714286e-09,1.2857142857142857e-08,4.285714285714286e-08,1.2857142857142858e-07,4.285714285714286e-07,1.2857142857142856e-06,5.22e-06]","[22071.56209903867,56008.50092067699,129619.83771355684,203112.23278092887,235729.62675337645,248023.9746866449,259583.42202758335,269868.10522724676,282704.7851647981]","[41425.152819801224,77695.01182223296,151998.94812286593,226217.9456074596,259042.52193958545,271347.6466800267,282908.6893468669,293193.77958938165,306030.60478593415]",,"[0.05092370025562102,0.09482484795025033,0.195078448766265,0.3028594421119797,0.3455201996830252,0.3584405854482168,0.3701104087103046,0.3804239773951603,0.39327103533079344]",,9.377833363399761e-13
S_contact_xz_transient_M3D3,5ECC716CBB67D720F283984BB858A8F29501DDFCE15CD1E7FE4AD7A3BB46BEBC,xz,transient,S_contact,M3,D3,base,1552,True,True,"{""source_id"":""S_contact"",""integrated_model_power_W"":4.999999999999999e-07,""expected_model_power_W"":5e-07,""full_power_W"":1e-06,""symmetry_fraction"":0.5,""source_power_integration_relative_error"":2.1175823681357508e-16,""source_geometry_integration_relative_error"":5.642372883946981e-16,""source_cell_count"":24,""vo2_source_support_volume_m3"":5.000000000000001e-22,""bulk_support_volume_m3"":2.5e-21,""expected_bulk_support_volume_m3"":2.4999999999999995e-21,""contact_support_volume_m3"":5.000000000000002e-22,""expected_contact_support_volume_m3"":5e-22,""bulk_support_volume_relative_error"":1.5046327690525283e-16,""contact_support_volume_relative_error"":5.642372883946981e-16,""contact_support_fraction_of_half_x"":0.2,""contact_support_face_aligned"":true}","[4.285714285714286e-10,1.2857142857142856e-09,4.285714285714286e-09,1.2857142857142857e-08,4.285714285714286e-08,1.2857142857142858e-07,4.285714285714286e-07,1.2857142857142856e-06,5.22e-06]","[22071.56209903866,56008.50092067697,129619.83771355679,203112.23278092864,235729.626753376,248023.97468664218,259583.42202758102,269868.10523355636,282705.24798929656]","[41425.15281980122,77695.01182223295,151998.94812286587,226217.94560745938,259042.5219395851,271347.64668002405,282908.6893468646,293193.77959569084,306031.06760326395]",,"[0.050923700255621,0.09482484795025029,0.19507844876626496,0.30285944211197935,0.34552019968302483,0.35844058544821394,0.3701104087103023,0.380423977401434,0.3932714976500418]",,6.118804145030144e-13
S_mixed_xz_transient_M2D2,EC8CEFF6BC72E06E89CEAF006A775C4C340FD0C2E47CA061C55C30E7540EF1CF,xz,transient,S_mixed,M2,D2,base,1018,True,True,"{""source_id"":""S_mixed"",""integrated_model_power_W"":5e-07,""expected_model_power_W"":5e-07,""full_power_W"":1e-06,""symmetry_fraction"":0.5,""source_power_integration_relative_error"":0.0,""source_geometry_integration_relative_error"":1.8807909613156603e-16,""source_cell_count"":40,""vo2_source_support_volume_m3"":2.5e-21,""bulk_support_volume_m3"":2.5e-21,""expected_bulk_support_volume_m3"":2.4999999999999995e-21,""contact_support_volume_m3"":4.999999999999999e-22,""expected_contact_support_volume_m3"":5e-22,""bulk_support_volume_relative_error"":1.5046327690525283e-16,""contact_support_volume_relative_error"":1.8807909613156603e-16,""contact_support_fraction_of_half_x"":0.2,""contact_support_face_aligned"":true}","[4.285714285714286e-10,1.2857142857142856e-09,4.285714285714286e-09,1.2857142857142857e-08,4.285714285714286e-08,1.2857142857142858e-07,4.285714285714286e-07,1.2857142857142856e-06,5.22e-06]","[22978.82981092225,57884.938785945786,132104.80404214776,206137.738795783,239147.9965194867,251480.8890578516,263046.2281282836,273332.41355114063,286169.4757340193]","[27816.135028763427,63091.11238664567,137533.01672278234,211945.61750047962,245067.71457701418,257406.52450179902,268972.7425247132,279259.1525212646,292096.2948851341]",,"[0.03836765786082599,0.08209469047571055,0.1828892331816672,0.2888688753119095,0.3313718877384189,0.34429795986965644,0.35596680103007966,0.36628004202322967,0.37912682243212337]",,1.0091229597810205e-12
S_mixed_xz_transient_M3D2,7421C607371EF96279D52D656269775B854C8567ECC007F55C688B30F6129E10,xz,transient,S_mixed,M3,D2,base,1402,True,True,"{""source_id"":""S_mixed"",""integrated_model_power_W"":5e-07,""expected_model_power_W"":5e-07,""full_power_W"":1e-06,""symmetry_fraction"":0.5,""source_power_integration_relative_error"":0.0,""source_geometry_integration_relative_error"":3.7615819226313205e-16,""source_cell_count"":96,""vo2_source_support_volume_m3"":2.4999999999999995e-21,""bulk_support_volume_m3"":2.5e-21,""expected_bulk_support_volume_m3"":2.4999999999999995e-21,""contact_support_volume_m3"":5.000000000000001e-22,""expected_contact_support_volume_m3"":5e-22,""bulk_support_volume_relative_error"":1.5046327690525283e-16,""contact_support_volume_relative_error"":3.7615819226313205e-16,""contact_support_fraction_of_half_x"":0.2,""contact_support_face_aligned"":true}","[4.285714285714286e-10,1.2857142857142856e-09,4.285714285714286e-09,1.2857142857142857e-08,4.285714285714286e-08,1.2857142857142858e-07,4.285714285714286e-07,1.2857142857142856e-06,5.22e-06]","[22523.952076049576,56889.28420857693,130372.19589512148,203512.41866730744,236027.33436982564,248316.32025757627,259874.9702891521,270159.44998872845,282996.0572990068]","[27136.154767734755,61870.52029001592,135590.79440666654,209088.75393075065,241706.70435815316,254001.06547045594,265560.5129881886,275845.1961985212,288681.87613718637]",,"[0.03854425939538568,0.08150810958666752,0.1813597358329983,0.28852656754297945,0.3310341402989396,0.3439478487877546,0.355616851703515,0.3659302153976677,0.3787772005484566]",,9.496990652010617e-13
S_mixed_xz_transient_M3D3,A1A034FEE050437BF704879E3C7AA07F34AABF7BF2A41E56A8CCE427E9902730,xz,transient,S_mixed,M3,D3,base,1552,True,True,"{""source_id"":""S_mixed"",""integrated_model_power_W"":4.999999999999999e-07,""expected_model_power_W"":5e-07,""full_power_W"":1e-06,""symmetry_fraction"":0.5,""source_power_integration_relative_error"":2.1175823681357508e-16,""source_geometry_integration_relative_error"":5.642372883946981e-16,""source_cell_count"":96,""vo2_source_support_volume_m3"":2.4999999999999995e-21,""bulk_support_volume_m3"":2.5e-21,""expected_bulk_support_volume_m3"":2.4999999999999995e-21,""contact_support_volume_m3"":5.000000000000002e-22,""expected_contact_support_volume_m3"":5e-22,""bulk_support_volume_relative_error"":1.5046327690525283e-16,""contact_support_volume_relative_error"":5.642372883946981e-16,""contact_support_fraction_of_half_x"":0.2,""contact_support_face_aligned"":true}","[4.285714285714286e-10,1.2857142857142856e-09,4.285714285714286e-09,1.2857142857142857e-08,4.285714285714286e-08,1.2857142857142858e-07,4.285714285714286e-07,1.2857142857142856e-06,5.22e-06]","[22523.952076049572,56889.28420857693,130372.19589512148,203512.4186673073,236027.3343698253,248316.32025757362,259874.97028914976,270159.4499950384,282996.5201270896]","[27136.15476773476,61870.520290015935,135590.79440666657,209088.7539307506,241706.70435815287,254001.06547045344,265560.5129881863,275845.19620483095,288682.33896168496]",,"[0.03854425939538567,0.0815081095866675,0.1813597358329982,0.2885265675429793,0.3310341402989393,0.3439478487877522,0.35561685170351276,0.3659302154039417,0.378777662871286]",,6.244151422659744e-13
