structure,geometry,transition_width,pulse,seed,finite_result,interface_bc_residual,current_continuity_error,energy_balance_error,max_delta_T,max_m,conductance_ratio,mean_abs_power
pcm_only,uniform_crossbar,0.2,short_pulse,2026,True,0.0,0.0,1.3028756597474435e-05,0.019669596708922654,0.07000000002131064,16.077038094328746,2.694482067426562e-10
pcm_only,uniform_crossbar,0.2,short_pulse,2027,True,0.0,0.0,1.3028761382037417e-05,0.01998192601286064,0.070000000021314,16.077038094183667,2.7017806991995826e-10
pcm_only,uniform_crossbar,0.2,ltp_ltd,2026,True,0.0,0.0,6.612169537581764e-06,0.06913364569868463,0.07000000002126103,16.07703801342628,9.519033675273833e-10
pcm_only,uniform_crossbar,0.2,ltp_ltd,2027,True,0.0,0.0,6.612358313240397e-06,0.06994626540989657,0.07000000002126336,16.077038013022165,9.544349935990065e-10
pcm_only,uniform_crossbar,0.1,short_pulse,2026,True,0.0,0.0,1.3028757951241909e-05,0.01966959674194868,0.07,16.077038657746094,2.6944820719401386e-10
pcm_only,uniform_crossbar,0.1,short_pulse,2027,True,0.0,0.0,1.3028761436714937e-05,0.019981926046511944,0.07,16.07703865774609,2.701780703725727e-10
pcm_only,uniform_crossbar,0.1,ltp_ltd,2026,True,0.0,0.0,6.61216959381418e-06,0.06913364674983313,0.07,16.077038657746094,9.51903381985153e-10
pcm_only,uniform_crossbar,0.1,ltp_ltd,2027,True,0.0,0.0,6.61235827699153e-06,0.06994626647735913,0.07,16.077038657746087,9.544350080999769e-10
pcm_only,uniform_crossbar,0.05,short_pulse,2026,True,0.0,0.0,1.3028757951241909e-05,0.01966959674194868,0.07,16.077038657746094,2.6944820719401386e-10
pcm_only,uniform_crossbar,0.05,short_pulse,2027,True,0.0,0.0,1.3028761436714937e-05,0.019981926046511944,0.07,16.07703865774609,2.701780703725727e-10
pcm_only,uniform_crossbar,0.05,ltp_ltd,2026,True,0.0,0.0,6.61216959381418e-06,0.06913364674983313,0.07,16.077038657746094,9.51903381985153e-10
pcm_only,uniform_crossbar,0.05,ltp_ltd,2027,True,0.0,0.0,6.61235827699153e-06,0.06994626647735913,0.07,16.077038657746087,9.544350080999769e-10
pcm_only,localized_filament,0.2,short_pulse,2026,True,0.0,0.0,1.302884361741763e-05,0.04720219603603937,0.07000000002155381,16.077038074014574,2.8022237987023604e-10
pcm_only,localized_filament,0.2,short_pulse,2027,True,0.0,0.0,1.3028853003168082e-05,0.04742634268842494,0.07000000002155542,16.07703807381916,2.811779489233762e-10
pcm_only,localized_filament,0.2,ltp_ltd,2026,True,0.0,0.0,6.614954868248443e-06,0.15138902581259117,0.07000000002142921,16.07703794409017,9.892498604825547e-10
pcm_only,localized_filament,0.2,ltp_ltd,2027,True,0.0,0.0,6.615202390996674e-06,0.15197189063150063,0.07000000002143032,16.077037943426962,9.925595461862583e-10
pcm_only,localized_filament,0.1,short_pulse,2026,True,0.0,0.0,1.3028843940786327e-05,0.04720219611516541,0.07,16.07703865774609,2.802223803468666e-10
pcm_only,localized_filament,0.1,short_pulse,2027,True,0.0,0.0,1.3028851611272129e-05,0.047426342767835195,0.07,16.07703865774609,2.811779494016891e-10
pcm_only,localized_filament,0.1,ltp_ltd,2026,True,0.0,0.0,6.614955568875114e-06,0.1513890280606347,0.07,16.07703865774609,9.89249876656838e-10
pcm_only,localized_filament,0.1,ltp_ltd,2027,True,0.0,0.0,6.615202080114732e-06,0.15197189288778645,0.07,16.077038657746087,9.925595624229973e-10
pcm_only,localized_filament,0.05,short_pulse,2026,True,0.0,0.0,1.3028843940786327e-05,0.04720219611516541,0.07,16.07703865774609,2.802223803468666e-10
pcm_only,localized_filament,0.05,short_pulse,2027,True,0.0,0.0,1.3028851611272129e-05,0.047426342767835195,0.07,16.07703865774609,2.811779494016891e-10
pcm_only,localized_filament,0.05,ltp_ltd,2026,True,0.0,0.0,6.614955568875114e-06,0.1513890280606347,0.07,16.07703865774609,9.89249876656838e-10
pcm_only,localized_filament,0.05,ltp_ltd,2027,True,0.0,0.0,6.615202080114732e-06,0.15197189288778645,0.07,16.077038657746087,9.925595624229973e-10
pcm_only,edge_hotspot,0.2,short_pulse,2026,True,0.0,0.0,1.3029461306313065e-05,0.06448580502427603,0.07000000002168927,16.07703805565938,3.5630510489268024e-10
pcm_only,edge_hotspot,0.2,short_pulse,2027,True,0.0,0.0,1.3029466750561634e-05,0.06541448958995488,0.07000000002169918,16.077038055200745,3.5706751243651805e-10
pcm_only,edge_hotspot,0.2,ltp_ltd,2026,True,0.0,0.0,6.634568384986394e-06,0.21376366873943198,0.07000000002152265,16.077037884308975,1.2514504782430865e-09
pcm_only,edge_hotspot,0.2,ltp_ltd,2027,True,0.0,0.0,6.634764559117301e-06,0.21608022771874857,0.07000000002152948,16.07703788238179,1.254064503787471e-09
pcm_only,edge_hotspot,0.1,short_pulse,2026,True,0.0,0.0,1.302946095740768e-05,0.06448580512937951,0.07,16.077038657746087,3.5630510550358693e-10
pcm_only,edge_hotspot,0.1,short_pulse,2027,True,0.0,0.0,1.3029467301776922e-05,0.06541448969659314,0.07,16.077038657746087,3.570675130489265e-10
pcm_only,edge_hotspot,0.1,ltp_ltd,2026,True,0.0,0.0,6.634568405380181e-06,0.21376367142312347,0.07,16.077038657746087,1.2514504996171552e-09
pcm_only,edge_hotspot,0.1,ltp_ltd,2027,True,0.0,0.0,6.634764531376607e-06,0.21608023041892466,0.07,16.077038657746087,1.254064525242154e-09
pcm_only,edge_hotspot,0.05,short_pulse,2026,True,0.0,0.0,1.302946095740768e-05,0.06448580512937951,0.07,16.077038657746087,3.5630510550358693e-10
pcm_only,edge_hotspot,0.05,short_pulse,2027,True,0.0,0.0,1.3029467301776922e-05,0.06541448969659314,0.07,16.077038657746087,3.570675130489265e-10
pcm_only,edge_hotspot,0.05,ltp_ltd,2026,True,0.0,0.0,6.634568405380181e-06,0.21376367142312347,0.07,16.077038657746087,1.2514504996171552e-09
pcm_only,edge_hotspot,0.05,ltp_ltd,2027,True,0.0,0.0,6.634764531376607e-06,0.21608023041892466,0.07,16.077038657746087,1.254064525242154e-09
pcm_plus_electrodes,uniform_crossbar,0.2,short_pulse,2026,True,0.0,0.0,28789.396224978776,180.0,0.5145364079237,8.117491921864104,1.1013287924180237e-10
pcm_plus_electrodes,uniform_crossbar,0.2,short_pulse,2027,True,0.0,0.0,28711.438029936853,180.0,0.5145364079237,8.117538458634856,1.1043190506717843e-10
pcm_plus_electrodes,uniform_crossbar,0.2,ltp_ltd,2026,True,0.0,0.0,30737.101337186872,180.0,0.5145364079237522,8.117491921729219,1.0315436194275416e-10
pcm_plus_electrodes,uniform_crossbar,0.2,ltp_ltd,2027,True,0.0,0.0,30653.84754945558,180.0,0.514536407923752,8.117538458500755,1.0343451311097916e-10
pcm_plus_electrodes,uniform_crossbar,0.1,short_pulse,2026,True,0.0,0.0,28789.396220370607,180.0,0.5145364079228087,8.117491924299403,1.1013287925943017e-10
pcm_plus_electrodes,uniform_crossbar,0.1,short_pulse,2027,True,0.0,0.0,28711.438025341857,180.0,0.5145364079228087,8.117538461069563,1.1043190508485141e-10
pcm_plus_electrodes,uniform_crossbar,0.1,ltp_ltd,2026,True,0.0,0.0,30737.101333295734,180.0,0.5145364079228087,8.117491924299403,1.0315436195581249e-10
pcm_plus_electrodes,uniform_crossbar,0.1,ltp_ltd,2027,True,0.0,0.0,30653.847545576322,180.0,0.5145364079228087,8.117538461069564,1.0343451312406842e-10
pcm_plus_electrodes,uniform_crossbar,0.05,short_pulse,2026,True,0.0,0.0,28789.396220370607,180.0,0.5145364079228087,8.117491924299403,1.1013287925943017e-10
pcm_plus_electrodes,uniform_crossbar,0.05,short_pulse,2027,True,0.0,0.0,28711.438025341857,180.0,0.5145364079228087,8.117538461069563,1.1043190508485141e-10
pcm_plus_electrodes,uniform_crossbar,0.05,ltp_ltd,2026,True,0.0,0.0,30737.101333295734,180.0,0.5145364079228087,8.117491924299403,1.0315436195581249e-10
pcm_plus_electrodes,uniform_crossbar,0.05,ltp_ltd,2027,True,0.0,0.0,30653.847545576322,180.0,0.5145364079228087,8.117538461069564,1.0343451312406842e-10
pcm_plus_electrodes,localized_filament,0.2,short_pulse,2026,True,0.0,0.0,27673.713803616647,180.0,0.5145364079237862,8.111621530366511,1.145727920898991e-10
pcm_plus_electrodes,localized_filament,0.2,short_pulse,2027,True,0.0,0.0,27579.460841243817,180.0,0.5145364079237853,8.111713355030856,1.1496433105380395e-10
pcm_plus_electrodes,localized_filament,0.2,ltp_ltd,2026,True,0.0,0.0,29542.04873994876,180.0,0.5145364079238917,8.111621530248836,1.0732708254587302e-10
pcm_plus_electrodes,localized_filament,0.2,ltp_ltd,2027,True,0.0,0.0,29441.422356181673,180.0,0.5145364079238904,8.111713354913626,1.0769389802274546e-10
pcm_plus_electrodes,localized_filament,0.1,short_pulse,2026,True,0.0,0.0,27673.713799126792,180.0,0.5145364079228087,8.111621532850513,1.1457279210848701e-10
pcm_plus_electrodes,localized_filament,0.1,short_pulse,2027,True,0.0,0.0,27579.460836770362,180.0,0.5145364079228087,8.111713357513883,1.1496433107245076e-10
pcm_plus_electrodes,localized_filament,0.1,ltp_ltd,2026,True,0.0,0.0,29542.04873617655,180.0,0.5145364079228087,8.111621532850513,1.0732708255957711e-10
pcm_plus_electrodes,localized_filament,0.1,ltp_ltd,2027,True,0.0,0.0,29441.42235242367,180.0,0.5145364079228087,8.111713357513885,1.0769389803649142e-10
pcm_plus_electrodes,localized_filament,0.05,short_pulse,2026,True,0.0,0.0,27673.713799126792,180.0,0.5145364079228087,8.111621532850513,1.1457279210848701e-10
pcm_plus_electrodes,localized_filament,0.05,short_pulse,2027,True,0.0,0.0,27579.460836770362,180.0,0.5145364079228087,8.111713357513883,1.1496433107245076e-10
pcm_plus_electrodes,localized_filament,0.05,ltp_ltd,2026,True,0.0,0.0,29542.04873617655,180.0,0.5145364079228087,8.111621532850513,1.0732708255957711e-10
pcm_plus_electrodes,localized_filament,0.05,ltp_ltd,2027,True,0.0,0.0,29441.42235242367,180.0,0.5145364079228087,8.111713357513885,1.0769389803649142e-10
pcm_plus_electrodes,edge_hotspot,0.2,short_pulse,2026,True,0.0,0.0,21750.771181199732,180.0,0.5145364079237026,8.117852437918812,1.457706227394373e-10
pcm_plus_electrodes,edge_hotspot,0.2,short_pulse,2027,True,0.0,0.0,21704.133136885466,180.0,0.5145364079237024,8.117834603415723,1.460838415858809e-10
pcm_plus_electrodes,edge_hotspot,0.2,ltp_ltd,2026,True,0.0,0.0,23218.124679980025,180.0,0.5145364079237578,8.117852437840408,1.3655851693251505e-10
pcm_plus_electrodes,edge_hotspot,0.2,ltp_ltd,2027,True,0.0,0.0,23168.294795143825,180.0,0.5145364079237572,8.117834603337668,1.368522114636743e-10
pcm_plus_electrodes,edge_hotspot,0.1,short_pulse,2026,True,0.0,0.0,21750.771177726172,180.0,0.5145364079228087,8.11785244034219,1.4577062276271555e-10
pcm_plus_electrodes,edge_hotspot,0.1,short_pulse,2027,True,0.0,0.0,21704.133133419404,180.0,0.5145364079228087,8.117834605838976,1.4608384160920884e-10
pcm_plus_electrodes,edge_hotspot,0.1,ltp_ltd,2026,True,0.0,0.0,23218.124677090764,180.0,0.5145364079228087,8.117852440342189,1.3655851694950766e-10
pcm_plus_electrodes,edge_hotspot,0.1,ltp_ltd,2027,True,0.0,0.0,23168.294792261087,180.0,0.5145364079228087,8.117834605838974,1.368522114807015e-10
pcm_plus_electrodes,edge_hotspot,0.05,short_pulse,2026,True,0.0,0.0,21750.771177726172,180.0,0.5145364079228087,8.11785244034219,1.4577062276271555e-10
pcm_plus_electrodes,edge_hotspot,0.05,short_pulse,2027,True,0.0,0.0,21704.133133419404,180.0,0.5145364079228087,8.117834605838976,1.4608384160920884e-10
pcm_plus_electrodes,edge_hotspot,0.05,ltp_ltd,2026,True,0.0,0.0,23218.124677090764,180.0,0.5145364079228087,8.117852440342189,1.3655851694950766e-10
pcm_plus_electrodes,edge_hotspot,0.05,ltp_ltd,2027,True,0.0,0.0,23168.294792261087,180.0,0.5145364079228087,8.117834605838974,1.368522114807015e-10
pcm_plus_electrodes_substrate,uniform_crossbar,0.2,short_pulse,2026,True,0.0,0.0,35111111168.67801,180.0,0.5079128773199403,1.000000000002096,8.307692293834705e-17
pcm_plus_electrodes_substrate,uniform_crossbar,0.2,short_pulse,2027,True,0.0,0.0,35111111168.67814,180.0,0.5079128773199403,1.0000000000021017,8.307692293834673e-17
pcm_plus_electrodes_substrate,uniform_crossbar,0.2,ltp_ltd,2026,True,0.0,0.0,24223582685.121243,180.0,0.5066107659883523,1.0000000000020952,1.2041666646586967e-16
pcm_plus_electrodes_substrate,uniform_crossbar,0.2,ltp_ltd,2027,True,0.0,0.0,24223582685.121296,180.0,0.5066107659883523,1.000000000002101,1.2041666646586937e-16
pcm_plus_electrodes_substrate,uniform_crossbar,0.1,short_pulse,2026,True,0.0,0.0,35111111168.67801,180.0,0.5079129134306216,1.000000000002096,8.307692293834705e-17
pcm_plus_electrodes_substrate,uniform_crossbar,0.1,short_pulse,2027,True,0.0,0.0,35111111168.67814,180.0,0.5079129134306216,1.0000000000021017,8.307692293834673e-17
pcm_plus_electrodes_substrate,uniform_crossbar,0.1,ltp_ltd,2026,True,0.0,0.0,24223582685.1209,180.0,0.5076495740499152,1.0000000000020957,1.2041666646587134e-16
pcm_plus_electrodes_substrate,uniform_crossbar,0.1,ltp_ltd,2027,True,0.0,0.0,24223582685.120953,180.0,0.5076495740499152,1.0000000000021014,1.2041666646587107e-16
pcm_plus_electrodes_substrate,uniform_crossbar,0.05,short_pulse,2026,True,0.0,0.0,35111111168.67801,180.0,0.5079129134307725,1.000000000002096,8.307692293834705e-17
pcm_plus_electrodes_substrate,uniform_crossbar,0.05,short_pulse,2027,True,0.0,0.0,35111111168.67814,180.0,0.5079129134307725,1.0000000000021017,8.307692293834673e-17
pcm_plus_electrodes_substrate,uniform_crossbar,0.05,ltp_ltd,2026,True,0.0,0.0,24223582685.120823,180.0,0.5079043945350195,1.0000000000020959,1.2041666646587174e-16
pcm_plus_electrodes_substrate,uniform_crossbar,0.05,ltp_ltd,2027,True,0.0,0.0,24223582685.120876,180.0,0.5079043945350195,1.0000000000021017,1.2041666646587147e-16
pcm_plus_electrodes_substrate,localized_filament,0.2,short_pulse,2026,True,0.0,0.0,35111111168.69539,180.0,0.5079128773199403,1.0000000000028488,8.307692293830592e-17
pcm_plus_electrodes_substrate,localized_filament,0.2,short_pulse,2027,True,0.0,0.0,35111111168.695526,180.0,0.5079128773199403,1.0000000000028548,8.307692293830561e-17
pcm_plus_electrodes_substrate,localized_filament,0.2,ltp_ltd,2026,True,0.0,0.0,24223582685.128647,180.0,0.5066107659883523,1.000000000002848,1.2041666646583284e-16
pcm_plus_electrodes_substrate,localized_filament,0.2,ltp_ltd,2027,True,0.0,0.0,24223582685.128708,180.0,0.5066107659883523,1.000000000002854,1.2041666646583254e-16
pcm_plus_electrodes_substrate,localized_filament,0.1,short_pulse,2026,True,0.0,0.0,35111111168.69539,180.0,0.5079129134306216,1.0000000000028488,8.307692293830592e-17
pcm_plus_electrodes_substrate,localized_filament,0.1,short_pulse,2027,True,0.0,0.0,35111111168.695526,180.0,0.5079129134306216,1.0000000000028548,8.307692293830561e-17
pcm_plus_electrodes_substrate,localized_filament,0.1,ltp_ltd,2026,True,0.0,0.0,24223582685.128178,180.0,0.5076495740499152,1.0000000000028486,1.2041666646583518e-16
pcm_plus_electrodes_substrate,localized_filament,0.1,ltp_ltd,2027,True,0.0,0.0,24223582685.128242,180.0,0.5076495740499152,1.0000000000028546,1.2041666646583486e-16
pcm_plus_electrodes_substrate,localized_filament,0.05,short_pulse,2026,True,0.0,0.0,35111111168.69539,180.0,0.5079129134307725,1.0000000000028488,8.307692293830592e-17
pcm_plus_electrodes_substrate,localized_filament,0.05,short_pulse,2027,True,0.0,0.0,35111111168.695526,180.0,0.5079129134307725,1.0000000000028548,8.307692293830561e-17
pcm_plus_electrodes_substrate,localized_filament,0.05,ltp_ltd,2026,True,0.0,0.0,24223582685.12808,180.0,0.5079043945350195,1.0000000000028486,1.2041666646583567e-16
pcm_plus_electrodes_substrate,localized_filament,0.05,ltp_ltd,2027,True,0.0,0.0,24223582685.128136,180.0,0.5079043945350195,1.0000000000028546,1.2041666646583538e-16
pcm_plus_electrodes_substrate,edge_hotspot,0.2,short_pulse,2026,True,0.0,0.0,35111111168.70519,180.0,0.5079128773199403,1.0000000000032736,8.307692293828274e-17
pcm_plus_electrodes_substrate,edge_hotspot,0.2,short_pulse,2027,True,0.0,0.0,35111111168.70539,180.0,0.5079128773199403,1.0000000000032827,8.307692293828224e-17
pcm_plus_electrodes_substrate,edge_hotspot,0.2,ltp_ltd,2026,True,0.0,0.0,24223582685.132824,180.0,0.5066107659883523,1.0000000000032727,1.2041666646581208e-16
pcm_plus_electrodes_substrate,edge_hotspot,0.2,ltp_ltd,2027,True,0.0,0.0,24223582685.132915,180.0,0.5066107659883523,1.000000000003282,1.2041666646581164e-16
pcm_plus_electrodes_substrate,edge_hotspot,0.1,short_pulse,2026,True,0.0,0.0,35111111168.70519,180.0,0.5079129134306216,1.0000000000032736,8.307692293828274e-17
pcm_plus_electrodes_substrate,edge_hotspot,0.1,short_pulse,2027,True,0.0,0.0,35111111168.70539,180.0,0.5079129134306216,1.0000000000032827,8.307692293828224e-17
pcm_plus_electrodes_substrate,edge_hotspot,0.1,ltp_ltd,2026,True,0.0,0.0,24223582685.13229,180.0,0.5076495740499152,1.0000000000032736,1.2041666646581474e-16
pcm_plus_electrodes_substrate,edge_hotspot,0.1,ltp_ltd,2027,True,0.0,0.0,24223582685.132385,180.0,0.5076495740499152,1.0000000000032827,1.2041666646581427e-16
pcm_plus_electrodes_substrate,edge_hotspot,0.05,short_pulse,2026,True,0.0,0.0,35111111168.70519,180.0,0.5079129134307725,1.0000000000032736,8.307692293828274e-17
pcm_plus_electrodes_substrate,edge_hotspot,0.05,short_pulse,2027,True,0.0,0.0,35111111168.70539,180.0,0.5079129134307725,1.0000000000032827,8.307692293828224e-17
pcm_plus_electrodes_substrate,edge_hotspot,0.05,ltp_ltd,2026,True,0.0,0.0,24223582685.13217,180.0,0.5079043945350195,1.0000000000032736,1.2041666646581533e-16
pcm_plus_electrodes_substrate,edge_hotspot,0.05,ltp_ltd,2027,True,0.0,0.0,24223582685.13226,180.0,0.5079043945350195,1.000000000003283,1.2041666646581487e-16
full_stack_with_contact_resistance,uniform_crossbar,0.2,short_pulse,2026,True,0.0,0.0,35111111169.1169,180.0,0.5079128773199403,1.0000000000020959,8.307692293730858e-17
full_stack_with_contact_resistance,uniform_crossbar,0.2,short_pulse,2027,True,0.0,0.0,35111111169.11704,180.0,0.5079128773199403,1.0000000000021019,8.307692293730825e-17
full_stack_with_contact_resistance,uniform_crossbar,0.2,ltp_ltd,2026,True,0.0,0.0,24223582685.424038,180.0,0.5066107659883523,1.0000000000020952,1.2041666646436445e-16
full_stack_with_contact_resistance,uniform_crossbar,0.2,ltp_ltd,2027,True,0.0,0.0,24223582685.424095,180.0,0.5066107659883523,1.000000000002101,1.2041666646436415e-16
full_stack_with_contact_resistance,uniform_crossbar,0.1,short_pulse,2026,True,0.0,0.0,35111111169.1169,180.0,0.5079129134306216,1.0000000000020959,8.307692293730858e-17
full_stack_with_contact_resistance,uniform_crossbar,0.1,short_pulse,2027,True,0.0,0.0,35111111169.11704,180.0,0.5079129134306216,1.0000000000021019,8.307692293730825e-17
full_stack_with_contact_resistance,uniform_crossbar,0.1,ltp_ltd,2026,True,0.0,0.0,24223582685.423695,180.0,0.5076495740499152,1.0000000000020959,1.2041666646436615e-16
full_stack_with_contact_resistance,uniform_crossbar,0.1,ltp_ltd,2027,True,0.0,0.0,24223582685.423748,180.0,0.5076495740499152,1.0000000000021014,1.2041666646436588e-16
full_stack_with_contact_resistance,uniform_crossbar,0.05,short_pulse,2026,True,0.0,0.0,35111111169.1169,180.0,0.5079129134307725,1.0000000000020959,8.307692293730858e-17
full_stack_with_contact_resistance,uniform_crossbar,0.05,short_pulse,2027,True,0.0,0.0,35111111169.11704,180.0,0.5079129134307725,1.0000000000021019,8.307692293730825e-17
full_stack_with_contact_resistance,uniform_crossbar,0.05,ltp_ltd,2026,True,0.0,0.0,24223582685.42362,180.0,0.5079043945350195,1.0000000000020959,1.2041666646436652e-16
full_stack_with_contact_resistance,uniform_crossbar,0.05,ltp_ltd,2027,True,0.0,0.0,24223582685.423676,180.0,0.5079043945350195,1.0000000000021014,1.2041666646436625e-16
full_stack_with_contact_resistance,localized_filament,0.2,short_pulse,2026,True,0.0,0.0,35111111169.13428,180.0,0.5079128773199403,1.0000000000028488,8.307692293726745e-17
full_stack_with_contact_resistance,localized_filament,0.2,short_pulse,2027,True,0.0,0.0,35111111169.134415,180.0,0.5079128773199403,1.0000000000028548,8.307692293726713e-17
full_stack_with_contact_resistance,localized_filament,0.2,ltp_ltd,2026,True,0.0,0.0,24223582685.431446,180.0,0.5066107659883523,1.0000000000028482,1.2041666646432762e-16
full_stack_with_contact_resistance,localized_filament,0.2,ltp_ltd,2027,True,0.0,0.0,24223582685.431503,180.0,0.5066107659883523,1.0000000000028542,1.2041666646432735e-16
full_stack_with_contact_resistance,localized_filament,0.1,short_pulse,2026,True,0.0,0.0,35111111169.13428,180.0,0.5079129134306216,1.0000000000028488,8.307692293726745e-17
full_stack_with_contact_resistance,localized_filament,0.1,short_pulse,2027,True,0.0,0.0,35111111169.134415,180.0,0.5079129134306216,1.0000000000028548,8.307692293726713e-17
full_stack_with_contact_resistance,localized_filament,0.1,ltp_ltd,2026,True,0.0,0.0,24223582685.43098,180.0,0.5076495740499152,1.0000000000028488,1.204166664643299e-16
full_stack_with_contact_resistance,localized_filament,0.1,ltp_ltd,2027,True,0.0,0.0,24223582685.431038,180.0,0.5076495740499152,1.0000000000028548,1.2041666646432964e-16
full_stack_with_contact_resistance,localized_filament,0.05,short_pulse,2026,True,0.0,0.0,35111111169.13428,180.0,0.5079129134307725,1.0000000000028488,8.307692293726745e-17
full_stack_with_contact_resistance,localized_filament,0.05,short_pulse,2027,True,0.0,0.0,35111111169.134415,180.0,0.5079129134307725,1.0000000000028548,8.307692293726713e-17
full_stack_with_contact_resistance,localized_filament,0.05,ltp_ltd,2026,True,0.0,0.0,24223582685.430878,180.0,0.5079043945350195,1.000000000002849,1.2041666646433045e-16
full_stack_with_contact_resistance,localized_filament,0.05,ltp_ltd,2027,True,0.0,0.0,24223582685.430935,180.0,0.5079043945350195,1.0000000000028548,1.2041666646433016e-16
full_stack_with_contact_resistance,edge_hotspot,0.2,short_pulse,2026,True,0.0,0.0,35111111169.14408,180.0,0.5079128773199403,1.0000000000032736,8.307692293724427e-17
full_stack_with_contact_resistance,edge_hotspot,0.2,short_pulse,2027,True,0.0,0.0,35111111169.144295,180.0,0.5079128773199403,1.000000000003283,8.307692293724377e-17
full_stack_with_contact_resistance,edge_hotspot,0.2,ltp_ltd,2026,True,0.0,0.0,24223582685.435623,180.0,0.5066107659883523,1.000000000003273,1.2041666646430684e-16
full_stack_with_contact_resistance,edge_hotspot,0.2,ltp_ltd,2027,True,0.0,0.0,24223582685.435707,180.0,0.5066107659883523,1.0000000000032818,1.2041666646430642e-16
full_stack_with_contact_resistance,edge_hotspot,0.1,short_pulse,2026,True,0.0,0.0,35111111169.14408,180.0,0.5079129134306216,1.0000000000032736,8.307692293724427e-17
full_stack_with_contact_resistance,edge_hotspot,0.1,short_pulse,2027,True,0.0,0.0,35111111169.144295,180.0,0.5079129134306216,1.000000000003283,8.307692293724377e-17
full_stack_with_contact_resistance,edge_hotspot,0.1,ltp_ltd,2026,True,0.0,0.0,24223582685.43509,180.0,0.5076495740499152,1.0000000000032734,1.204166664643095e-16
full_stack_with_contact_resistance,edge_hotspot,0.1,ltp_ltd,2027,True,0.0,0.0,24223582685.435177,180.0,0.5076495740499152,1.0000000000032825,1.2041666646430908e-16
full_stack_with_contact_resistance,edge_hotspot,0.05,short_pulse,2026,True,0.0,0.0,35111111169.14408,180.0,0.5079129134307725,1.0000000000032736,8.307692293724427e-17
full_stack_with_contact_resistance,edge_hotspot,0.05,short_pulse,2027,True,0.0,0.0,35111111169.144295,180.0,0.5079129134307725,1.000000000003283,8.307692293724377e-17
full_stack_with_contact_resistance,edge_hotspot,0.05,ltp_ltd,2026,True,0.0,0.0,24223582685.43497,180.0,0.5079043945350195,1.0000000000032738,1.204166664643101e-16
full_stack_with_contact_resistance,edge_hotspot,0.05,ltp_ltd,2027,True,0.0,0.0,24223582685.435055,180.0,0.5079043945350195,1.0000000000032827,1.2041666646430967e-16
full_stack_with_thermal_boundary_resistance,uniform_crossbar,0.2,short_pulse,2026,True,0.0,0.0,35111111168.697495,180.0,0.4992618185904937,1.0000000000027596,8.307692293830093e-17
full_stack_with_thermal_boundary_resistance,uniform_crossbar,0.2,short_pulse,2027,True,0.0,0.0,35111111168.697685,180.0,0.4992618185904937,1.0000000000027678,8.307692293830048e-17
full_stack_with_thermal_boundary_resistance,uniform_crossbar,0.2,ltp_ltd,2026,True,0.0,0.0,24223582685.128284,180.0,0.4992618185902272,1.0000000000027596,1.2041666646583464e-16
full_stack_with_thermal_boundary_resistance,uniform_crossbar,0.2,ltp_ltd,2027,True,0.0,0.0,24223582685.12837,180.0,0.4992618185902272,1.0000000000027673,1.2041666646583424e-16
full_stack_with_thermal_boundary_resistance,uniform_crossbar,0.1,short_pulse,2026,True,0.0,0.0,35111111168.697495,180.0,0.49926181858403107,1.0000000000027596,8.307692293830093e-17
full_stack_with_thermal_boundary_resistance,uniform_crossbar,0.1,short_pulse,2027,True,0.0,0.0,35111111168.697685,180.0,0.49926181858403107,1.0000000000027678,8.307692293830048e-17
full_stack_with_thermal_boundary_resistance,uniform_crossbar,0.1,ltp_ltd,2026,True,0.0,0.0,24223582685.128284,180.0,0.49926181858403107,1.0000000000027596,1.2041666646583464e-16
full_stack_with_thermal_boundary_resistance,uniform_crossbar,0.1,ltp_ltd,2027,True,0.0,0.0,24223582685.12837,180.0,0.49926181858403107,1.0000000000027673,1.2041666646583424e-16
full_stack_with_thermal_boundary_resistance,uniform_crossbar,0.05,short_pulse,2026,True,0.0,0.0,35111111168.697495,180.0,0.49926181858403107,1.0000000000027596,8.307692293830093e-17
full_stack_with_thermal_boundary_resistance,uniform_crossbar,0.05,short_pulse,2027,True,0.0,0.0,35111111168.697685,180.0,0.49926181858403107,1.0000000000027678,8.307692293830048e-17
full_stack_with_thermal_boundary_resistance,uniform_crossbar,0.05,ltp_ltd,2026,True,0.0,0.0,24223582685.128284,180.0,0.49926181858403107,1.0000000000027596,1.2041666646583464e-16
full_stack_with_thermal_boundary_resistance,uniform_crossbar,0.05,ltp_ltd,2027,True,0.0,0.0,24223582685.12837,180.0,0.49926181858403107,1.0000000000027673,1.2041666646583424e-16
full_stack_with_thermal_boundary_resistance,localized_filament,0.2,short_pulse,2026,True,0.0,0.0,35111111168.72187,180.0,0.4992618185904937,1.0000000000037512,8.307692293824326e-17
full_stack_with_thermal_boundary_resistance,localized_filament,0.2,short_pulse,2027,True,0.0,0.0,35111111168.72206,180.0,0.4992618185904937,1.000000000003759,8.30769229382428e-17
full_stack_with_thermal_boundary_resistance,localized_filament,0.2,ltp_ltd,2026,True,0.0,0.0,24223582685.138226,180.0,0.4992618185902272,1.0000000000037512,1.2041666646578523e-16
full_stack_with_thermal_boundary_resistance,localized_filament,0.2,ltp_ltd,2027,True,0.0,0.0,24223582685.138306,180.0,0.4992618185902272,1.000000000003759,1.2041666646578482e-16
full_stack_with_thermal_boundary_resistance,localized_filament,0.1,short_pulse,2026,True,0.0,0.0,35111111168.72187,180.0,0.49926181858403107,1.0000000000037512,8.307692293824326e-17
full_stack_with_thermal_boundary_resistance,localized_filament,0.1,short_pulse,2027,True,0.0,0.0,35111111168.72206,180.0,0.49926181858403107,1.000000000003759,8.30769229382428e-17
full_stack_with_thermal_boundary_resistance,localized_filament,0.1,ltp_ltd,2026,True,0.0,0.0,24223582685.138226,180.0,0.49926181858403107,1.0000000000037512,1.2041666646578523e-16
full_stack_with_thermal_boundary_resistance,localized_filament,0.1,ltp_ltd,2027,True,0.0,0.0,24223582685.138306,180.0,0.49926181858403107,1.000000000003759,1.2041666646578482e-16
full_stack_with_thermal_boundary_resistance,localized_filament,0.05,short_pulse,2026,True,0.0,0.0,35111111168.72187,180.0,0.49926181858403107,1.0000000000037512,8.307692293824326e-17
full_stack_with_thermal_boundary_resistance,localized_filament,0.05,short_pulse,2027,True,0.0,0.0,35111111168.72206,180.0,0.49926181858403107,1.000000000003759,8.30769229382428e-17
full_stack_with_thermal_boundary_resistance,localized_filament,0.05,ltp_ltd,2026,True,0.0,0.0,24223582685.138226,180.0,0.49926181858403107,1.0000000000037512,1.2041666646578523e-16
full_stack_with_thermal_boundary_resistance,localized_filament,0.05,ltp_ltd,2027,True,0.0,0.0,24223582685.138306,180.0,0.49926181858403107,1.000000000003759,1.2041666646578482e-16
full_stack_with_thermal_boundary_resistance,edge_hotspot,0.2,short_pulse,2026,True,0.0,0.0,35111111168.735634,180.0,0.4992618185904937,1.0000000000043108,8.30769229382107e-17
full_stack_with_thermal_boundary_resistance,edge_hotspot,0.2,short_pulse,2027,True,0.0,0.0,35111111168.73592,180.0,0.4992618185904937,1.0000000000043225,8.307692293821e-17
full_stack_with_thermal_boundary_resistance,edge_hotspot,0.2,ltp_ltd,2026,True,0.0,0.0,24223582685.143833,180.0,0.4992618185902272,1.0000000000043106,1.2041666646575735e-16
full_stack_with_thermal_boundary_resistance,edge_hotspot,0.2,ltp_ltd,2027,True,0.0,0.0,24223582685.14396,180.0,0.4992618185902272,1.000000000004323,1.2041666646575674e-16
full_stack_with_thermal_boundary_resistance,edge_hotspot,0.1,short_pulse,2026,True,0.0,0.0,35111111168.735634,180.0,0.49926181858403107,1.0000000000043108,8.30769229382107e-17
full_stack_with_thermal_boundary_resistance,edge_hotspot,0.1,short_pulse,2027,True,0.0,0.0,35111111168.73592,180.0,0.49926181858403107,1.0000000000043225,8.307692293821e-17
full_stack_with_thermal_boundary_resistance,edge_hotspot,0.1,ltp_ltd,2026,True,0.0,0.0,24223582685.143833,180.0,0.49926181858403107,1.0000000000043106,1.2041666646575735e-16
full_stack_with_thermal_boundary_resistance,edge_hotspot,0.1,ltp_ltd,2027,True,0.0,0.0,24223582685.14396,180.0,0.49926181858403107,1.000000000004323,1.2041666646575674e-16
full_stack_with_thermal_boundary_resistance,edge_hotspot,0.05,short_pulse,2026,True,0.0,0.0,35111111168.735634,180.0,0.49926181858403107,1.0000000000043108,8.30769229382107e-17
full_stack_with_thermal_boundary_resistance,edge_hotspot,0.05,short_pulse,2027,True,0.0,0.0,35111111168.73592,180.0,0.49926181858403107,1.0000000000043225,8.307692293821e-17
full_stack_with_thermal_boundary_resistance,edge_hotspot,0.05,ltp_ltd,2026,True,0.0,0.0,24223582685.143833,180.0,0.49926181858403107,1.0000000000043106,1.2041666646575735e-16
full_stack_with_thermal_boundary_resistance,edge_hotspot,0.05,ltp_ltd,2027,True,0.0,0.0,24223582685.14396,180.0,0.49926181858403107,1.000000000004323,1.2041666646575674e-16
full_stack_with_SnSe_barrier,uniform_crossbar,0.2,short_pulse,2026,True,0.0,0.0,46361111297.84711,180.0,0.5075579355274925,1.0000000000024059,8.307692274050903e-17
full_stack_with_SnSe_barrier,uniform_crossbar,0.2,short_pulse,2027,True,0.0,0.0,46361111297.86161,180.0,0.5075579355274925,1.000000000002413,8.307692274048305e-17
full_stack_with_SnSe_barrier,uniform_crossbar,0.2,ltp_ltd,2026,True,0.0,0.0,31985094618.784405,180.0,0.507557935527585,1.0000000000024059,1.2041666617912987e-16
full_stack_with_SnSe_barrier,uniform_crossbar,0.2,ltp_ltd,2027,True,0.0,0.0,31985094618.79436,180.0,0.507557935527585,1.000000000002413,1.204166661790924e-16
full_stack_with_SnSe_barrier,uniform_crossbar,0.1,short_pulse,2026,True,0.0,0.0,46361111297.84711,180.0,0.5075579355228398,1.0000000000024059,8.307692274050903e-17
full_stack_with_SnSe_barrier,uniform_crossbar,0.1,short_pulse,2027,True,0.0,0.0,46361111297.86161,180.0,0.5075579355228398,1.000000000002413,8.307692274048305e-17
full_stack_with_SnSe_barrier,uniform_crossbar,0.1,ltp_ltd,2026,True,0.0,0.0,31985094618.784405,180.0,0.5075579355228398,1.0000000000024059,1.2041666617912987e-16
full_stack_with_SnSe_barrier,uniform_crossbar,0.1,ltp_ltd,2027,True,0.0,0.0,31985094618.79436,180.0,0.5075579355228398,1.000000000002413,1.204166661790924e-16
full_stack_with_SnSe_barrier,uniform_crossbar,0.05,short_pulse,2026,True,0.0,0.0,46361111297.84711,180.0,0.5075579355228398,1.0000000000024059,8.307692274050903e-17
full_stack_with_SnSe_barrier,uniform_crossbar,0.05,short_pulse,2027,True,0.0,0.0,46361111297.86161,180.0,0.5075579355228398,1.000000000002413,8.307692274048305e-17
full_stack_with_SnSe_barrier,uniform_crossbar,0.05,ltp_ltd,2026,True,0.0,0.0,31985094618.784405,180.0,0.5075579355228398,1.0000000000024059,1.2041666617912987e-16
full_stack_with_SnSe_barrier,uniform_crossbar,0.05,ltp_ltd,2027,True,0.0,0.0,31985094618.79436,180.0,0.5075579355228398,1.000000000002413,1.204166661790924e-16
full_stack_with_SnSe_barrier,localized_filament,0.2,short_pulse,2026,True,0.0,0.0,46361111298.164925,180.0,0.5075579355274925,1.0000000000032707,8.307692273993952e-17
full_stack_with_SnSe_barrier,localized_filament,0.2,short_pulse,2027,True,0.0,0.0,46361111298.18175,180.0,0.5075579355274925,1.0000000000032772,8.307692273990936e-17
full_stack_with_SnSe_barrier,localized_filament,0.2,ltp_ltd,2026,True,0.0,0.0,31985094618.995876,180.0,0.507557935527585,1.0000000000032707,1.2041666617833374e-16
full_stack_with_SnSe_barrier,localized_filament,0.2,ltp_ltd,2027,True,0.0,0.0,31985094619.00742,180.0,0.507557935527585,1.0000000000032774,1.2041666617829028e-16
full_stack_with_SnSe_barrier,localized_filament,0.1,short_pulse,2026,True,0.0,0.0,46361111298.164925,180.0,0.5075579355228398,1.0000000000032707,8.307692273993952e-17
full_stack_with_SnSe_barrier,localized_filament,0.1,short_pulse,2027,True,0.0,0.0,46361111298.18175,180.0,0.5075579355228398,1.0000000000032772,8.307692273990936e-17
full_stack_with_SnSe_barrier,localized_filament,0.1,ltp_ltd,2026,True,0.0,0.0,31985094618.995876,180.0,0.5075579355228398,1.0000000000032707,1.2041666617833374e-16
full_stack_with_SnSe_barrier,localized_filament,0.1,ltp_ltd,2027,True,0.0,0.0,31985094619.00742,180.0,0.5075579355228398,1.0000000000032774,1.2041666617829028e-16
full_stack_with_SnSe_barrier,localized_filament,0.05,short_pulse,2026,True,0.0,0.0,46361111298.164925,180.0,0.5075579355228398,1.0000000000032707,8.307692273993952e-17
full_stack_with_SnSe_barrier,localized_filament,0.05,short_pulse,2027,True,0.0,0.0,46361111298.18175,180.0,0.5075579355228398,1.0000000000032772,8.307692273990936e-17
full_stack_with_SnSe_barrier,localized_filament,0.05,ltp_ltd,2026,True,0.0,0.0,31985094618.995876,180.0,0.5075579355228398,1.0000000000032707,1.2041666617833374e-16
full_stack_with_SnSe_barrier,localized_filament,0.05,ltp_ltd,2027,True,0.0,0.0,31985094619.00742,180.0,0.5075579355228398,1.0000000000032774,1.2041666617829028e-16
full_stack_with_SnSe_barrier,edge_hotspot,0.2,short_pulse,2026,True,0.0,0.0,46361111299.23522,180.0,0.5075579355274925,1.0000000000037583,8.307692273802159e-17
full_stack_with_SnSe_barrier,edge_hotspot,0.2,short_pulse,2027,True,0.0,0.0,46361111299.244675,180.0,0.5075579355274925,1.0000000000037688,8.307692273800466e-17
full_stack_with_SnSe_barrier,edge_hotspot,0.2,ltp_ltd,2026,True,0.0,0.0,31985094619.72988,180.0,0.507557935527585,1.0000000000037585,1.2041666617557036e-16
full_stack_with_SnSe_barrier,edge_hotspot,0.2,ltp_ltd,2027,True,0.0,0.0,31985094619.73631,180.0,0.507557935527585,1.0000000000037692,1.2041666617554617e-16
full_stack_with_SnSe_barrier,edge_hotspot,0.1,short_pulse,2026,True,0.0,0.0,46361111299.23522,180.0,0.5075579355228398,1.0000000000037583,8.307692273802159e-17
full_stack_with_SnSe_barrier,edge_hotspot,0.1,short_pulse,2027,True,0.0,0.0,46361111299.244675,180.0,0.5075579355228398,1.0000000000037688,8.307692273800466e-17
full_stack_with_SnSe_barrier,edge_hotspot,0.1,ltp_ltd,2026,True,0.0,0.0,31985094619.72988,180.0,0.5075579355228398,1.0000000000037585,1.2041666617557036e-16
full_stack_with_SnSe_barrier,edge_hotspot,0.1,ltp_ltd,2027,True,0.0,0.0,31985094619.73631,180.0,0.5075579355228398,1.0000000000037692,1.2041666617554617e-16
full_stack_with_SnSe_barrier,edge_hotspot,0.05,short_pulse,2026,True,0.0,0.0,46361111299.23522,180.0,0.5075579355228398,1.0000000000037583,8.307692273802159e-17
full_stack_with_SnSe_barrier,edge_hotspot,0.05,short_pulse,2027,True,0.0,0.0,46361111299.244675,180.0,0.5075579355228398,1.0000000000037688,8.307692273800466e-17
full_stack_with_SnSe_barrier,edge_hotspot,0.05,ltp_ltd,2026,True,0.0,0.0,31985094619.72988,180.0,0.5075579355228398,1.0000000000037585,1.2041666617557036e-16
full_stack_with_SnSe_barrier,edge_hotspot,0.05,ltp_ltd,2027,True,0.0,0.0,31985094619.73631,180.0,0.5075579355228398,1.0000000000037692,1.2041666617554617e-16
