H1_v6_independent_reanchor_frequency_rmse,H2_shared_global_scale_bare_depth_frequency_rmse,H3_unified_spatial_resolution_contact_mesh_D_frequency_rmse,H4_pure_substrate_frequency_rmse,H5_minus_H2_diagnostic_only_not_additive,H5_substrate_plus_overlay_frequency_rmse,analytic_finite_vs_semi_frequency_log_magnitude_rmse,anchor_C_relative_error,anchor_G_relative_error,bare_vo2_depth_frequency_log_magnitude_rmse,bare_vo2_depth_impulse_response_nrmse,bare_vo2_depth_step_response_nrmse,bare_vo2_mesh_2D_frequency_log_magnitude_rmse,bare_vo2_mesh_2D_impulse_response_nrmse,bare_vo2_mesh_2D_step_response_nrmse,bare_vo2_mesh_D_frequency_log_magnitude_rmse,bare_vo2_mesh_D_impulse_response_nrmse,bare_vo2_mesh_D_step_response_nrmse,capacity_scale,comparator_depth_m,conductance_scale,depth_m,effective_diffusivity_scale_G_over_C,effective_penetration_depth_1kHz_m,effective_thermal_diffusivity_m2_s,electrode_covered_vo2_depth_frequency_log_magnitude_rmse,electrode_covered_vo2_depth_impulse_response_nrmse,electrode_covered_vo2_depth_step_response_nrmse,electrode_covered_vo2_mesh_2D_frequency_log_magnitude_rmse,electrode_covered_vo2_mesh_2D_impulse_response_nrmse,electrode_covered_vo2_mesh_2D_step_response_nrmse,electrode_covered_vo2_mesh_D_frequency_log_magnitude_rmse,electrode_covered_vo2_mesh_D_impulse_response_nrmse,electrode_covered_vo2_mesh_D_step_response_nrmse,formal_case,passed_all_required_vertical_gates,voting
0.12312709438793715,0.4133858115831314,0.0013350343225081132,0.5049569365703537,-0.003917468576551286,0.40946834300658014,2.059161406542909,0.0,0.0,0.4133858115831314,4.4465029909918755e-05,0.00036590727633669827,0.0021792662756361224,0.0035943700850781515,5.593309408362516e-06,0.002107880863092699,0.0036418308546638392,5.490140942449311e-06,790.8616042234898,8e-07,47.08571428572907,4e-07,0.05953723639417333,1.48693777376127e-05,6.946010912653556e-07,0.40946834300658014,2.9315747138395215e-05,0.00022511584028970058,0.0013999853076691654,0.006508196307413888,9.070306778569099e-06,0.0013350343225081132,0.006539928531972561,9.196592370083281e-06,False,False,False
0.12312709438793715,0.412601458084804,0.00088932516968181,0.4622322838650242,-0.001995268034113429,0.41060619005069054,1.6192591038821824,0.0,0.0,0.412601458084804,4.1542969757123016e-05,0.00018205425972324672,0.0015229979076223277,0.0003049218430121309,4.498636290740731e-06,0.001451685232026963,0.0002998782079886888,4.358012477711119e-06,404.1227576876371,1.6e-06,94.17142857145485,8e-07,0.23302678896456452,2.9417203433580413e-05,2.7186458712532524e-06,0.41060619005069054,2.2309174580888587e-05,0.00011197609236632826,0.0009722661817399985,0.0002277970938788872,2.1193957320632896e-06,0.00088932516968181,0.00023878788883266634,2.0340580466177278e-06,False,False,False
0.12312709438793715,0.4122023112684592,0.0008185597332531841,0.41513358934454003,-0.0010071882279970579,0.41119512304046213,1.2162119896468395,0.0,1.3157793355406607e-16,0.4122023112684592,4.0312134071249263e-05,9.07989643021457e-05,0.001254486178439336,0.0009588257914056363,2.7290168538195117e-06,0.0011800617955768117,0.0009357334113551506,2.6732875434053537e-06,204.30681054977993,3.2e-06,188.34285714296223,1.6e-06,0.9218628426342741,5.851020417573717e-05,1.0755066497399864e-05,0.41119512304046213,1.4274597369973187e-05,5.583270213948774e-05,0.0009071972108631173,0.0001561334481997544,1.5095671777986963e-06,0.0008185597332531841,0.0001483013313499832,1.4752623578980013e-06,False,False,False
0.12312709438793715,0.4120009993321399,0.0008433987154282332,0.3619591092969592,-0.0005060462188316572,0.41149495311330825,0.8538231048795851,0.0,0.0,0.4120009993321399,3.9693806621917e-05,4.534202139630639e-05,0.0011384790953311511,0.0011912200330447475,1.4434636666993677e-06,0.0010615495393913393,0.001173140471775354,1.4210786018039493e-06,102.72417272118942,6.4e-06,376.68571428613467,3.2e-06,3.6669627440906503,0.00011669485461365944,4.278123201439091e-05,0.41149495311330825,3.253681769884663e-05,2.788333006694539e-05,0.0009309064592171478,0.0008980527061212073,8.844274765066524e-07,0.0008433987154282332,0.0008832777146518276,8.706484982076547e-07,False,False,False
0.12312709438793715,0.41189994565111476,0.0008903814669637837,0.2995230543270053,-0.0002536450249012723,0.4116463006262135,0.5374726883380897,0.0,0.0,0.41189994565111476,3.9362582399460696e-05,2.265659588358489e-05,0.001089229179535244,0.001260047707218472,7.378761915456978e-07,0.0010111307911114529,0.0012455694908062068,7.287127538517322e-07,51.505977477856526,1.28e-05,753.3714285731102,6.4e-06,14.6268737234819,0.00023306347336803413,0.00017064686010728882,0.4116463006262135,3.9362560333408254e-05,1.3934580989594465e-05,0.0009747777170347559,0.001260046371122052,4.538190800048016e-07,0.0008903814669637837,0.0012455681628634914,4.481806613575178e-07,False,False,False
0.12312709438793715,0.41184892929650974,0.0009282888903080383,0.22079260820778626,-0.00012697892580021408,0.4117219503707095,0.27581461545266894,0.0,0.0,0.41184892929650974,4.2441919064928595e-05,1.1324663790169241e-05,0.001019432843091377,0.0012241296237864366,3.5566690715247574e-07,0.0009911889120110963,0.0012736879332821002,3.696129650269028e-07,25.789112897144122,2.56e-05,1506.7428571495836,1.28e-05,58.4255403882636,0.0004658003681451647,0.000681631304529742,0.4117219503707095,4.2441919064928595e-05,6.965508252756648e-06,0.0009626628162523932,0.0012241296237870047,2.1876153008127697e-07,0.0009282888903080383,0.001273687933282214,2.2733873367929293e-07,False,False,False
0.12312709438793715,0.41182345815463156,0.0009079787857709727,0.11173700305604314,-6.352832994366286e-05,0.4117599298246879,0.08744387503008134,0.0,0.0,0.41182345815463156,3.9251339328976804e-05,5.66142940235109e-06,0.001017413683129707,0.0012423051386834115,1.8012705064648623e-07,0.0009384811394034263,0.0012275589781754442,1.7779821585713427e-07,12.903606503453272,5.12e-05,3013.4857143462527,2.56e-05,233.53825254511455,0.0009312739859196267,0.00272461294635967,0.4117599298246879,3.9251339328976804e-05,3.4823123756184965e-06,0.0009884727810847804,0.0012423051386826099,1.1079510359512009e-07,0.0009079787857709727,0.0012275589781748314,1.0936249287764039e-07,False,False,False
0.12312709438793715,0.41181089535950705,0.0009267952084580223,0.03094277601750607,-3.177426704648045e-05,0.41177912109246056,0.03267803781115179,0.0,0.0,0.41181089535950705,3.9139827236188396e-05,2.8304899721460317e-06,0.0010205643510805137,0.0012556079476468008,9.099071138656487e-08,0.0009422608353536659,0.0012431624971732532,8.999145587347925e-08,6.454068148203737,0.0001024,6026.971428679054,5.12e-05,933.8251921551913,0.0018622211354604335,0.010894627241810565,0.41177912109246056,3.9139827236188396e-05,1.7410463110137894e-06,0.001005917324519353,0.0012556079476464686,5.596877007955663e-08,0.0009267952084580223,0.0012431624971732589,5.535408387656711e-08,False,False,False
0.12312709438793715,0.41180466110498176,0.0009401551907242318,0.00702120333321564,-1.58896179821566e-05,0.4117887714869996,0.006904328369675206,0.0,0.0,0.41180466110498176,3.906870365509964e-05,1.4151890520142356e-06,0.0010257147204522877,0.0012664597516179083,4.588534803671485e-08,0.0009479708788650407,0.0012558223449463386,4.54506426499866e-08,3.227600596431763,0.0002048,12053.942858111479,0.0001024,3734.6451328078133,0.0037241153916347082,0.04357085988275783,0.4117887714869996,3.906870365509964e-05,8.704958403084818e-07,0.001018323583306217,0.0012664597516178946,2.822450091839957e-08,0.0009401551907242318,0.001255822344946155,2.795709953631223e-08,False,False,False
