comparator_depth_m,depth_m,formal_case,frequency_state_space_relative_error,grid_level,impulse_integral_relative_error,impulse_step_derivative_relative_error,maximum_pole_real_per_s,minimum_capacity_J_m2K,minimum_conductance_matrix_eigenvalue_W_m2K,minimum_physical_conductance_W_m2K,minimum_real_admittance_relative_margin,passed,physical_depth_m,region,step_DC_relative_error,step_initial_relative_error,voting
8e-07,4e-07,False,1.5068586970584801e-15,coarse,0.0,1.3803656913408355e-15,-42658094.792315125,4.44859652375713,2655477852.62402,3.814697265625e-06,0.6877373097763472,True,4e-07,bare_vo2,0.0,0.0,False
8e-07,4e-07,False,9.630727283672674e-15,fine,6.952377776974019e-16,1.3237783702134784e-14,-42798665.41918882,2.224298261878565,1330997804.7160041,7.62939453125e-06,0.6872893318185096,True,4e-07,bare_vo2,0.0,6.94423045926663e-16,False
8e-07,4e-07,False,5.784928470648185e-15,coarse,1.2514279998553236e-15,1.2549040920667783e-15,-10666325.131306749,4.44859652375713,1280161990.4217758,1.52587890625e-05,0.6882582081955599,True,8e-07,bare_vo2,0.0,1.2499614826679933e-15,False
8e-07,4e-07,False,1.25777100411196e-14,fine,6.94830172981144e-16,7.81691328085368e-15,-10700115.223011771,2.224298261878565,641522881.6416619,3.814697265625e-06,0.6879236517851576,True,8e-07,bare_vo2,0.0,6.94423045926663e-16,False
8e-07,4e-07,False,3.407345168818434e-15,coarse,3.422129603312609e-16,3.633060769750521e-15,-42658094.792315125,3.484733943609752,2655477852.62402,3.814697265625e-06,0.5231390304055772,True,4e-07,electrode_covered_vo2,0.0,3.4171960080749674e-16,False
8e-07,4e-07,False,9.359835503677796e-15,fine,6.8393220525042345e-16,4.13752117658659e-15,-42798665.41918882,1.742366971804876,1330997804.7160041,7.62939453125e-06,0.5231158354416605,True,4e-07,electrode_covered_vo2,0.0,6.834392016149935e-16,False
8e-07,4e-07,False,2.3828197984086352e-15,coarse,3.4196610262521187e-16,4.265083967596146e-15,-10666325.131306749,3.484733943609752,1280161990.4217758,1.52587890625e-05,0.5229647101115931,True,8e-07,electrode_covered_vo2,0.0,3.4171960080749674e-16,False
8e-07,4e-07,False,1.8540538755813133e-14,fine,1.3673712291137226e-15,9.54827221750493e-16,-10700115.223011771,1.742366971804876,641522881.6416619,7.62939453125e-06,0.5229480898814642,True,8e-07,electrode_covered_vo2,0.0,1.366878403229987e-15,False
1.6e-06,8e-07,False,1.0283463561440388e-14,coarse,6.952377776974263e-16,6.261709074878276e-16,-41747646.446748525,2.2731905119929587,2560323980.84346,7.62939453125e-06,0.6876525407748267,True,8e-07,bare_vo2,0.0,6.944230459266872e-16,False
1.6e-06,8e-07,False,3.4318572909826746e-14,fine,1.2506943113661028e-15,1.5087072976250503e-15,-41879899.75653816,1.1365952559964794,1283045763.283196,7.62939453125e-06,0.6872708839032444,True,8e-07,bare_vo2,0.0,1.2499614826680369e-15,False
1.6e-06,8e-07,False,5.629142184955184e-15,coarse,4.1689810378870105e-16,2.8746994419316443e-15,-10437405.293741127,2.2731905119929587,1259047468.5243175,1.9073486328125e-06,0.688524041573994,True,1.6e-06,bare_vo2,0.0,4.166538275560123e-16,False
1.6e-06,8e-07,False,1.0618522480350678e-14,fine,5.557012398389587e-16,8.992494142742805e-15,-10470094.66465362,1.1365952559964794,630884092.3938022,7.62939453125e-06,0.6882278627674401,True,1.6e-06,bare_vo2,0.0,5.555384367413497e-16,False
1.6e-06,8e-07,False,9.285108056390085e-15,coarse,6.839322052504476e-16,1.7223748321056381e-15,-41747646.446748525,1.7806659010611507,2560323980.84346,7.62939453125e-06,0.5231060766034583,True,8e-07,electrode_covered_vo2,0.0,6.834392016150173e-16,False
1.6e-06,8e-07,False,3.2800642849077846e-14,fine,2.2219782473098752e-15,1.269069943044774e-14,-41879899.75653816,0.8903329505305754,1283045763.283196,7.62939453125e-06,0.523099499344375,True,8e-07,electrode_covered_vo2,0.0,2.2211774052488063e-15,False
1.6e-06,8e-07,False,1.4162941657110617e-14,coarse,1.1964498254745493e-15,7.860400560720943e-16,-10437405.293741127,1.7806659010611507,1259047468.5243175,1.9073486328125e-06,0.5231026021178579,True,1.6e-06,electrode_covered_vo2,0.0,1.1960186028262803e-15,False
1.6e-06,8e-07,False,1.3422611968257993e-14,fine,8.544529823487541e-16,2.826440506667707e-15,-10470094.66465362,0.8903329505305754,630884092.3938022,7.62939453125e-06,0.5230986690055882,True,1.6e-06,electrode_covered_vo2,0.0,8.542990020187717e-16,False
3.2e-06,1.6e-06,False,1.8664085503054693e-14,coarse,6.948301729809746e-16,1.7783232831948655e-14,-41290772.43250944,1.149225809342512,2518094937.0494285,3.814697265625e-06,0.687642626404819,True,1.6e-06,bare_vo2,0.0,6.944230459264936e-16,False
3.2e-06,1.6e-06,False,1.2598632746331243e-14,fine,1.389253099597009e-16,1.7275579457406125e-14,-41420092.827504165,0.574612904671256,1261768184.788024,7.62939453125e-06,0.6872906013613209,True,1.6e-06,bare_vo2,0.0,1.388846091852987e-16,False
3.2e-06,1.6e-06,False,2.788061542584302e-14,coarse,1.1114024796776076e-15,6.093914633365266e-15,-10322645.68736826,1.149225809342512,1251489700.5752358,1.9073486328125e-06,0.688681659151421,True,3.2e-06,bare_vo2,0.0,1.1110768734823897e-15,False
3.2e-06,1.6e-06,False,1.30555623727519e-13,fine,2.5002892186388876e-15,1.130920838108599e-14,-10355007.215550328,0.574612904671256,627074287.7811147,3.814697265625e-06,0.6884030949434071,True,3.2e-06,bare_vo2,0.0,2.4999229653353768e-15,False
3.2e-06,1.6e-06,False,1.451003246006553e-14,coarse,0.0,4.976853945886612e-14,-41290772.43250944,0.9002268839849678,2518094937.0494285,3.814697265625e-06,0.5234064102070771,True,1.6e-06,electrode_covered_vo2,0.0,0.0,False
3.2e-06,1.6e-06,False,9.994649639326057e-14,fine,2.7342495435152505e-15,2.7584773448107414e-13,-41420092.827504165,0.4501134419924839,1261768184.788024,1.52587890625e-05,0.5233825377320878,True,1.6e-06,electrode_covered_vo2,0.0,2.733756806459307e-15,False
3.2e-06,1.6e-06,False,1.8931063486390274e-14,coarse,3.417811929394066e-16,5.786297035806379e-14,-10322645.68736826,0.9002268839849678,1251489700.5752358,1.9073486328125e-06,0.5234038559018288,True,3.2e-06,electrode_covered_vo2,0.0,3.4171960080741337e-16,False
3.2e-06,1.6e-06,False,4.849316545393468e-14,fine,1.1961263793440212e-15,2.856633164808845e-13,-10355007.215550328,0.4501134419924839,627074287.7811147,3.814697265625e-06,0.5233818964026411,True,3.2e-06,electrode_covered_vo2,0.0,1.1960186028259468e-15,False
6.4e-06,3.2e-06,False,7.411633407389902e-14,coarse,1.3892530995962342e-15,1.5384958593599006e-14,-41061159.43220046,0.5778234715566904,2502979401.151848,7.62939453125e-06,0.6876476570738648,True,3.2e-06,bare_vo2,0.0,1.388846091852212e-15,False
6.4e-06,3.2e-06,False,2.3497107264009357e-13,fine,2.361384262046521e-15,1.253979448591663e-13,-41189886.30207332,0.2889117357783452,1254148575.562957,1.52587890625e-05,0.6873082152009466,True,3.2e-06,bare_vo2,0.0,2.3610383561487603e-15,False
6.4e-06,3.2e-06,False,4.547099156969536e-14,coarse,8.334297395458308e-16,4.8017657951573273e-14,-10265032.835240584,0.5778234715566904,1250558160.3770065,1.9073486328125e-06,0.688767814799315,True,6.4e-06,bare_vo2,0.0,8.333076551113272e-16,False
6.4e-06,3.2e-06,False,5.314437119061757e-14,fine,5.555791285715907e-16,1.8513820182690543e-13,-10297403.38815919,0.2889117357783452,626601937.3046409,3.814697265625e-06,0.6884967783819818,True,6.4e-06,bare_vo2,0.0,5.555384367408848e-16,False
6.4e-06,3.2e-06,False,1.4957194357996846e-14,coarse,5.126717894088236e-16,1.3584888031392082e-13,-41061159.43220046,0.4526283860527408,2502979401.151848,7.62939453125e-06,0.5229311713848591,True,3.2e-06,electrode_covered_vo2,0.0,5.12579401210834e-16,False
6.4e-06,3.2e-06,False,5.84414490459653e-14,fine,3.417503940981011e-16,3.2234461261411014e-13,-41189886.30207332,0.2263141930263704,1254148575.562957,1.52587890625e-05,0.5229224244154577,True,3.2e-06,electrode_covered_vo2,0.0,3.417196008072227e-16,False
6.4e-06,3.2e-06,False,1.401661858774087e-14,coarse,0.0,1.5725388421885258e-13,-10265032.835240584,0.4526283860527408,1250558160.3770065,1.9073486328125e-06,0.5229290416490353,True,6.4e-06,electrode_covered_vo2,0.0,0.0,False
6.4e-06,3.2e-06,False,8.51359234350944e-14,fine,1.5378074854153924e-15,3.646161556226527e-13,-10297403.38815919,0.2263141930263704,626601937.3046409,7.62939453125e-06,0.5229218892843844,True,6.4e-06,electrode_covered_vo2,0.0,1.537738203632502e-15,False
1.28e-05,6.4e-06,False,6.902571820020544e-14,coarse,9.723346961357176e-16,2.1608825749750564e-13,-40945422.55451606,0.2897211233129429,2501116320.7567554,7.62939453125e-06,0.6876542193158329,True,6.4e-06,bare_vo2,0.0,9.721922642954633e-16,False
1.28e-05,6.4e-06,False,1.0154618260142498e-13,fine,4.1668434642822794e-16,5.616377469007745e-15,-41074543.03458171,0.14486056165647146,1253203874.6108148,1.52587890625e-05,0.6873193691782998,True,6.4e-06,bare_vo2,0.0,4.166538275551986e-16,False
1.28e-05,6.4e-06,False,1.1667172304336517e-14,coarse,1.388947821427426e-16,9.183049159981546e-14,-10236035.097015228,0.2897211233129429,1252608387.2714384,3.814697265625e-06,0.6888137542502693,True,1.28e-05,bare_vo2,0.0,1.388846091850662e-16,False
1.28e-05,6.4e-06,False,4.2007191640063005e-14,fine,1.3888969547762513e-16,2.086482055978554e-13,-10268552.10636667,0.14486056165647146,627631666.855029,7.62939453125e-06,0.6884420739252822,True,1.28e-05,bare_vo2,0.0,1.388846091850662e-16,False
1.28e-05,6.4e-06,False,1.2098205899965746e-13,coarse,8.543759852442995e-16,2.155910712483594e-13,-40945422.55451606,0.22694821326180528,2501116320.7567554,7.62939453125e-06,0.5234388738245997,True,6.4e-06,electrode_covered_vo2,0.0,8.542990020171031e-16,False
1.28e-05,6.4e-06,False,6.194918632146794e-13,fine,3.2464824692066503e-15,4.268062813430254e-15,-41074543.03458171,0.11347410663090264,1253203874.6108148,1.52587890625e-05,0.5234436960130353,True,6.4e-06,electrode_covered_vo2,0.0,3.246336207664992e-15,False
1.28e-05,6.4e-06,False,1.4307773544450133e-13,coarse,1.3669399870343789e-15,9.244691867539392e-14,-10236035.097015228,0.22694821326180528,1252608387.2714384,3.814697265625e-06,0.5234370920199397,True,1.28e-05,electrode_covered_vo2,0.0,1.366878403227365e-15,False
1.28e-05,6.4e-06,False,6.071307471330261e-13,fine,3.075545687483774e-15,2.0898256021140102e-13,-10268552.10636667,0.11347410663090264,627631666.855029,7.62939453125e-06,0.523443248032938,True,1.28e-05,electrode_covered_vo2,0.0,3.0754764072615714e-15,False
2.56e-05,1.28e-05,False,3.7403974308802165e-14,coarse,0.0,7.624401200429322e-14,-40886787.79090356,0.14506376004643567,2505216774.5484443,7.62939453125e-06,0.6876598202104508,True,1.28e-05,bare_vo2,0.0,0.0,False
2.56e-05,1.28e-05,False,4.4052783056431604e-13,fine,1.1111175638185213e-15,1.6233167808862895e-12,-41016673.63521146,0.07253188002321784,1255263333.7129009,1.52587890625e-05,0.6873258750717967,True,1.28e-05,bare_vo2,0.0,1.1110768734780495e-15,False
2.56e-05,1.28e-05,False,2.677499066096177e-13,coarse,9.722278683412058e-16,9.02927337245034e-14,-10223540.980104577,0.14506376004643567,1225697885.1961741,3.814697265625e-06,0.6888023689576445,True,2.56e-05,bare_vo2,0.0,9.721922642932934e-16,False
2.56e-05,1.28e-05,False,5.19382981605679e-13,fine,1.3888715228446838e-15,2.594100708283301e-13,-10254643.492706899,0.07253188002321784,614091310.9428887,7.62939453125e-06,0.6884067311637816,True,2.56e-05,bare_vo2,0.0,1.388846091847562e-15,False
2.56e-05,1.28e-05,False,8.281419047867019e-14,coarse,1.70867498378916e-16,7.674984287313188e-14,-40886787.79090356,0.11363327870304128,2505216774.5484443,7.62939453125e-06,0.5521236227381963,True,1.28e-05,electrode_covered_vo2,0.0,1.7085980040303926e-16,False
2.56e-05,1.28e-05,False,2.2753348097206906e-12,fine,4.442454881911092e-15,1.623715680327507e-12,-41016673.63521146,0.05681663935152064,1255263333.7129009,1.52587890625e-05,0.5521800388133261,True,1.28e-05,electrode_covered_vo2,0.0,4.442354810479021e-15,False
2.56e-05,1.28e-05,False,1.8540966776647061e-13,coarse,5.125909479128182e-16,9.212586354573425e-14,-10223540.980104577,0.11363327870304128,1225697885.1961741,3.814697265625e-06,0.5521299829498603,True,2.56e-05,electrode_covered_vo2,0.0,5.125794012091177e-16,False
2.56e-05,1.28e-05,False,2.3275676828021168e-12,fine,4.954990020127436e-15,2.587064167934715e-13,-10254643.492706899,0.05681663935152064,614091310.9428887,7.62939453125e-06,0.5521816404875303,True,2.56e-05,electrode_covered_vo2,0.0,4.954934211688138e-15,False
5.12e-05,2.56e-05,False,5.902597475811628e-13,coarse,1.3888969547514501e-15,1.095152713912796e-12,-40865482.449120976,0.07258278658192466,2451395770.4306602,7.62939453125e-06,0.6876428225290331,True,2.56e-05,bare_vo2,0.0,1.3888460918258612e-15,False
5.12e-05,2.56e-05,False,6.514924331011329e-13,fine,8.333229136937899e-16,8.36427005002562e-13,-40989805.24347836,0.03629139329096233,1228182621.9049902,1.52587890625e-05,0.6873240455763315,True,2.56e-05,bare_vo2,0.0,8.333076550955167e-16,False
5.12e-05,2.56e-05,False,6.504963205029142e-13,coarse,1.388871522822983e-15,6.996865192364353e-14,-10215898.630801747,0.07258278658192466,1231713825.1782737,1.9073486328125e-06,0.6887927949516284,True,5.12e-05,bare_vo2,0.0,1.3888460918258612e-15,False
5.12e-05,2.56e-05,False,8.802649529597572e-13,fine,1.1110870457664056e-15,4.3438578931836194e-12,-10247329.400076045,0.03629139329096233,617117261.2259538,3.814697265625e-06,0.6883936455510681,True,5.12e-05,bare_vo2,0.0,1.1110768734606889e-15,False
5.12e-05,2.56e-05,False,5.591310987420694e-13,coarse,6.834545972064123e-16,1.098774558002096e-12,-40865482.449120976,0.056856516155840975,2451395770.4306602,7.62939453125e-06,0.6156117478594308,True,2.56e-05,electrode_covered_vo2,0.0,6.834392016014783e-16,False
5.12e-05,2.56e-05,False,1.827668822763084e-12,fine,1.3668937986344862e-15,8.307225227004983e-13,-40989805.24347836,0.028428258077920487,1228182621.9049902,1.52587890625e-05,0.6156599271073352,True,2.56e-05,electrode_covered_vo2,0.0,1.3668784032029566e-15,False
5.12e-05,2.56e-05,False,5.415373091874817e-13,coarse,8.543086241465544e-16,2.814232437465362e-14,-10215898.630801747,0.056856516155840975,1231713825.1782737,7.62939453125e-06,0.6156104596996375,True,5.12e-05,electrode_covered_vo2,0.0,8.542990020018478e-16,False
5.12e-05,2.56e-05,False,1.4101766101846821e-12,fine,1.0251645756565283e-15,4.353963076497431e-12,-10247329.400076045,0.028428258077920487,617117261.2259538,3.814697265625e-06,0.6156596025588429,True,5.12e-05,electrode_covered_vo2,0.0,1.0251588024022174e-15,False
0.0001024,5.12e-05,False,1.381564871707017e-12,coarse,1.6666458273913e-15,8.525893835690197e-12,-40849254.44966877,0.036304133333646016,2463427650.350994,7.62939453125e-06,0.6876482174630724,True,5.12e-05,bare_vo2,0.0,1.6666153101947531e-15,False
0.0001024,5.12e-05,False,1.735594019207317e-12,fine,6.944294036055534e-16,5.6610599638689634e-12,-40974933.40734406,0.018152066666823008,1234234522.4490623,7.62939453125e-06,0.6873267733533535,True,5.12e-05,bare_vo2,0.0,6.944230459144805e-16,False
0.0001024,5.12e-05,False,3.3584160166628943e-13,coarse,6.944294036055533e-16,6.488924386773107e-12,-10211899.048027676,0.036304133333646016,1237197448.5705402,3.814697265625e-06,0.6887902326150959,True,0.0001024,bare_vo2,0.0,6.944230459144805e-16,False
0.0001024,5.12e-05,False,8.429726531191906e-13,fine,6.944262247454651e-16,2.2930600018236314e-11,-10243626.330631297,0.018152066666823008,619875817.6752948,3.814697265625e-06,0.6883877030366828,True,0.0001024,bare_vo2,0.0,6.944230459144805e-16,False
0.0001024,5.12e-05,False,5.483926515475525e-13,coarse,6.834468993187687e-16,8.526320827700937e-12,-40849254.44966877,0.028438237778022714,2463427650.350994,7.62939453125e-06,0.6585856161857572,True,5.12e-05,electrode_covered_vo2,0.0,6.834392016030037e-16,False
0.0001024,5.12e-05,False,4.509963774130145e-12,fine,1.7086076260980275e-15,5.591114391116108e-12,-40974933.40734406,0.014219118889011357,1234234522.4490623,7.62939453125e-06,0.658615066531241,True,5.12e-05,electrode_covered_vo2,0.0,1.7085980040075092e-15,False
0.0001024,5.12e-05,False,5.202011443681242e-13,coarse,3.4172152521960545e-16,6.497786071476949e-12,-10211899.048027676,0.028438237778022714,1237197448.5705402,3.814697265625e-06,0.6585850058156285,True,0.0001024,electrode_covered_vo2,0.0,3.4171960080150184e-16,False
0.0001024,5.12e-05,False,5.421996565571914e-12,fine,1.8794630965431435e-15,2.2943777099167433e-11,-10243626.330631297,0.014219118889011357,619875817.6752948,3.814697265625e-06,0.6586149127101865,True,0.0001024,electrode_covered_vo2,0.0,1.87945780440826e-15,False
0.0002048,0.0001024,False,1.2215307482251222e-12,coarse,4.1665764213729115e-16,3.3103127449157634e-11,-40840426.44900422,0.018155253354928666,2474394897.295733,7.62939453125e-06,0.6876526867191476,True,0.0001024,bare_vo2,0.0,4.166538275226475e-16,False
0.0002048,0.0001024,False,2.591247694270841e-12,fine,6.944262247020639e-16,1.1841134302836192e-11,-40967313.30379054,0.009077626677464333,1239751635.4280732,7.62939453125e-06,0.6873286046475671,True,0.0001024,bare_vo2,0.0,6.944230458710791e-16,False
0.0002048,0.0001024,False,3.1252993303519846e-12,coarse,1.9443934291657786e-15,6.525375773343459e-11,-10209743.758104682,0.018155253354928666,1242089121.1522353,1.9073486328125e-06,0.6887908706917932,True,0.0002048,bare_vo2,0.0,1.9443845284390216e-15,False
0.0002048,0.0001024,False,3.721968626446159e-13,fine,1.3888492705658673e-16,1.7549354763450779e-12,-10241734.677226547,0.009077626677464333,622336816.861614,3.814697265625e-06,0.6883852351594183,True,0.0002048,bare_vo2,0.0,1.3888460917421583e-16,False
0.0002048,0.0001024,False,4.855507731249065e-12,coarse,2.050329151189488e-15,3.31906013973918e-11,-40840426.44900422,0.014221615128027453,2474394897.295733,7.62939453125e-06,0.6822643555323104,True,0.0001024,electrode_covered_vo2,0.0,2.050317604680866e-15,False
0.0002048,0.0001024,False,1.135398529583841e-12,fine,1.7086028149324344e-16,6.834121574798104e-12,-40967313.30379054,0.007110807564013727,1239751635.4280732,7.62939453125e-06,0.6822803780488921,True,0.0001024,electrode_covered_vo2,0.0,1.7085980039007218e-16,False
0.0002048,0.0001024,False,8.550952086557338e-12,coarse,3.4172056298648683e-15,6.525323988067187e-11,-10209743.758104682,0.014221615128027453,1242089121.1522353,3.814697265625e-06,0.6822640818818453,True,0.0002048,electrode_covered_vo2,0.0,3.4171960078014438e-15,False
0.0002048,0.0001024,False,1.8995542020116345e-12,fine,6.834401637652767e-16,3.5435310673569305e-12,-10241734.677226547,0.007110807564013727,622336816.861614,3.814697265625e-06,0.6822803090762519,True,0.0002048,electrode_covered_vo2,0.0,6.834392015602887e-16,False
