alpha,finite,range,original_residual_inf,original_merit_l2,fp_defect_inf,raw_thermal_residual_inf_W_per_cell,temperature_min_K,temperature_max_K,correction,exponent
1.0,True,True,0.13300321267337484,0.5810845173421463,0.005931996667884428,4.221724579682387e-05,338.49488175775105,339.13063023271076,v1_last_failed_lgmres,0
0.5,True,True,0.07110471976709136,0.15643675683993807,0.003206960265043517,2.28322247985508e-05,337.90345002588145,339.2949805555529,v1_last_failed_lgmres,1
0.25,True,True,0.03926689805005527,0.04569538010145233,0.0017754328918088834,1.2681374635109386e-05,337.57162412852233,339.37715571697396,v1_last_failed_lgmres,2
0.125,True,True,0.026129970763520475,0.02066187380532881,0.0011792563377132678,8.462872319705549e-06,337.36023547609005,339.4182432976845,v1_last_failed_lgmres,3
0.0625,True,True,0.01926417320813925,0.012286481718401203,0.0008674641507454067,6.248129084050876e-06,337.2545409561358,339.4387870880398,v1_last_failed_lgmres,4
0.03125,True,True,0.014311648799808358,0.007574874063837873,0.0007495143503820034,5.427121169857087e-06,337.2016936961587,339.44906383836366,v1_last_failed_lgmres,5
0.015625,True,True,0.011017670223603743,0.005013161465838665,0.0006547024035407294,4.735185657999787e-06,337.1752700661702,339.4542058566281,v1_last_failed_lgmres,6
0.0078125,True,True,0.009820220507841235,0.004232077886103944,0.0006153271731939463,4.450766101406472e-06,337.1620582511759,339.4567769577541,v1_last_failed_lgmres,7
0.00390625,True,True,0.009543711022324536,0.0040677411099902284,0.0006064421564271509,4.386809327823754e-06,337.15545234367875,339.4580625083171,v1_last_failed_lgmres,8
0.001953125,True,True,0.00950666496174586,0.004046820602041752,0.0006055595465277692,4.380477109800468e-06,337.1521493899302,339.4587052835986,v1_last_failed_lgmres,9
0.0009765625,True,True,0.009511132263887546,0.00405111456601054,0.0006060127448995479,4.383736908983197e-06,337.15049791305586,339.45902667123937,v1_last_failed_lgmres,10
0.00048828125,True,True,0.009515161563070383,0.004054743075564421,0.0006063165805422995,4.385924503655343e-06,337.14967217461873,339.45918736505973,v1_last_failed_lgmres,11
0.000244140625,True,True,0.009517330971723775,0.004056641010560005,0.0006064682009920119,4.387019273615497e-06,337.14925930540016,339.4592677119699,v1_last_failed_lgmres,12
0.0001220703125,True,True,0.009518454377418429,0.004057610929798789,0.0006065439379081605,4.387566905881738e-06,337.1490528707909,339.459307885425,v1_last_failed_lgmres,13
6.103515625e-05,True,True,0.00951902575667901,0.004058101131242757,0.0006065817881698672,4.387840784340302e-06,337.1489496534862,339.45932797215255,v1_last_failed_lgmres,14
3.0517578125e-05,True,True,0.009519313865518892,0.004058347542902435,0.0006066007087680189,4.38797773921506e-06,337.1488980448339,339.4593380155163,v1_last_failed_lgmres,15
1.52587890625e-05,True,True,0.009519458524763533,0.004058471076527379,0.0006066101679358661,4.3880462205736545e-06,337.1488722405078,339.4593430371982,v1_last_failed_lgmres,16
7.62939453125e-06,True,True,0.00951953100558588,0.004058532925295539,0.0006066148972374431,4.388080462232091e-06,337.14885933834466,339.45934554803915,v1_last_failed_lgmres,17
3.814697265625e-06,True,True,0.009519567283793946,0.0040585638701692295,0.0006066172618172891,4.388097583303977e-06,337.14885288726316,339.4593468034596,v1_last_failed_lgmres,18
1.9073486328125e-06,True,True,0.009519585432354278,0.004058579347729794,0.0006066184440900416,4.388106143905429e-06,337.14884966172235,339.4593474311699,v1_last_failed_lgmres,19
9.5367431640625e-07,True,True,0.009519594508995158,0.004058587087789205,0.0006066190352216439,4.388110424217703e-06,337.148848048952,339.45934774502496,v1_last_failed_lgmres,20
1.0,True,True,0.13056784145035938,0.5588740262546501,0.0058264408685168925,4.146506476367207e-05,338.46971377652255,339.1377367288058,fixed_point_svd_direct,0
0.5,True,True,0.06952353237929881,0.14931664143309292,0.0031362377654449987,2.233004275481111e-05,337.8908689654304,339.2985333015564,fixed_point_svd_direct,1
0.25,True,True,0.03870922224466058,0.0443720342823,0.0017501987475751757,1.2502909056653487e-05,337.5627924377273,339.37893158793173,fixed_point_svd_direct,2
0.125,True,True,0.025859146042800093,0.020275891538257644,0.0011669416530981783,8.375695880807405e-06,337.35581978960795,339.41913073111937,fixed_point_svd_direct,3
0.0625,True,True,0.019097462430386413,0.01211347392179224,0.000859915364526199,6.194225439198703e-06,337.2523334655483,339.4392304558142,fixed_point_svd_direct,4
0.03125,True,True,0.01417791882369497,0.007460596641405963,0.0007461495896680286,5.402333228382518e-06,337.2005902218648,339.4492862313021,fixed_point_svd_direct,5
0.015625,True,True,0.010954872538415716,0.004969854406906792,0.0006526542741230017,4.720379580762248e-06,337.1747183290232,339.4543171450911,fixed_point_svd_direct,6
0.0078125,True,True,0.009803710056801614,0.004222039523302872,0.000614770532743265,4.446765858968683e-06,337.1617823826024,339.4568326019856,fixed_point_svd_direct,7
0.00390625,True,True,0.009541022716894072,0.004066129981593777,0.0006063546426576599,4.386185368272595e-06,337.155314409392,339.45809033043287,fixed_point_svd_direct,8
0.001953125,True,True,0.009506699240798243,0.004046877368940089,0.0006055678683914625,4.380539640219225e-06,337.1520804227868,339.45871919465645,fixed_point_svd_direct,9
0.0009765625,True,True,0.009511350524843273,0.0040512928701240255,0.0006060257257108332,4.383831419167353e-06,337.1504634294842,339.4590336267683,fixed_point_svd_direct,10
0.00048828125,True,True,0.009515279420461133,0.004054836948973743,0.0006063230536129624,4.385971809252166e-06,337.1496549328329,339.45919084282417,fixed_point_svd_direct,11
0.000244140625,True,True,0.009517392083086468,0.004056689130010199,0.0006064714332676588,4.387042939341274e-06,337.14925068450725,339.45926945085216,fixed_point_svd_direct,12
0.0001220703125,True,True,0.00951848547885367,0.004057635285504922,0.0006065455529903989,4.387578742008857e-06,337.1490485603444,339.45930875486613,fixed_point_svd_direct,13
6.103515625e-05,True,True,0.009519041443843376,0.004058113383127626,0.0006065825954483251,4.387846703227365e-06,337.148947498263,339.4593284068731,fixed_point_svd_direct,14
3.0517578125e-05,True,True,0.009519321743213691,0.004058353687357795,0.0006066011123415827,4.387980698862117e-06,337.1488969672223,339.4593382328766,fixed_point_svd_direct,15
1.52587890625e-05,True,True,0.009519462472135004,0.004058474153383652,0.0006066103697063154,4.388047700446096e-06,337.148871701702,339.45934314587834,fixed_point_svd_direct,16
7.62939453125e-06,True,True,0.009519532981404183,0.004058534464880778,0.0006066149981185636,4.388081202183506e-06,337.14885906894176,339.45934560237924,fixed_point_svd_direct,17
3.814697265625e-06,True,True,0.009519568272239202,0.004058564640251452,0.0006066173122570954,4.3880979532854646e-06,337.1488527525617,339.45934683062967,fixed_point_svd_direct,18
1.9073486328125e-06,True,True,0.009519585926708983,0.004058579732841952,0.0006066184693094424,4.388106328895534e-06,337.14884959437165,339.4593474447549,fixed_point_svd_direct,19
9.5367431640625e-07,True,True,0.009519594756206558,0.004058587280364519,0.0006066190478314279,4.3881105167133085e-06,337.1488480152766,339.45934775181746,fixed_point_svd_direct,20
