point_id,protocol_id,context_id,branch_label,branch_value,device_voltage_V,point_kind,role,sequence_index,count_in_main_ramp,initial_state_provenance,previous_point_id,temperature_sha256,valid,accepted,converged,finite,iterations,scaled_nonlinear_residual,current_imbalance,terminal_electrical_heat_ledger_error,electrical_heat_sink_ledger_error,terminal_current_A,ground_current_A,Tmean_K,Tmax_K,mean_effective_state,transition_fraction,hotspot_x_m,hotspot_y_m,jump_mean_state_change,jump_terminal_current_relative,jump_temperature_rise_relative,jump_candidate,stability_class,stability_evaluated,manuscript_eligible,npz_record_index
G0_heating_coarse_000,G0_heating,G0,heating,1.0,0.75,coarse,start_endpoint,0,True,uniform_325K,,9b41921f880d11aa0bc0e78b949ea8346232991ae172eb13c3c0dbd4edcccc97,True,True,True,True,38,8.283245372705328e-08,2.255449654342073e-16,3.0072662057894307e-16,8.271199978661617e-08,1.5021979242562774e-05,1.5021979242562777e-05,325.0551396240465,325.055489164079,0.003208531163375089,0.0,5e-09,3.8999999999999997e-07,,,,False,stable,True,True,0
G0_heating_coarse_001,G0_heating,G0,heating,1.0,0.775,coarse,coarse,1,True,immediately_preceding_accepted_protocol_equilibrium,G0_heating_coarse_000,aa4d8865337e9ad2f3507ecef1bea1189ecccc7a16a2dd0efb903eb4089fc5a3,True,True,True,True,32,6.947208259787837e-08,1.7457763848051872e-15,1.2670957631650559e-15,6.936623356008281e-08,1.552607455803238e-05,1.5526074558032406e-05,325.05888962015206,325.05926289239164,0.0032146055403278603,0.0,5e-09,3.8999999999999997e-07,6.0743769527710906e-06,0.03246766035970198,0.06367838510881554,False,not_evaluated,False,False,1
G0_heating_coarse_002,G0_heating,G0,heating,1.0,0.8,coarse,coarse,2,True,immediately_preceding_accepted_protocol_equilibrium,G0_heating_coarse_001,d89640897ed0bbfa9d43b4b76b593cc2d9ac46ab1bbdfb616d2ebcad43233d54,True,True,True,True,32,6.760503340682675e-08,4.227105783367049e-16,2.641941114604406e-16,6.74930357210283e-08,1.6030503908129905e-05,1.603050390812991e-05,325.0627642788,325.06316206686404,0.0032208938914641844,0.0,5e-09,3.8999999999999997e-07,6.288351136324137e-06,0.031466843025546004,0.06173349726004946,False,not_evaluated,False,False,2
G0_heating_coarse_003,G0_heating,G0,heating,1.0,0.825,coarse,coarse,3,True,immediately_preceding_accepted_protocol_equilibrium,G0_heating_coarse_002,4d9f671d4e481da62d39c19415a59b9612c44acc01149808613f295fef156fbb,True,True,True,True,32,6.584838511863225e-08,2.458838610329271e-15,1.3660214501829284e-15,6.574081227022695e-08,1.653527860568361e-05,1.653527860568357e-05,325.06676376889953,325.067186856949,0.0032273976978513474,0.0,5e-09,3.8999999999999997e-07,6.503806387162924e-06,0.030527135925015655,0.059905094173015594,False,not_evaluated,False,False,3
G0_heating_coarse_004,G0_heating,G0,heating,1.0,0.85,coarse,coarse,4,True,immediately_preceding_accepted_protocol_equilibrium,G0_heating_coarse_003,3bacc5fec32f28ac1a72d7711e6c97d4761f1e5b28239f1ef47533e9b53a9938,True,True,True,True,31,9.849136499746061e-08,3.7777555786727645e-15,3.157876180314695e-15,9.839898072856635e-08,1.7040410013488343e-05,1.704041001348828e-05,325.07088826204705,325.07133743478613,0.0032341184900819124,0.0,5e-09,3.8999999999999997e-07,6.720792230564994e-06,0.029643148692132106,0.05818301604892779,False,not_evaluated,False,False,4
G0_heating_coarse_005,G0_heating,G0,heating,1.0,0.875,coarse,coarse,5,True,immediately_preceding_accepted_protocol_equilibrium,G0_heating_coarse_004,6b0fecf81f035e91ffd110bee0f580a1af30b6bf3363ca3915238db0b7d42dfa,True,True,True,True,31,9.61221023174275e-08,2.510312338953345e-15,1.1034339951443276e-15,9.602175733506458e-08,1.7545909556253918e-05,1.7545909556253874e-05,325.0751379428766,325.0756139856155,0.0032410578658212995,0.0,5e-09,3.7e-07,6.939375739387164e-06,0.028810107629068365,0.056558382934304485,False,not_evaluated,False,False,5
G0_heating_coarse_006,G0_heating,G0,heating,1.0,0.9,coarse,coarse,6,True,immediately_preceding_accepted_protocol_equilibrium,G0_heating_coarse_005,31530cdd518b38cc28052e2a458057825b0249e1bf23744220d09b1696e46b96,True,True,True,True,31,9.38921928348528e-08,9.384476640261318e-16,2.0854392533914042e-16,9.378799386418634e-08,1.8051788708607495e-05,1.8051788708607478e-05,325.07951299470403,325.0800166933331,0.003248217467125264,0.0,5e-09,3.8999999999999997e-07,7.159601303964591e-06,0.028023768753307133,0.055023100743623814,False,not_evaluated,False,False,6
G0_heating_coarse_007,G0_heating,G0,heating,1.0,0.925,coarse,coarse,7,True,immediately_preceding_accepted_protocol_equilibrium,G0_heating_coarse_006,d2c7efd8baa97299c4e6c9a3a91bda58a4e40d0a824407fac23a9bcbe3e03048,True,True,True,True,31,9.177363475757557e-08,1.0954157828279856e-15,5.92116639366479e-16,9.168601246452685e-08,1.8558059006253555e-05,1.8558059006253575e-05,325.0840136090867,325.0845457501094,0.0032555989967463983,0.0,5e-09,3.7e-07,7.381529621134156e-06,0.02728034744772935,0.05357005959760257,False,not_evaluated,False,False,7
G0_heating_coarse_008,G0_heating,G0,heating,1.0,0.95,coarse,protocol_quartile_1_interior,8,True,immediately_preceding_accepted_protocol_equilibrium,G0_heating_coarse_007,2afdf0aae6bf4a34a3034f24668a40c9a8ec7da626c0133c8d8a4e8eadbe4993,True,True,True,True,31,8.978860221355074e-08,3.5543450397171573e-16,0.0,8.970603479143152e-08,1.9064732045748813e-05,1.9064732045748807e-05,325.0886399835103,325.08920135406186,0.0032632042151340803,0.0,5e-09,3.8999999999999997e-07,7.605218387682008e-06,0.02657645742302682,0.05219285783402807,False,stable,True,True,8
G0_heating_coarse_009,G0_heating,G0,heating,1.0,0.975,coarse,coarse,9,True,immediately_preceding_accepted_protocol_equilibrium,G0_heating_coarse_008,a1875cb54bbd2425715ff2cb25078b2fff28928abcb8900953c723b1ca5eb939,True,True,True,True,31,8.790260893989538e-08,3.462255301652714e-16,1.7755155393090845e-16,8.783895708510819e-08,1.9571819486563392e-05,1.95718194865634e-05,325.0933923214364,325.09398370930234,0.0032710349413058236,0.0,5e-09,3.7e-07,7.8307261717433e-06,0.025909059766400806,0.05088574153009099,False,not_evaluated,False,False,9
G0_heating_coarse_010,G0_heating,G0,heating,1.0,1.0,coarse,coarse,10,True,immediately_preceding_accepted_protocol_equilibrium,G0_heating_coarse_009,74f4109d53bf53de72be519a5de31c36f2f79570232f85102083b3c2264a8498,True,True,True,True,31,8.613437704950653e-08,2.3623217424913306e-15,1.8561099405289026e-15,8.607654250273222e-08,2.0079333053175288e-05,2.007933305317524e-05,325.09827083235064,325.0988930259856,0.0032790930537510603,0.0,5e-09,3.7e-07,8.058112445236739e-06,0.02527541952055221,0.049643524620334174,False,not_evaluated,False,False,10
G0_heating_coarse_011,G0_heating,G0,heating,1.0,1.025,coarse,coarse,11,True,immediately_preceding_accepted_protocol_equilibrium,G0_heating_coarse_010,c9637d2fe5201501f474b4269a8080b54969cf1645407b49d80d4fe9ce0c1646,True,True,True,True,31,8.446455905446999e-08,8.228700057297911e-16,1.6056000111800803e-16,8.44114996802524e-08,2.0587284537199274e-05,2.0587284537199257e-05,325.1032757318134,325.10392952036017,0.003287380491368217,0.0,5e-09,3.8999999999999997e-07,8.28743761715654e-06,0.024673068616998316,0.04846152055098603,False,not_evaluated,False,False,11
G0_heating_coarse_012,G0_heating,G0,heating,1.0,1.05,coarse,coarse,12,True,immediately_preceding_accepted_protocol_equilibrium,G0_heating_coarse_011,fb9080a11bb9f427ba911b011b7c014b91023f2101102ed8edaaad025d10a389,True,True,True,True,31,8.289000388458964e-08,9.63646829368997e-16,7.647990709277756e-16,8.283701226429346e-08,2.109568579955234e-05,2.109568579955236e-05,325.1084072415122,325.1090934148202,0.003295899254436131,0.0,5e-09,3.8999999999999997e-07,8.518763067914305e-06,0.02409977410470602,0.047335483572345745,False,not_evaluated,False,False,12
G0_heating_coarse_013,G0_heating,G0,heating,1.0,1.075,coarse,coarse,13,True,immediately_preceding_accepted_protocol_equilibrium,G0_heating_coarse_012,3dd661f5b3b9987befebd489534a067fa7fafe4b319cfc41a821d4d8c9ded75b,True,True,True,True,31,8.140389140662989e-08,2.822848690063735e-15,2.0423711452657517e-15,8.134721177562343e-08,2.1604548772655842e-05,2.160454877265578e-05,325.1136655893153,325.11438493796027,0.0033046514056203017,0.0,5e-09,3.8999999999999997e-07,8.752151184170543e-06,0.023553510811924618,0.04626155811851456,False,not_evaluated,False,False,13
G0_heating_coarse_014,G0_heating,G0,heating,1.0,1.1,coarse,coarse,14,True,immediately_preceding_accepted_protocol_equilibrium,G0_heating_coarse_013,c313f9e489aafe1de049d783b84f31b57866c2f6b47ef206deec6a64155bc2f2,True,True,True,True,31,7.998839703993461e-08,1.5321286685397817e-16,4.178532732381222e-16,7.993662164064495e-08,2.2113885462676647e-05,2.211388546267665e-05,325.1190510093276,325.11980432463076,0.003313639071015291,0.0,5e-09,3.7e-07,8.987665394989339e-06,0.02303243773603028,0.045236235006973304,False,not_evaluated,False,False,14
G0_heating_coarse_015,G0_heating,G0,heating,1.0,1.125,coarse,coarse,15,True,immediately_preceding_accepted_protocol_equilibrium,G0_heating_coarse_014,3ac7acb77297d4d3fffdd30b9962f7676646de7db6bce8cc7c85d9777dceb026,True,True,True,True,31,7.86618943580793e-08,5.990409346220798e-16,0.0,7.859996893930343e-08,2.262370795180926e-05,2.2623707951809274e-05,325.1245637419488,325.1253518159958,0.0033228644412238665,0.0,5e-09,3.8999999999999997e-07,9.225370208575459e-06,0.022534877581455042,0.04425631340710482,False,not_evaluated,False,False,15
G0_heating_coarse_016,G0_heating,G0,heating,1.0,1.15,coarse,coarse,16,True,immediately_preceding_accepted_protocol_equilibrium,G0_heating_coarse_015,d880cad19778e07753e701bf277cb73c72d37dc054ee2a02ae13d617a86e6acc,True,True,True,True,31,7.738076627914838e-08,1.1716530231041082e-15,1.1461823052105407e-15,7.73329100716217e-08,2.313402840059857e-05,2.3134028400598543e-05,325.130204033932,325.13102765959286,0.00333232977247392,0.0,5e-09,3.7e-07,9.465331250053596e-06,0.022059298966543406,0.043318867710781556,False,not_evaluated,False,False,16
G0_heating_coarse_017,G0_heating,G0,heating,1.0,1.175,coarse,coarse,17,True,immediately_preceding_accepted_protocol_equilibrium,G0_heating_coarse_016,193300ddf463de55162a1b67188bad4678a41c367f1c6cd34d87ff9eea8a02af,True,True,True,True,31,7.618096261395176e-08,1.2896328134702527e-15,1.2195109347236433e-15,7.613110265786146e-08,2.3644859050306838e-05,2.3644859050306868e-05,325.1359721384464,325.136832109395,0.003342037387774478,0.0,5e-09,3.8999999999999997e-07,9.707615300557759e-06,0.021604300902002573,0.042421218586297264,False,not_evaluated,False,False,17
G0_heating_coarse_018,G0_heating,G0,heating,1.0,1.2,coarse,coarse,18,True,immediately_preceding_accepted_protocol_equilibrium,G0_heating_coarse_017,b160f457883cc34b3d119021923b980766938b0b98b8626c2a77c87e97ca229e,True,True,True,True,31,7.504145752400622e-08,1.8233700236763785e-15,1.7532404073811332e-15,7.499088418037253e-08,2.4156212225325587e-05,2.415621222532563e-05,325.1418683151399,325.14276542587356,0.0033519896781113185,0.0,5e-09,3.7e-07,9.952290336840645e-06,0.021168599209550026,0.0415609076072736,False,not_evaluated,False,False,18
G0_heating_coarse_019,G0_heating,G0,heating,1.0,1.225,coarse,coarse,19,True,immediately_preceding_accepted_protocol_equilibrium,G0_heating_coarse_018,925d0b876c937dfd5c9a572ea2c5f1c565a1bcebca19ee11256a6d323b878e90,True,True,True,True,31,7.396055733732487e-08,6.867435560335667e-16,3.3636419071031836e-16,7.39086077993891e-08,2.4668100335633846e-05,2.466810033563383e-05,325.14789283020514,325.14882787606496,0.0033621891036839137,0.0,5e-09,3.7e-07,1.0199425572595192e-05,0.020751014603618265,0.040735674956947916,False,not_evaluated,False,False,19
G0_heating_coarse_020,G0_heating,G0,heating,1.0,1.25,coarse,coarse,20,True,immediately_preceding_accepted_protocol_equilibrium,G0_heating_coarse_019,a1a9ff156f6a2ca5be3b5c74a8204333e574f4d00b789c7c0c28a9872aedc8ad,True,True,True,True,31,7.293445022022907e-08,1.3455360145062743e-15,1.0764288116050198e-15,7.288106048646947e-08,2.5180535879304756e-05,2.518053587930479e-05,325.15404595644736,325.15501973363786,0.003372638195184269,0.0,5e-09,3.8999999999999997e-07,1.0449091500355518e-05,0.0203504622033111,0.03994343977723724,False,not_evaluated,False,False,20
G0_heating_coarse_021,G0_heating,G0,heating,1.0,1.275,coarse,coarse,21,True,immediately_preceding_accepted_protocol_equilibrium,G0_heating_coarse_020,339eb299d93fcee36ef0c4902ab128af475edbf085ae2807be1e19650255d4e1,True,True,True,True,31,7.196143319002676e-08,1.8461395681501395e-15,1.2411022306891694e-15,7.190537236632782e-08,2.56935314450631e-05,2.5693531445063052e-05,325.16032797335356,325.16134127896333,0.0033833395551191906,0.0,5e-09,3.8999999999999997e-07,1.0701359934921391e-05,0.019965942278320534,0.03918228280691286,False,not_evaluated,False,False,21
G0_heating_coarse_022,G0_heating,G0,heating,1.0,1.3,coarse,coarse,22,True,immediately_preceding_accepted_protocol_equilibrium,G0_heating_coarse_021,3fa680a91ad4284ccdd2708914121fbed2361733bd84c798354bb0247e98feea,True,True,True,True,31,7.103508436892242e-08,1.8099616349108607e-15,1.3922781807006619e-15,7.097876510358366e-08,2.6207099714893628e-05,2.620709971489358e-05,325.1667391671653,325.16779279918694,0.003394295859177235,0.0,5e-09,3.7e-07,1.0956304058044267e-05,0.01959653206259465,0.03845043100230312,False,not_evaluated,False,False,22
G0_heating_coarse_023,G0_heating,G0,heating,1.0,1.3250000000000002,coarse,coarse,23,True,immediately_preceding_accepted_protocol_equilibrium,G0_heating_coarse_022,770657d0860efda1982a0b42eb1e90b58c427e205efa12adf00e8fd41f096160,True,True,True,True,31,7.015711982524413e-08,2.028726260608345e-15,1.913892698687118e-15,7.009859513366664e-08,2.6721253466704457e-05,2.672125346670451e-05,325.17327983095277,325.17437458830375,0.003405509857641437,0.0,5e-09,3.8999999999999997e-07,1.1213998464202311e-05,0.019241378494892873,0.03774624388119599,False,not_evaluated,False,False,23
G0_heating_coarse_024,G0_heating,G0,heating,1.0,1.35,coarse,protocol_quartile_3_interior,24,True,immediately_preceding_accepted_protocol_equilibrium,G0_heating_coarse_023,6bbc75a527c5ea038d344447520ef165e3857930e77206d6a5b560caa81f9249,True,True,True,True,31,6.93231722328906e-08,3.6075709267847735e-15,3.1330117882677467e-15,6.92628295835637e-08,2.7236005577045927e-05,2.723600557704583e-05,325.17995026469106,325.1810869472342,0.0034169843768490906,0.0,5e-09,3.7e-07,1.1474519207653466e-05,0.01889969176593557,0.03706820136900346,False,stable,True,True,24
G0_heating_coarse_025,G0_heating,G0,heating,1.0,1.375,coarse,coarse,25,True,immediately_preceding_accepted_protocol_equilibrium,G0_heating_coarse_024,095d960a13532facab38fd9024cb15ef951194b05ca85c5719f2f6c9d2e58b7a,True,True,True,True,31,6.852970804408757e-08,1.2208881609051105e-15,3.551674649905779e-16,6.846897488483047e-08,2.7751369023886605e-05,2.775136902388664e-05,325.1867507753399,325.1879301839044,0.00342872232070065,0.0,5e-09,3.8999999999999997e-07,1.1737943851559355e-05,0.018570739569535706,0.03641489295994985,False,not_evaluated,False,False,25
G0_heating_coarse_026,G0_heating,G0,heating,1.0,1.4,coarse,coarse,26,True,immediately_preceding_accepted_protocol_equilibrium,G0_heating_coarse_025,b4223660fbbf5f60d37e2ef873b9ea62f89d170ae0ceab795c6c51ac00b06225,True,True,True,True,31,6.777876016334724e-08,4.0752476886006204e-15,2.3972045227062516e-15,6.771527790017498e-08,2.826735688945109e-05,2.8267356889451205e-05,325.19368167692437,325.19490461332674,0.0034407266722179743,0.0,5e-09,3.8999999999999997e-07,1.2004351517324284e-05,0.01825384196981792,0.035785008025031775,False,not_evaluated,False,False,26
G0_heating_coarse_027,G0_heating,G0,heating,1.0,1.425,coarse,coarse,27,True,immediately_preceding_accepted_protocol_equilibrium,G0_heating_coarse_026,76d387ebc661d169c1883388052001678fb4240fd9a71142d4cdd98f1f321853,True,True,True,True,31,6.706465559687777e-08,2.3541786166173362e-15,1.9824662034672314e-15,6.699974104203869e-08,2.8783982363118395e-05,2.8783982363118462e-05,325.20074329061964,325.20201055768496,0.003453000495154845,0.0,5e-09,3.8999999999999997e-07,1.2273822936870703e-05,0.017948366808661947,0.03517732713489675,False,not_evaluated,False,False,27
G0_heating_coarse_028,G0_heating,G0,heating,1.0,1.4500000000000002,coarse,coarse,28,True,immediately_preceding_accepted_protocol_equilibrium,G0_heating_coarse_027,356d5d2ce625e0465310eb141b39abc45d6331f620dba3d47d866be57c67c1a8,True,True,True,True,31,6.63864638907375e-08,2.312618593333586e-15,1.435418437241536e-15,6.632065575936486e-08,2.930125874438541e-05,2.9301258744385343e-05,325.20793594483683,325.20924834642,0.0034655469356601634,0.0,5e-09,3.7e-07,1.2546440505318418e-05,0.017653725588363485,0.03459071426879006,False,not_evaluated,False,False,28
G0_heating_coarse_029,G0_heating,G0,heating,1.0,1.475,coarse,coarse,29,True,immediately_preceding_accepted_protocol_equilibrium,G0_heating_coarse_028,16c6ebdae52f295bdfd0d9d59eafbc56d1e5620f5d1c889ac78908c354ce3a06,True,True,True,True,31,6.574460921028128e-08,4.544899731683981e-16,4.621931930526082e-16,6.567665300889906e-08,2.981919944589691e-05,2.9819199445896925e-05,325.21525997531273,325.2166183163205,0.003478369223996048,0.0,5e-09,3.8999999999999997e-07,1.282228833588469e-05,0.017369369773029542,0.034024109810597156,False,not_evaluated,False,False,29
G0_heating_coarse_030,G0_heating,G0,heating,1.0,1.5,coarse,coarse,30,True,immediately_preceding_accepted_protocol_equilibrium,G0_heating_coarse_029,14e581d0aa37f21258252dff86ecbd71b626097afe7f3424039ac1cb8639d6c5,True,True,True,True,30,9.950681481661523e-08,3.797124792951479e-15,2.5314165286343227e-15,9.940565453543151e-08,3.0337817982811928e-05,3.0337817982812043e-05,325.2227157174529,325.2241208038204,0.003491470662670894,0.0,5e-09,3.8999999999999997e-07,1.3101438674845752e-05,0.017094787014967357,0.03347649061207865,False,not_evaluated,False,False,30
G0_heating_coarse_031,G0_heating,G0,heating,1.0,1.525,coarse,coarse,31,True,immediately_preceding_accepted_protocol_equilibrium,G0_heating_coarse_030,b77672792b255b50c9cf891520627a8ef5a5cfe2d644d20db58ed7991128920f,True,True,True,True,30,9.86014150556291e-08,2.4156136399060774e-15,2.4480138228556376e-15,9.849809150333151e-08,3.085712803032377e-05,3.0857128030323844e-05,325.2303035372309,325.23175617607654,0.003504854682450072,0.0,5e-09,3.7e-07,1.338401977917826e-05,0.016829500367030494,0.03294703274067366,False,not_evaluated,False,False,31
G0_heating_coarse_032,G0_heating,G0,heating,1.0,1.55,coarse,end_endpoint,32,True,immediately_preceding_accepted_protocol_equilibrium,G0_heating_coarse_031,5e7c73b005bcff3df15c8d9388df7e2bf9a933b403eba5315bd48704e2a8f48f,True,True,True,True,30,9.774385670519212e-08,4.319235504175285e-16,1.253971597986373e-15,9.763743962249103e-08,3.137714334624253e-05,3.137714334624252e-05,325.2380237853615,325.2395247848777,0.0035185247635560095,0.0,5e-09,3.8999999999999997e-07,1.3670081105937419e-05,0.016573061166864793,0.03243476881445237,False,stable,True,True,32
G0_cooling_coarse_000,G0_cooling,G0,cooling,-1.0,1.55,coarse,start_endpoint,0,True,uniform_360K,,455caea3105759eb5086d36281aa5e5e279d2de38292f1f5bc627ed1322f934d,True,True,True,True,39,1.1544189021557314e-08,5.872166440501105e-15,3.2765357645341825e-15,3.4911842846541375e-09,0.005465169393739512,0.00546516939373948,366.46745992846905,367.9356458455319,0.9999999922374112,0.0,5e-09,3.8999999999999997e-07,,,,False,stable,True,True,0
G0_cooling_coarse_001,G0_cooling,G0,cooling,-1.0,1.5250000000000001,coarse,coarse,1,True,immediately_preceding_accepted_protocol_equilibrium,G0_cooling_coarse_000,106291035e384961b070ae763b0497b8ac83f75628d14b72357d014633f43acb,True,True,True,True,34,7.201009349732484e-09,2.7388750303587926e-15,1.4790453394415852e-15,7.0188941259317185e-09,0.005383651821409042,0.005383651821409027,365.1900885225042,366.6135944463135,0.9999999853377128,0.0,5e-09,3.8999999999999997e-07,6.899698368201257e-09,0.014915836355200711,0.030803939633188136,False,not_evaluated,False,False,1
G0_cooling_coarse_002,G0_cooling,G0,cooling,-1.0,1.5,coarse,coarse,2,True,immediately_preceding_accepted_protocol_equilibrium,G0_cooling_coarse_001,c2f5cd9e9ec48cf9f3a4468bc5ea6b7080b3d9b461e4b72d85429d120b1a18ca,True,True,True,True,34,7.52906518770047e-09,1.1451758905684794e-15,8.725149642426509e-16,7.3012431218753e-09,0.0053018337322005985,0.005301833732200592,363.9304620782038,365.3098755344286,0.999999972541943,0.0,5e-09,3.8999999999999997e-07,1.27957698881076e-08,0.015197507551116048,0.03134147380445004,False,not_evaluated,False,False,2
G0_cooling_coarse_003,G0_cooling,G0,cooling,-1.0,1.475,coarse,coarse,3,True,immediately_preceding_accepted_protocol_equilibrium,G0_cooling_coarse_002,482daa6bc99e9be1d380082741285e5360ec4da4a03c7bbbb2d0074073b77efb,True,True,True,True,34,7.870200423622155e-09,2.9910640073808447e-15,1.9151822269481887e-15,7.594608422964852e-09,0.005219718215747068,0.005219718215747083,362.6887136685742,364.02462801519397,0.9999999490223954,0.0,5e-09,3.8999999999999997e-07,2.3519547531769547e-08,0.01548813497390602,0.03189633350930267,False,not_evaluated,False,False,3
G0_cooling_coarse_004,G0_cooling,G0,cooling,-1.0,1.45,coarse,coarse,4,True,immediately_preceding_accepted_protocol_equilibrium,G0_cooling_coarse_003,cd04aaeab00156f1c0ca3ff84de8de5f3fbd90f45a04736af8f95eb1cf057d2f,True,True,True,True,34,8.225117100353618e-09,2.7013733272976782e-15,1.746577582304535e-15,7.899545732483505e-09,0.005137308371108069,0.005137308371108083,361.4649744948619,362.75798864503315,0.9999999061791403,0.0,5e-09,3.7e-07,4.2843255165792016e-08,0.015788178831259755,0.03246940734499384,False,not_evaluated,False,False,4
G0_cooling_coarse_005,G0_cooling,G0,cooling,-1.0,1.425,coarse,coarse,5,True,immediately_preceding_accepted_protocol_equilibrium,G0_cooling_coarse_004,005f37c8856a3f9a1b5bb82a0bc1499858e201fdbc4ca1aba589c40b25d3d8e1,True,True,True,True,34,8.594587980091805e-09,6.863929827785232e-16,4.816792861603669e-16,8.216705564082705e-09,0.005054607257069079,0.005054607257069075,360.25937395870466,361.5100921149933,0.9999998288413731,0.0,5e-09,3.7e-07,7.733776719032193e-08,0.01609814090664609,0.03306164372036976,False,not_evaluated,False,False,5
G0_cooling_coarse_006,G0_cooling,G0,cooling,-1.0,1.4,coarse,coarse,6,True,immediately_preceding_accepted_protocol_equilibrium,G0_cooling_coarse_005,8a582bbaf6ac3c315d83a77675f8bc2b248d2a5bab91d314c1bed2d20ea334e0,True,True,True,True,34,8.979931661639029e-09,2.2680147630458557e-15,2.1184753281197553e-15,8.546886702201759e-09,0.004971617812005075,0.004971617812005064,359.0720391365631,360.2810703796483,0.99999969050977,0.0,5e-09,3.8999999999999997e-07,1.3833160306120362e-07,0.016418574350744886,0.03367407300346064,False,not_evaluated,False,False,6
G0_cooling_coarse_007,G0_cooling,G0,cooling,-1.0,1.375,coarse,coarse,7,True,immediately_preceding_accepted_protocol_equilibrium,G0_cooling_coarse_006,d9e3b305dc42158d41e108d3220fb044e4d6eeb89bf45c3c25cc34d1e8683c76,True,True,True,True,34,9.3825578794292e-09,1.596912509697347e-15,7.742606107623501e-16,8.891132088493247e-09,0.00488834272040057,0.0048883427204005625,357.90309395338403,359.07105160424567,0.9999994453567724,0.0,5e-09,3.7e-07,2.451529975688871e-07,0.01675009921386533,0.03430782559990744,False,not_evaluated,False,False,7
G0_cooling_coarse_008,G0_cooling,G0,cooling,-1.0,1.35,coarse,protocol_quartile_1_interior,8,True,immediately_preceding_accepted_protocol_equilibrium,G0_cooling_coarse_007,e1327d9ff26bdb71eb86faa6ccdac9f66667121118481c3fb272f6f5a79100a2,True,True,True,True,34,9.804847218957906e-09,2.34676566948978e-15,1.7383449403627998e-15,9.250871690590101e-09,0.0048047841931745765,0.004804784193174565,356.752657883813,357.8801585176494,0.9999990149240495,0.0,5e-09,3.7e-07,4.30432722908769e-07,0.017093426546644978,0.03496415877233647,False,stable,True,True,8
G0_cooling_coarse_009,G0_cooling,G0,cooling,-1.0,1.325,coarse,coarse,9,True,immediately_preceding_accepted_protocol_equilibrium,G0_cooling_coarse_008,cc11f5028249e4e0c5aed06805bb4faca774c06e3dfb4e8b572e7fc901e0b14c,True,True,True,True,34,1.02502156123663e-08,8.451412098714499e-15,5.407794452007653e-15,9.628173869789352e-09,0.0047209436105399485,0.004720943610539988,355.62084392186046,356.7085058537264,0.9999982662490077,0.0,5e-09,3.7e-07,7.486750418506105e-07,0.017449396115173606,0.03564449720011525,False,not_evaluated,False,False,9
G0_cooling_coarse_010,G0_cooling,G0,cooling,-1.0,1.3,coarse,coarse,10,True,immediately_preceding_accepted_protocol_equilibrium,G0_cooling_coarse_009,da2d17716e1bd7523b8b20e2ee50584a3710f5f05309a0243bd10884c25df0ea,True,True,True,True,34,1.072383363428129e-08,6.3600254180527175e-15,4.604543289087948e-15,1.0026154338566071e-08,0.00463682094852928,0.00463682094852931,354.50775543434145,355.55619641498225,0.9999969763027597,0.0,5e-09,3.8999999999999997e-07,1.2899462479287749e-06,0.017819035546803957,0.03635049500009179,False,not_evaluated,False,False,10
G0_cooling_coarse_011,G0_cooling,G0,cooling,-1.0,1.275,coarse,coarse,11,True,immediately_preceding_accepted_protocol_equilibrium,G0_cooling_coarse_010,6379a29c21f9361e881e843208286c6e85772919d8f547269f3c47113068f3d6,True,True,True,True,34,1.1233901728816203e-08,4.191613236920847e-15,1.6437698968317089e-15,1.0449634606803326e-08,0.00455241386959699,0.004552413869597009,353.4134813362783,354.4233150850593,0.9999947748254525,0.0,5e-09,3.7e-07,2.2014773072287497e-06,0.018203652862434284,0.03708413098690162,False,not_evaluated,False,False,11
G0_cooling_coarse_012,G0_cooling,G0,cooling,-1.0,1.25,coarse,coarse,12,True,immediately_preceding_accepted_protocol_equilibrium,G0_cooling_coarse_011,acc91e0c85e3779f0f76588659cf3aa2691890e3dc472d3e39320878aae00103,True,True,True,True,34,1.1793303498092162e-08,6.406614798561248e-15,3.572173099803858e-15,1.0906216482005491e-08,0.004467716298480294,0.004467716298480323,352.33808878089224,353.3099198335575,0.9999910534658898,0.0,5e-09,3.8999999999999997e-07,3.721359562725013e-06,0.01860498046593323,0.03784785493680381,False,not_evaluated,False,False,12
G0_cooling_coarse_013,G0_cooling,G0,cooling,-1.0,1.225,coarse,coarse,13,True,immediately_preceding_accepted_protocol_equilibrium,G0_cooling_coarse_012,a2fefe02500d2dc01a7c4d1a644dbbc0a26f27b4cee0666daaf0a93b2bdd929f,True,True,True,True,34,1.2422677311386701e-08,1.781145584415476e-15,8.077757752451137e-16,1.1408031032104961e-08,0.004382716219380481,0.004382716219380473,351.2816122211817,352.21602837568537,0.9999848229468715,0.0,5e-09,3.8999999999999997e-07,6.230519018268765e-06,0.0190253976351915,0.03864481138690813,False,not_evaluated,False,False,13
G0_cooling_coarse_014,G0_cooling,G0,cooling,-1.0,1.2,coarse,coarse,14,True,immediately_preceding_accepted_protocol_equilibrium,G0_cooling_coarse_013,4b821e00664d27002a29a844086b2c57fbeac696a7ba126b042110f5e2d172af,True,True,True,True,34,1.3154337889756235e-08,8.073377300453603e-15,4.373079371079051e-15,1.197455349652096e-08,0.004297392309112885,0.00429739230911292,350.24403724499376,351.14159864166254,0.99997449087298,0.0,5e-09,3.8999999999999997e-07,1.0332073891561322e-05,0.0194682717284526,0.03947918034989404,False,not_evaluated,False,False,14
G0_cooling_coarse_015,G0_cooling,G0,cooling,-1.0,1.175,coarse,coarse,15,True,immediately_preceding_accepted_protocol_equilibrium,G0_cooling_coarse_014,c865b84029cb1c3604b908348a7c8e95ada823c0918c09513f3f684fa70c897e,True,True,True,True,34,1.4040332915483736e-08,1.0297028704513687e-15,5.258057210815498e-16,1.2637278513802563e-08,0.004211708847661058,0.004211708847661054,349.22527696618846,350.0865005331677,0.9999575193835978,0.0,5e-09,3.7e-07,1.6971489382178184e-05,0.019938477869504676,0.04035669337208961,False,not_evaluated,False,False,15
G0_cooling_coarse_016,G0_cooling,G0,cooling,-1.0,1.15,coarse,coarse,16,True,immediately_preceding_accepted_protocol_equilibrium,G0_cooling_coarse_015,37bb1cfad03242ca9f01b017511b7f4a65717beaaf29a8c49a1ecb040c49a453,True,True,True,True,35,9.751419903364708e-09,2.102385193722667e-15,1.64534493421774e-15,8.651277520022896e-09,0.004125608097784285,0.004125608097784294,348.22513778354903,349.0504754055771,0.9999299018745154,0.0,5e-09,3.8999999999999997e-07,2.7617509082422664e-05,0.020443186599802238,0.04128541689335661,False,not_evaluated,False,False,16
G0_cooling_coarse_017,G0_cooling,G0,cooling,-1.0,1.125,coarse,coarse,17,True,immediately_preceding_accepted_protocol_equilibrium,G0_cooling_coarse_016,a35c9dd8da65f5a732d43b47db39035dac7a1e61e0d5671693d5f665db991bed,True,True,True,True,35,1.0737909242991704e-08,1.0737335466627683e-15,9.54429819255795e-16,9.336984495478491e-09,0.004038998970853699,0.004038998970853703,347.2432708246661,348.03307918838055,0.9998853675649627,0.0,5e-09,3.8999999999999997e-07,4.4534309552646256e-05,0.020993057236120168,0.04227690534585508,False,not_evaluated,False,False,17
G0_cooling_coarse_018,G0_cooling,G0,cooling,-1.0,1.1,coarse,coarse,18,True,immediately_preceding_accepted_protocol_equilibrium,G0_cooling_coarse_017,1ec26b84018088139881d297faec5f00bcf997c92feef2a6418374fb0e611474,True,True,True,True,35,1.212255672011787e-08,3.2923282735814126e-15,2.7934906563721086e-15,1.0274284733549855e-08,0.003951740224152435,0.003951740224152448,346.2791011482374,347.03360063478124,0.9998141742550024,0.0,5e-09,3.8999999999999997e-07,7.11933099603046e-05,0.02160405271973135,0.04334802883071204,False,not_evaluated,False,False,18
G0_cooling_coarse_019,G0_cooling,G0,cooling,-1.0,1.075,coarse,coarse,19,True,immediately_preceding_accepted_protocol_equilibrium,G0_cooling_coarse_018,efbc50e4d5e542dac4f6109777b05de24444f9ab0bbb55562f8eae8bbcd19998,True,True,True,True,35,1.4166419831732674e-08,5.387876186593911e-15,3.758983385995752e-15,1.1635711573605158e-08,0.003863615456405189,0.0038636154564051684,345.33172720689174,346.0509466752069,0.9997012686054033,0.0,5e-09,3.7e-07,0.00011290564959909322,0.02230024312039556,0.04452367638742036,False,not_evaluated,False,False,19
G0_cooling_coarse_020,G0_cooling,G0,cooling,-1.0,1.05,coarse,coarse,20,True,immediately_preceding_accepted_protocol_equilibrium,G0_cooling_coarse_019,188272ac6e0479c287dbf6ec70bedc8964c725ea288ea05f1f34e7258dbb6cc1,True,True,True,True,35,1.735114709104185e-08,5.745189725722487e-16,2.188643705037139e-16,1.3747214320549685e-08,0.0037742954514845364,0.0037742954514845386,344.3997730740254,345.0834764823661,0.9995234477695285,0.0,5e-09,3.7e-07,0.000177820835874809,0.02311824402000879,0.0458411186154616,False,not_evaluated,False,False,20
G0_cooling_coarse_021,G0_cooling,G0,cooling,-1.0,1.025,coarse,coarse,21,True,immediately_preceding_accepted_protocol_equilibrium,G0_cooling_coarse_020,0ee6a2195c978102a70d6e6817aa22939e493f18cc83043e4e13f959a1cfda46,True,True,True,True,36,1.4859808461941214e-08,1.8838898455500928e-15,1.0338419884116373e-15,1.1301976801310487e-08,0.0036832800602951757,0.0036832800602951826,343.48116563174574,344.1287551525743,0.9992448757166955,0.0,5e-09,3.8999999999999997e-07,0.0002785720528329927,0.024114538026842013,0.047357156948504606,False,not_evaluated,False,False,21
G0_cooling_coarse_022,G0_cooling,G0,cooling,-1.0,1.0,coarse,coarse,22,True,immediately_preceding_accepted_protocol_equilibrium,G0_cooling_coarse_021,87b321cbbc5a1263cbaa4d44165a4b35c3affede048f70bc5e2ab1263a57811c,True,True,True,True,36,2.1330661253250743e-08,2.0537536696171654e-15,1.3288994332816963e-15,1.567478946855181e-08,0.003589804795954773,0.00358980479595478,342.57278219898905,343.1831700364364,0.9988097224756812,0.0,5e-09,3.7e-07,0.00043515324101428554,0.025378266873606076,0.04916056746614604,False,not_evaluated,False,False,22
G0_cooling_coarse_023,G0_cooling,G0,cooling,-1.0,0.975,coarse,coarse,23,True,immediately_preceding_accepted_protocol_equilibrium,G0_cooling_coarse_022,3d570ce3e862c20fd14ab885c06a2d08643dfe652e7117f38c52fcce966c9fd3,True,True,True,True,37,2.3239323257784225e-08,2.23503233278781e-15,1.273522696745192e-15,1.6617765414779145e-08,0.003492681303701179,0.0034926813037011867,341.66984997157186,342.24128520132405,0.9981293600434197,0.0,5e-09,3.8999999999999997e-07,0.0006803624322615498,0.02705536868273146,0.05139566147507525,False,not_evaluated,False,False,23
G0_cooling_coarse_024,G0_cooling,G0,cooling,-1.0,0.95,coarse,protocol_quartile_3_interior,24,True,immediately_preceding_accepted_protocol_equilibrium,G0_cooling_coarse_023,5c4b29e8ed224c0e461b934c6dc0536d47349b861cee085948d12507212fe51f,True,True,True,True,39,2.144686621269867e-08,3.8378834216924904e-16,2.6932515239947296e-16,1.5139977473040642e-08,0.003390000330986737,0.0033900003309867356,340.7648244237291,341.29464673128916,0.997058167122967,0.0,5e-09,3.7e-07,0.0010711929204526571,0.029398895514924698,0.05431116730798879,False,stable,True,True,24
G0_cooling_coarse_025,G0_cooling,G0,cooling,-1.0,0.925,coarse,coarse,25,True,immediately_preceding_accepted_protocol_equilibrium,G0_cooling_coarse_024,b62f1c7d206536b547d7378c57c336a09e33decb24cffdb84cbfc78efdd5a77a,True,True,True,True,41,2.9297588683724264e-08,7.936798047584836e-16,5.720214809070153e-16,2.078004184528322e-08,0.003278507527046152,0.0032785075270461545,339.84500345270044,340.3292525502627,0.9953420918182081,0.0,5e-09,3.7e-07,0.001716075304758924,0.03288872951470554,0.05837665471962992,False,not_evaluated,False,False,25
G0_cooling_coarse_026,G0_cooling,G0,cooling,-1.0,0.9,coarse,coarse,26,True,immediately_preceding_accepted_protocol_equilibrium,G0_cooling_coarse_025,1dfea15a0812200fc15a4d029168080be5c0d66b199a5eecf4c960e0cb04aa8d,True,True,True,True,46,2.9270662079216218e-08,1.375874667336549e-16,0.0,2.1100274795460236e-08,0.003152037604077205,0.0031520376040772053,338.886450242712,339.31911191483186,0.992488430273296,0.0,5e-09,3.7e-07,0.0028536615449120672,0.03857545603468329,0.06461678121882325,False,not_evaluated,False,False,26
G0_cooling_coarse_027,G0_cooling,G0,cooling,-1.0,0.875,coarse,coarse,27,True,immediately_preceding_accepted_protocol_equilibrium,G0_cooling_coarse_026,1393218ed8518bc1d5672396d2b215774e3a246d1513bed75659e47866411f8f,True,True,True,True,56,3.685213547668293e-08,1.4474156802126085e-16,1.6541893488144094e-16,2.7208154136763654e-08,0.0029962427167467133,0.002996242716746713,337.83319105633,338.20417296356163,0.9873239546822383,0.0,5e-09,3.8999999999999997e-07,0.0051644755910577045,0.04942672229829005,0.07591975663598338,False,not_evaluated,False,False,27
G0_cooling_coarse_028,G0_cooling,G0,cooling,-1.0,0.85,coarse,coarse,28,True,immediately_preceding_accepted_protocol_equilibrium,G0_cooling_coarse_027,8fc3cfcd0318ca8f1bb9f338f1170fc9ed8147f03b2d9fe1b13183ea7b5ebfec,True,True,True,True,102,4.212200305700132e-08,2.363308658643365e-15,1.4828603348350529e-15,3.228522175031326e-08,0.0027525871456195155,0.002752587145619509,336.4523757888673,336.73646903173824,0.9749525246703172,0.0,5e-09,3.8999999999999997e-07,0.012371430011921092,0.08132037159918616,0.10772362474027317,False,not_evaluated,False,False,28
G0_cooling_coarse_029,G0_cooling,G0,cooling,-1.0,0.825,coarse,coarse,29,True,immediately_preceding_accepted_protocol_equilibrium,G0_cooling_coarse_028,4fea6bbadf386854755d79bffe806ea3bd4facb6cd648c08c60eb7512fe814b0,True,True,True,True,71,7.580994403153907e-08,8.057952625792938e-16,5.581265887995111e-16,7.500540253181456e-08,2.9432938643997725e-05,2.943293864399775e-05,325.11884011413855,325.11959547243276,0.11236203395029143,1.0,5e-09,3.7e-07,0.8625904907200258,0.989307172820727,0.9896261169009226,True,not_evaluated,False,False,29
G0_cooling_coarse_030,G0_cooling,G0,cooling,-1.0,0.8,coarse,coarse,30,True,immediately_preceding_accepted_protocol_equilibrium,G0_cooling_coarse_029,abf11795901d0ee3207eab21d8769ca0ac197b4100cbbc34ef1647050efe7ac5,True,True,True,True,33,7.830249931489014e-08,4.402278837856228e-15,3.569415273937485e-15,7.812335930355913e-08,2.8476359815200326e-05,2.847635981520045e-05,325.1114936083129,325.1122030404307,0.11199181254398001,1.0,5e-09,3.7e-07,0.000370221406311419,0.032500282773921196,0.06181836726291123,False,not_evaluated,False,False,30
G0_cooling_coarse_031,G0_cooling,G0,cooling,-1.0,0.775,coarse,coarse,31,True,immediately_preceding_accepted_protocol_equilibrium,G0_cooling_coarse_030,caa7848aa6cb94f018e58a4b521efc1949395dd21648f89257cb75b6d18e176a,True,True,True,True,33,7.772539585053033e-08,8.616094250779414e-16,6.352880553570076e-16,7.755591023059554e-08,2.752630348835259e-05,2.7526303488352566e-05,325.10440592163246,325.10507094819604,0.11163564492496195,1.0,5e-09,3.8999999999999997e-07,0.0003561676190180635,0.03336298364725004,0.06357030837969836,False,not_evaluated,False,False,31
G0_cooling_coarse_032,G0_cooling,G0,cooling,-1.0,0.75,coarse,end_endpoint,32,True,immediately_preceding_accepted_protocol_equilibrium,G0_cooling_coarse_031,884737f4e25de5f6974d77d8623510018cf681c0fa60ea77c424e3ef81eae520,True,True,True,True,33,7.735279912071664e-08,1.7844031265975634e-15,1.5294883942264829e-15,7.719436212343425e-08,2.6582471381725266e-05,2.658247138172522e-05,325.09757356562324,325.0981956960514,0.11129324600659753,1.0,5e-09,3.8999999999999997e-07,0.00034239891836441994,0.03428837101308187,0.06544028004650415,False,stable,True,True,32
G0_cooling_event_refine_01,G0_cooling,G0,cooling,-1.0,0.8374999999999999,event_refinement,event_refinement,0,False,last_accepted_pre_switch_equilibrium,G0_cooling_coarse_028,10f2ee730fb6525e3d62dfa54bac0c7f82488c13f04d356c478c1be6647fb1f2,True,True,True,True,98,8.378507150108934e-08,1.0193695306253515e-15,4.057192161692944e-16,8.297623554253242e-08,2.9913770409096062e-05,2.9913770409096093e-05,325.12261156886365,325.1233904641492,0.11255250840516956,1.0,5e-09,3.8999999999999997e-07,,,,False,not_evaluated,False,False,33
G0_cooling_event_refine_02,G0_cooling,G0,cooling,-1.0,0.84375,event_refinement,last_pre_switch|half_step_pre_switch,1,False,last_accepted_pre_switch_equilibrium,G0_cooling_coarse_028,dddab6378289570e4f0712cc5aa1e44b3d0dae962483bcf902a8f22188f90ed2,True,True,True,True,189,4.932334445746287e-08,8.262404031501673e-16,7.833983081720106e-16,3.854858427303144e-08,0.0026244230331797323,0.0026244230331797344,335.83866184097684,336.08348549548225,0.9661981536341516,0.0,5e-09,3.8999999999999997e-07,,,,False,stable,True,True,34
G0_cooling_event_refine_03,G0_cooling,G0,cooling,-1.0,0.840625,event_refinement,event_refinement,2,False,last_accepted_pre_switch_equilibrium,G0_cooling_event_refine_02,0d82c39a9a1b50e27d4db9b9a74d2ba595cdce5ce0abd85c00668a53c0f36053,True,True,True,True,135,6.875576245163228e-08,6.768536198704044e-16,5.36786018236752e-16,6.810032877194908e-08,3.0034249854489218e-05,3.0034249854489238e-05,325.12356473982334,325.1243495793837,0.11260069219260214,1.0,5e-09,3.8999999999999997e-07,,,,False,not_evaluated,False,False,35
G0_cooling_event_reachability_confirmation,G0_cooling,G0,cooling,-1.0,0.840625,event_reachability_confirmation,first_post_switch|half_step_post_switch,3,False,final_refined_pre_switch_equilibrium,G0_cooling_event_refine_02,0d82c39a9a1b50e27d4db9b9a74d2ba595cdce5ce0abd85c00668a53c0f36053,True,True,True,True,135,6.875576245163228e-08,6.768536198704044e-16,5.36786018236752e-16,6.810032877194908e-08,3.0034249854489218e-05,3.0034249854489238e-05,325.12356473982334,325.1243495793837,0.11260069219260214,1.0,5e-09,3.8999999999999997e-07,0.8535974614415495,0.9885558656227384,0.9886022290709165,True,stable,True,True,36
G0_cooling_half_anchor,G0_cooling,G0,cooling,-1.0,0.9,half_step_anchor_reused,half_step_anchor_reused,0,False,accepted_coarse_window_anchor_reused_without_solve,G0_cooling_coarse_026,1dfea15a0812200fc15a4d029168080be5c0d66b199a5eecf4c960e0cb04aa8d,True,True,True,True,46,2.9270662079216218e-08,1.375874667336549e-16,0.0,2.1100274795460236e-08,0.003152037604077205,0.0031520376040772053,338.886450242712,339.31911191483186,0.992488430273296,0.0,5e-09,3.7e-07,,,,False,not_evaluated,False,False,37
G0_cooling_half_001,G0_cooling,G0,cooling,-1.0,0.8875000000000001,half_step_continuation,half_step_continuation,1,False,immediately_preceding_accepted_half_step_equilibrium,G0_cooling_half_anchor,8a36b248e6bb66e755b8da48ddaf3fcef2c8825989e91c2d541350489783098f,True,True,True,True,48,3.006565707976013e-08,8.449982528353581e-16,7.934255895167681e-16,2.1914897339689314e-08,0.003079397152874597,0.0030793971528745943,338.37790128881824,338.7814108550541,0.9903265042865901,0.0,5e-09,3.8999999999999997e-07,0.002161925986705948,0.023045553488526438,0.03665470256811694,False,not_evaluated,False,False,38
G0_cooling_half_002,G0_cooling,G0,cooling,-1.0,0.875,half_step_continuation,half_step_continuation,2,False,immediately_preceding_accepted_half_step_equilibrium,G0_cooling_half_001,4f3451d5d9aeef2dae62601738264b7d238b96406462dfe4cbe0f0e1445b3924,True,True,True,True,54,3.4156077135211796e-08,2.1711235226994e-15,1.3233514805024928e-15,2.5217702467055432e-08,0.0029962427134615326,0.002996242713461539,337.83319101669355,338.2041729200093,0.9873239544344529,0.0,5e-09,3.8999999999999997e-07,0.003002549852137215,0.027003479994595757,0.04075864462320618,False,not_evaluated,False,False,39
G0_cooling_half_003,G0_cooling,G0,cooling,-1.0,0.8625,half_step_continuation,half_step_continuation,3,False,immediately_preceding_accepted_half_step_equilibrium,G0_cooling_half_002,fd6344a5a2ee31f021b1cd2b1f6f3d7c7fb9f4f2ade96179ca57d6e80de44871,True,True,True,True,66,3.449683741963574e-08,3.2955999753402485e-15,2.431536213689775e-15,2.5869159828463665e-08,0.002895065902798897,0.0028950659027988873,337.2225413143365,337.55568870047995,0.9828535202116441,0.0,5e-09,3.7e-07,0.0044704342228087945,0.03376789544053559,0.047637857563029566,False,not_evaluated,False,False,40
G0_cooling_half_004,G0_cooling,G0,cooling,-1.0,0.85,half_step_continuation,half_step_continuation,4,False,immediately_preceding_accepted_half_step_equilibrium,G0_cooling_half_003,d23bba4dc5060626f6266930224ba39b0ae332f3f8df6f9e3700defef6908cb0,True,True,True,True,99,4.1916208771963206e-08,7.877695531044898e-16,7.414301676277551e-16,3.2127515680462994e-08,0.0027525871448390313,0.0027525871448390335,336.4523757838119,336.736469026285,0.9749525246083213,0.0,5e-09,3.7e-07,0.007900995603322802,0.04921434010262762,0.06308984859480958,False,not_evaluated,False,False,41
G0_cooling_half_005,G0_cooling,G0,cooling,-1.0,0.8375,half_step_continuation,half_step_continuation,5,False,immediately_preceding_accepted_half_step_equilibrium,G0_cooling_half_004,10f2ee730fb6525e3d62dfa54bac0c7f82488c13f04d356c478c1be6647fb1f2,True,True,True,True,98,8.378507031245879e-08,1.4724226553477298e-15,9.466781710616866e-16,8.297623513681323e-08,2.9913770409096052e-05,2.9913770409096096e-05,325.12261156886365,325.1233904641492,0.11255250840516956,1.0,5e-09,3.8999999999999997e-07,0.8624000162031518,0.9891324892419181,0.9892968972483434,True,not_evaluated,False,False,42
G0_cooling_half_006,G0_cooling,G0,cooling,-1.0,0.825,half_step_continuation,half_step_continuation,6,False,immediately_preceding_accepted_half_step_equilibrium,G0_cooling_half_005,e522600244c53d7525c290549d200a9eeab1a6bc2c4e3d60f9a4cdbe7684292f,True,True,True,True,31,8.920179564288679e-08,4.3743171373817085e-15,2.372038001132027e-15,8.899756749323354e-08,2.9432938659705334e-05,2.9432938659705205e-05,325.1188401158648,325.1195954741707,0.112362034037411,1.0,5e-09,3.8999999999999997e-07,0.00019047436775855575,0.016073926583474372,0.030759338962597523,False,not_evaluated,False,False,43
G0_cooling_half_007,G0_cooling,G0,cooling,-1.0,0.8125,half_step_continuation,half_step_continuation,7,False,immediately_preceding_accepted_half_step_equilibrium,G0_cooling_half_006,ada845df91d101f5a7456f628655447d1b410c046bd9a49a90c85e2f0306812e,True,True,True,True,31,8.883319217723536e-08,4.095647267226682e-15,2.304364176725342e-15,8.863422655447886e-08,2.8953814837648404e-05,2.8953814837648285e-05,325.1151342846777,325.11586648909133,0.11217514815057905,1.0,5e-09,3.7e-07,0.00018688588683195284,0.016278490829489164,0.03118331780495202,False,not_evaluated,False,False,44
G0_cooling_half_008,G0_cooling,G0,cooling,-1.0,0.8,half_step_continuation,half_step_continuation,8,False,immediately_preceding_accepted_half_step_equilibrium,G0_cooling_half_007,3675747c3a75e17532cdddc60a48e9b42fb6fab6d2f56c41328cd7a24ef38343,True,True,True,True,31,8.851966365561063e-08,4.759220363520704e-16,7.436281818001097e-16,8.832663256456473e-08,2.8476359825547386e-05,2.84763598255474e-05,325.1114936094911,325.11220304161526,0.111991812603264,1.0,5e-09,3.8999999999999997e-07,0.0001833355473150472,0.016490228136714722,0.03162110410617042,False,not_evaluated,False,False,45
G0_cooling_half_009,G0_cooling,G0,cooling,-1.0,0.7875,half_step_continuation,half_step_continuation,9,False,immediately_preceding_accepted_half_step_equilibrium,G0_cooling_half_008,2670c3fc0e019f21accc3441c33f8e70f6c279b83cd3ef6cf7e204f8619f0402,True,True,True,True,31,8.826277733646331e-08,2.2990454789819637e-15,2.4584613309080312e-15,8.807466858664548e-08,2.8000535256845916e-05,2.800053525684598e-05,325.10791763616965,325.10860467615214,0.1118119902552814,1.0,5e-09,3.8999999999999997e-07,0.0001798223479826111,0.016709459060655192,0.03207333093652638,False,not_evaluated,False,False,46
G0_cooling_half_010,G0_cooling,G0,cooling,-1.0,0.775,half_step_continuation,half_step_continuation,10,False,immediately_preceding_accepted_half_step_equilibrium,G0_cooling_half_009,d814b22f628d64e580346271aaf950df64a766fac199e1b09346de2586f5e484,True,True,True,True,31,8.806038133161562e-08,1.723218849565454e-15,1.7470421516331792e-15,8.787780644236988e-08,2.7526303497783966e-05,2.752630349778392e-05,325.10440592274585,325.1050709493155,0.11163564498083584,1.0,5e-09,3.7e-07,0.00017634527444555792,0.016936524773968512,0.03254066485947238,False,not_evaluated,False,False,47
G0_cooling_half_refine_01,G0_cooling,G0,cooling,-1.0,0.84375,half_step_event_refinement,half_step_event_refinement,0,False,half_step_last_pre_switch_equilibrium,G0_cooling_half_004,5851dfa555a8439b82e543d16ac7485b8bda6d688fe873b76337d8eb263b75c1,True,True,True,True,189,4.932345328403454e-08,1.8177288869303693e-15,1.1750974622580173e-15,3.8548584077181916e-08,0.0026244230331797284,0.002624423033179733,335.83866184097684,336.08348549548225,0.9661981536341514,0.0,5e-09,3.8999999999999997e-07,0.008754370974169867,0.046561327549467235,0.05365644089893591,False,stable,True,True,48
G0_cooling_half_refine_02,G0_cooling,G0,cooling,-1.0,0.840625,half_step_event_refinement,half_step_event_refinement,1,False,half_step_last_pre_switch_equilibrium,G0_cooling_half_refine_01,0d82c39a9a1b50e27d4db9b9a74d2ba595cdce5ce0abd85c00668a53c0f36053,True,True,True,True,135,6.875576245163228e-08,6.768536198704044e-16,5.36786018236752e-16,6.810032877194908e-08,3.0034249854489218e-05,3.0034249854489238e-05,325.12356473982334,325.1243495793837,0.11260069219260214,1.0,5e-09,3.8999999999999997e-07,0.8535974614415492,0.9885558656227384,0.9886022290709165,True,stable,True,True,49
G1_heating_coarse_000,G1_heating,G1,heating,1.0,0.75,coarse,start_endpoint,0,True,uniform_325K,,d78d87c19a9fb43f2887128502541f5322847bee48557131bcd91560f6ab7d0d,True,True,True,True,38,8.303234077749377e-08,2.256301752728181e-16,3.008402336970908e-16,8.212204510264496e-08,1.501630615196075e-05,1.5016306151960754e-05,325.0485943738151,325.05555729522735,0.0031979941722896183,0.0,9.499999999999999e-08,1e-08,,,,False,stable,True,True,0
G1_heating_coarse_001,G1_heating,G1,heating,1.0,0.775,coarse,coarse,1,True,immediately_preceding_accepted_protocol_equilibrium,G1_heating_coarse_000,5292bdf46781b60c43abac6af74eabf7b765e827f32389061b08440b46035ef3,True,True,True,True,32,6.965676247600001e-08,4.3662026396867223e-16,4.2253573932452157e-16,6.890177343277327e-08,1.551981008953034e-05,1.5519810089530347e-05,325.0518980033171,325.05933570220066,0.0032033327184213204,0.0,9.499999999999999e-08,1e-08,5.3385461317020586e-06,0.03244266100325887,0.06365856256711405,False,not_evaluated,False,False,1
G1_heating_coarse_002,G1_heating,G1,heating,1.0,0.8,coarse,coarse,2,True,immediately_preceding_accepted_protocol_equilibrium,G1_heating_coarse_001,03633df3553fd10d358b8cd9ea6a438018fa6c65b6148c9f7758e429161ba86d,True,True,True,True,32,6.781488542387287e-08,1.903016254300229e-15,1.5858468785835244e-15,6.701002394919149e-08,1.6023607802744497e-05,1.6023607802744528e-05,325.0553112911786,325.06323971692507,0.003208858167391882,0.0,9.499999999999999e-08,1e-08,5.525448970561397e-06,0.03144096631770206,0.06171296074442351,False,not_evaluated,False,False,2
G1_heating_coarse_003,G1_heating,G1,heating,1.0,0.825,coarse,coarse,3,True,immediately_preceding_accepted_protocol_equilibrium,G1_heating_coarse_002,62526c44b6fffe36c5dbfb3c56f9fd50281dfbf2759d0f5197fe3a97ad3a6610,True,True,True,True,32,6.601691025142286e-08,2.459964717170905e-15,2.1120909187831006e-15,6.523884201835915e-08,1.6527709192091533e-05,1.6527709192091493e-05,325.0588343697666,325.06726950966305,0.0032145717030710114,0.0,9.499999999999999e-08,1e-08,5.7135356791295985e-06,0.03050037869665853,0.05988384125379336,False,not_evaluated,False,False,3
G1_heating_coarse_004,G1_heating,G1,heating,1.0,0.85,coarse,coarse,4,True,immediately_preceding_accepted_protocol_equilibrium,G1_heating_coarse_003,a2d32941be4ef59cfb7ff1c30cb28280f0e6ed60e2885db05cb6d031eb412be8,True,True,True,True,31,9.863786666838082e-08,1.1935558065955702e-15,7.020916509385707e-16,9.761832887397666e-08,1.7032124197097982e-05,1.703212419709796e-05,325.06246737324716,325.0714252533882,0.003220474548106785,0.0,9.499999999999999e-08,1e-08,5.902845035773464e-06,0.02961550768238251,0.05816104454569203,False,not_evaluated,False,False,4
G1_heating_coarse_005,G1_heating,G1,heating,1.0,0.875,coarse,coarse,5,True,immediately_preceding_accepted_protocol_equilibrium,G1_heating_coarse_004,15395ce6235492635f4ea4e06ef4122a17d13e1d48c43c65b13765ed74fd08a5,True,True,True,True,31,9.629294529758614e-08,2.125206206505585e-15,1.3248038689904955e-15,9.521343083489498e-08,1.7536862806583937e-05,1.7536862806583974e-05,325.06621044663177,325.0757071342132,0.003226567979127772,0.0,9.499999999999999e-08,1e-08,6.093431020987115e-06,0.028781579410911442,0.056535689959301326,False,not_evaluated,False,False,5
G1_heating_coarse_006,G1_heating,G1,heating,1.0,0.9,coarse,coarse,6,True,immediately_preceding_accepted_protocol_equilibrium,G1_heating_coarse_005,1ae85df239fe39920b3f3701218712ed8d47e48f797f441230aae5951af9793c,True,True,True,True,31,9.403552468930648e-08,1.8779204004484602e-16,4.1731564454410224e-16,9.295108845264104e-08,1.8041935047982292e-05,1.804193504798229e-05,325.0700637332095,325.08011533692525,0.0032328533068489993,0.0,9.499999999999999e-08,1e-08,6.285327721227297e-06,0.027994349833048524,0.0549996839533766,False,not_evaluated,False,False,6
G1_heating_coarse_007,G1_heating,G1,heating,1.0,0.925,coarse,coarse,7,True,immediately_preceding_accepted_protocol_equilibrium,G1_heating_coarse_006,5572aed04fb2627cccdc5d1635eb0efda76f5d1544414af73881fe622efa3c9e,True,True,True,True,31,9.19466729924175e-08,3.653494010636435e-16,1.974861627371046e-16,9.08205702526359e-08,1.8547350996899498e-05,1.854735099689949e-05,325.0740273829052,325.08465005461835,0.0032393318901901007,0.0,9.499999999999999e-08,1e-08,6.4785833411014175e-06,0.02725003419634935,0.053545916360299595,False,not_evaluated,False,False,7
G1_heating_coarse_008,G1_heating,G1,heating,1.0,0.95,coarse,protocol_quartile_1_interior,8,True,immediately_preceding_accepted_protocol_equilibrium,G1_heating_coarse_007,9057c39813045a99bd3c17e9f0d5f9bce27e2f8324ce8dd724c64cd5c4b51ce6,True,True,True,True,31,8.996783633371895e-08,1.7782555565161647e-16,1.8718479542275417e-16,8.881148633027632e-08,1.90531207767178e-05,1.9053120776717802e-05,325.0781015502482,325.08931148636356,0.0032460051335430552,0.0,9.499999999999999e-08,1e-08,6.67324335295455e-06,0.026545246090936062,0.05216798543665413,False,stable,True,True,8
G1_heating_coarse_009,G1_heating,G1,heating,1.0,0.975,coarse,coarse,9,True,immediately_preceding_accepted_protocol_equilibrium,G1_heating_coarse_008,e326db5d802602506a4bff10d3b9131057b4891fe4603ffa4898f9c0f8fd8e2a,True,True,True,True,31,8.810035168270022e-08,3.8109274118292646e-15,3.0203154312865964e-15,8.691531389093222e-08,1.9559254560191e-05,1.9559254560190927e-05,325.0822863944054,325.09409983725516,0.0032528744874129574,0.0,9.499999999999999e-08,1e-08,6.86935386990219e-06,0.025876946481556525,0.05086013717396666,False,not_evaluated,False,False,9
G1_heating_coarse_010,G1_heating,G1,heating,1.0,1.0,coarse,coarse,10,True,immediately_preceding_accepted_protocol_equilibrium,G1_heating_coarse_009,77439adf0b73f4ae690a2a53402c192a59bf68d3cb65ee8097c59325e5347de1,True,True,True,True,31,8.63446434936608e-08,6.754055375703521e-16,3.377027687851763e-16,8.512311983797108e-08,2.006576257106439e-05,2.0065762571064405e-05,325.0865820792165,325.09901531846094,0.003259941449082872,0.0,9.499999999999999e-08,1e-08,7.0669616699147245e-06,0.025242400286535557,0.04961718542161711,False,not_evaluated,False,False,10
G1_heating_coarse_011,G1_heating,G1,heating,1.0,1.025,coarse,coarse,11,True,immediately_preceding_accepted_protocol_equilibrium,G1_heating_coarse_010,d9ae4f99702e2d8c78de56b4f5f45a1166f6882b4d151e5ec3d5ebe1e08d1aa4,True,True,True,True,31,8.468174878126046e-08,3.2938206321934354e-16,9.64045063081005e-16,8.342799669605154e-08,2.057265508572008e-05,2.0572655085720087e-05,325.09098877322964,325.1040581472723,0.0032672075633021443,0.0,9.499999999999999e-08,1e-08,7.266114219272191e-06,0.024639139311071905,0.048434443537133616,False,not_evaluated,False,False,11
G1_heating_coarse_012,G1_heating,G1,heating,1.0,1.05,coarse,coarse,12,True,immediately_preceding_accepted_protocol_equilibrium,G1_heating_coarse_011,087710e52672fd33a112a47aca40eabc2d481b9f04247f9522e7754facdafba8,True,True,True,True,31,8.31108610919306e-08,2.0894607939920563e-15,9.184443050514533e-16,8.182331668520562e-08,2.1079942434847653e-05,2.107994243484761e-05,325.0955066497387,325.10922854715767,0.0032746744229999363,0.0,9.499999999999999e-08,1e-08,7.466859697791931e-06,0.024064930475757185,0.04730766568154716,False,not_evaluated,False,False,12
G1_heating_coarse_013,G1_heating,G1,heating,1.0,1.075,coarse,coarse,13,True,immediately_preceding_accepted_protocol_equilibrium,G1_heating_coarse_012,d9064ec673e80c2ff66d71d3a4d199f21e6c618bb0c287c44ddc37db039a5617,True,True,True,True,31,8.162595098300566e-08,3.1389559701284387e-16,1.4599795209899716e-16,8.030244476435677e-08,2.158763500514196e-05,2.1587635005141953e-05,325.10013588682153,325.1145267478163,0.003282343670023793,0.0,9.499999999999999e-08,1e-08,7.669247023856744e-06,0.023517748478394208,0.04623299619847014,False,not_evaluated,False,False,13
G1_heating_coarse_014,G1_heating,G1,heating,1.0,1.1,coarse,coarse,14,True,immediately_preceding_accepted_protocol_equilibrium,G1_heating_coarse_013,ab8087159cabb75396caab6736678a3a84331e346329ad1b09793d2cd139d6b7,True,True,True,True,31,8.021867991851625e-08,9.200319949570744e-16,1.3939878711470816e-15,7.886054467812618e-08,2.2095743241028985e-05,2.2095743241029005e-05,325.10487666737976,325.11995298523453,0.003290216995903785,0.0,9.499999999999999e-08,1e-08,7.873325879992083e-06,0.022995752183775062,0.04520692581143468,False,not_evaluated,False,False,14
G1_heating_coarse_015,G1_heating,G1,heating,1.0,1.125,coarse,coarse,15,True,immediately_preceding_accepted_protocol_equilibrium,G1_heating_coarse_014,9c2a7b2bd7a0ab57826072d905737c64f514db97c0692f7c4b254704645beccd,True,True,True,True,31,7.888654750341722e-08,2.6980013763884534e-15,1.5988156304524186e-15,7.749220124690704e-08,2.2604277646420573e-05,2.2604277646420634e-05,325.1097291791798,325.12550750174483,0.003298296142643753,0.0,9.499999999999999e-08,1e-08,8.079146739968079e-06,0.022497264161507737,0.0442262535958548,False,not_evaluated,False,False,15
G1_heating_coarse_016,G1_heating,G1,heating,1.0,1.15,coarse,coarse,16,True,immediately_preceding_accepted_protocol_equilibrium,G1_heating_coarse_015,471ab271d001b123102bcb3f52658e9970429b6b643af71920c2a89d50022c37,True,True,True,True,31,7.762152030578139e-08,1.4658829748746916e-16,0.0,7.619280485846453e-08,2.3113248786499e-05,2.3113248786498998e-05,325.1146936148952,325.13119054608495,0.0033065829035391564,0.0,9.499999999999999e-08,1e-08,8.286760895403252e-06,0.022020752892848636,0.043288053847485276,False,not_evaluated,False,False,16
G1_heating_coarse_017,G1_heating,G1,heating,1.0,1.175,coarse,coarse,17,True,immediately_preceding_accepted_protocol_equilibrium,G1_heating_coarse_016,e913d442ac4bdfe332f1466305f134297375ca5aa621797fe1faa0f5cbff9b89,True,True,True,True,31,7.642401483127134e-08,1.8645529193369484e-15,1.4647878908048044e-15,7.495831202212483e-08,2.362266728953265e-05,2.3622667289532693e-05,325.1197701721504,325.13700237346023,0.0033150791240229537,0.0,9.499999999999999e-08,1e-08,8.496220483797216e-06,0.021564817249040056,0.04238964713579514,False,not_evaluated,False,False,17
G1_heating_coarse_018,G1_heating,G1,heating,1.0,1.2,coarse,coarse,18,True,immediately_preceding_accepted_protocol_equilibrium,G1_heating_coarse_017,c064f131d696ebe71a26df937d45ea293c3b79436a0444aa3c9fd4d0ef924d1c,True,True,True,True,31,7.528626556536387e-08,1.6847615287915555e-15,1.2869706122713271e-15,7.378491082362266e-08,2.4132543848724547e-05,2.4132543848724507e-05,325.12495905356536,325.1429432456081,0.003323786702540181,0.0,9.499999999999999e-08,1e-08,8.707578517227338e-06,0.02112817290991252,0.04152857493504692,False,not_evaluated,False,False,18
G1_heating_coarse_019,G1_heating,G1,heating,1.0,1.225,coarse,coarse,19,True,immediately_preceding_accepted_protocol_equilibrium,G1_heating_coarse_018,817b2ab41f4f718d6d1d8b5ba91d386dbc23d71e0dc31d0b794ce426b2c88a47,True,True,True,True,31,7.42063907669194e-08,5.49956907764636e-16,4.489444145017437e-16,7.266883839351692e-08,2.464288922409327e-05,2.4642889224093256e-05,325.13026046680267,325.149013430864,0.0033327075914517234,0.0,9.499999999999999e-08,1e-08,8.920888911542399e-06,0.020709640445478274,0.04070257732658704,False,not_evaluated,False,False,19
G1_heating_coarse_020,G1_heating,G1,heating,1.0,1.25,coarse,coarse,20,True,immediately_preceding_accepted_protocol_equilibrium,G1_heating_coarse_019,09c56e7579ec4b0518e81ae178d1a6790cc866e7688ea18839ccc60e92113c47,True,True,True,True,31,7.318071935654884e-08,1.346970771830613e-16,6.465459704786938e-16,7.160712203029624e-08,2.51537142443895e-05,2.5153714244389498e-05,325.1356746246152,325.1552132042295,0.00334184379796806,0.0,9.499999999999999e-08,1e-08,9.13620651633645e-06,0.02030813482784833,0.03990957334835411,False,not_evaluated,False,False,20
G1_heating_coarse_021,G1_heating,G1,heating,1.0,1.275,coarse,coarse,21,True,immediately_preceding_accepted_protocol_equilibrium,G1_heating_coarse_020,de90ec77f56967b09c840c487c1df3b12e81eac0a561e7a0498a14435b368bc6,True,True,True,True,31,7.220672237765413e-08,2.3762439652733074e-15,1.8637207570771048e-15,7.059663729875187e-08,2.566502980904784e-05,2.5665029809047902e-05,325.1412017448958,325.1615428474429,0.003351197385114165,0.0,9.499999999999999e-08,1e-08,9.353587146105312e-06,0.019922656177008728,0.03914764363379219,False,not_evaluated,False,False,21
G1_heating_coarse_022,G1_heating,G1,heating,1.0,1.3,coarse,coarse,22,True,immediately_preceding_accepted_protocol_equilibrium,G1_heating_coarse_021,e35c81cf133367a84f6bd7a6e6fd125cf911724a93bbccda684da6f989580057,True,True,True,True,31,7.128091613403763e-08,1.2943238745414908e-15,9.95633749647301e-16,6.963456530968751e-08,2.6176846890175997e-05,2.617684689017603e-05,325.1468420507277,325.1680026490519,0.0033607704727259408,0.0,9.499999999999999e-08,1e-08,9.573087611775607e-06,0.019552281574456442,0.038415015031373775,False,not_evaluated,False,False,22
G1_heating_coarse_023,G1_heating,G1,heating,1.0,1.3250000000000002,coarse,coarse,23,True,immediately_preceding_accepted_protocol_equilibrium,G1_heating_coarse_022,08b8f0877b9106be289cc6a0a86c94896f7094768b11075177bf5eceea2c815c,True,True,True,True,31,7.040166569691186e-08,1.5233733950361798e-15,7.664771798924179e-16,6.871838049565697e-08,2.668917653458215e-05,2.668917653458219e-05,325.1525957704381,325.17459290448886,0.003370565238479324,0.0,9.499999999999999e-08,1e-08,9.794765753383047e-06,0.019196157803606614,0.03771004694905031,False,not_evaluated,False,False,23
G1_heating_coarse_024,G1_heating,G1,heating,1.0,1.35,coarse,protocol_quartile_3_interior,24,True,immediately_preceding_accepted_protocol_equilibrium,G1_heating_coarse_023,7a52aed673c04102f8dd815707e0df40706965fc2cbe2bbf9497f073faa2f865,True,True,True,True,31,6.956773231454975e-08,3.736631206267044e-16,1.8452499784034788e-16,6.784580632871814e-08,2.720202986584271e-05,2.720202986584272e-05,325.15846313765115,325.1813139161475,0.0033805839189528747,0.0,9.499999999999999e-08,1e-08,1.0018680473550864e-05,0.01885349489688431,0.03703121920061635,False,stable,True,True,24
G1_heating_coarse_025,G1_heating,G1,heating,1.0,1.375,coarse,coarse,25,True,immediately_preceding_accepted_protocol_equilibrium,G1_heating_coarse_024,079dd7d7a05f9514e49b43b286d0ecf0181d5e2fd9ec8886e6893856a9d67085,True,True,True,True,31,6.877361309819271e-08,1.5892133800723642e-15,1.4225126758689696e-15,6.70147080101477e-08,2.771541808641074e-05,2.7715418086410783e-05,325.1644443913448,325.18816599346314,0.003390828810724896,0.0,9.499999999999999e-08,1e-08,1.024489177202121e-05,0.01852356038676355,0.036377121165571895,False,not_evaluated,False,False,25
G1_heating_coarse_026,G1_heating,G1,heating,1.0,1.4,coarse,coarse,26,True,immediately_preceding_accepted_protocol_equilibrium,G1_heating_coarse_025,372b40d4df049e359fa114b60c6ebbd64a9b44583bf1a668d00861c8bf1468cb,True,True,True,True,31,6.801985702680256e-08,6.001079534937105e-16,3.4291883056783462e-16,6.622302132461022e-08,2.8229352479767718e-05,2.82293524797677e-05,325.1705397759076,325.1951494529949,0.0034013022715059763,0.0,9.499999999999999e-08,1e-08,1.0473460781080385e-05,0.018205674172842676,0.03574644209932418,False,not_evaluated,False,False,26
G1_heating_coarse_027,G1_heating,G1,heating,1.0,1.425,coarse,coarse,27,True,immediately_preceding_accepted_protocol_equilibrium,G1_heating_coarse_026,7310efdbc210475920f60e2ff5c54f323c84af6b84a62ff3a6c846f05d838912,True,True,True,True,31,6.730374551354196e-08,1.1787329977091719e-16,4.963086306143879e-16,6.54687780423977e-08,2.874384441261865e-05,2.8743844412618654e-05,325.1767495411984,325.2022646185098,0.0034120067213079513,0.0,9.499999999999999e-08,1e-08,1.0704449801975015e-05,0.01789920392920958,0.03513796245342638,False,not_evaluated,False,False,27
G1_heating_coarse_028,G1_heating,G1,heating,1.0,1.4500000000000002,coarse,coarse,28,True,immediately_preceding_accepted_protocol_equilibrium,G1_heating_coarse_027,ed8b98d1a4aa2e1e6353a31c17f0c76bc641007b96ce9be45a3e4c4a280e65d1,True,True,True,True,31,6.662387990370621e-08,2.3159661989932017e-16,1.5972180682711736e-16,6.475039217042317e-08,2.9258905337133952e-05,2.9258905337133945e-05,325.18307394260705,325.20951182107103,0.00342294464365033,0.0,9.499999999999999e-08,1e-08,1.0937922342378614e-05,0.017603560987006977,0.03455054608601096,False,not_evaluated,False,False,28
G1_heating_coarse_029,G1_heating,G1,heating,1.0,1.475,coarse,coarse,29,True,immediately_preceding_accepted_protocol_equilibrium,G1_heating_coarse_028,9c8363471ce6625de8223f474536fc13e674d59c5244de0aaf21403e4211d990,True,True,True,True,31,6.597832469457142e-08,5.689644602393538e-16,6.17181787378282e-16,6.40660623105545e-08,2.9774546793237942e-05,2.9774546793237926e-05,325.1895132411175,325.21689139912735,0.003434118586805567,0.0,9.499999999999999e-08,1e-08,1.1173943155237242e-05,0.01731819663569479,0.03398313325790667,False,not_evaluated,False,False,29
G1_heating_coarse_030,G1_heating,G1,heating,1.0,1.5,coarse,coarse,30,True,immediately_preceding_accepted_protocol_equilibrium,G1_heating_coarse_029,06d154f58ce136b5d616e1e92b60a7c0af9d873a2cd762387a500a9531c30e10,True,True,True,True,30,9.986642539469272e-08,4.474142619463774e-16,4.474142619463773e-16,9.696066502006153e-08,3.0290780399157392e-05,3.0290780399157405e-05,325.19606769670276,325.2244036907977,0.003445531153448557,0.0,9.499999999999999e-08,1e-08,1.1412566642990049e-05,0.017042598411687322,0.033434701358939056,False,not_evaluated,False,False,30
G1_heating_coarse_031,G1_heating,G1,heating,1.0,1.525,coarse,coarse,31,True,immediately_preceding_accepted_protocol_equilibrium,G1_heating_coarse_030,8b904ba997e2572fe1fe96e8feac6221b235179da59d28c134f16cf88a67d1ca,True,True,True,True,30,9.895681579702127e-08,1.0997707774624658e-15,1.0096256317688212e-15,9.599199532446399e-08,3.080761790047504e-05,3.0807617900475006e-05,325.2027375949109,325.2320490650077,0.003457185048204842,0.0,9.499999999999999e-08,1e-08,1.1653894756284613e-05,0.01677628900057473,0.03290442434971171,False,not_evaluated,False,False,31
G1_heating_coarse_032,G1_heating,G1,heating,1.0,1.55,coarse,end_endpoint,32,True,immediately_preceding_accepted_protocol_equilibrium,G1_heating_coarse_031,c3a60f6cd08e702f845b5dfb4e8e57da5305f4ba3d615c3472f0d98bcf02a8c0,True,True,True,True,30,9.809255416014743e-08,2.1632077244738435e-16,4.1868536602719546e-16,9.506908390241811e-08,3.1325071103296796e-05,3.13250711032968e-05,325.20952320739025,325.23982787531173,0.00346908301015568,0.0,9.499999999999999e-08,1e-08,1.1897961950838292e-05,0.01651881973756467,0.03239133667943838,False,stable,True,True,32
G1_cooling_coarse_000,G1_cooling,G1,cooling,-1.0,1.55,coarse,start_endpoint,0,True,uniform_360K,,16265377841e71c9bc5a6aa69d470e52956ee8915d59516c34469e9e6a08a8e1,True,True,True,True,42,1.74813539733154e-08,2.2125789716512404e-15,1.427470304291124e-15,1.4133630211248781e-09,0.00548819476611734,0.005488194766117352,361.78045251101594,367.3927357416311,0.9999242809434297,0.0,9.499999999999999e-08,1e-08,,,,False,stable,True,True,0
G1_cooling_coarse_001,G1_cooling,G1,cooling,-1.0,1.5250000000000001,coarse,coarse,1,True,immediately_preceding_accepted_protocol_equilibrium,G1_cooling_coarse_000,0d128a7b9fb6bafcb7fa19570f7e76535724f1b8366ecfbdd7cc2005edf3e54d,True,True,True,True,35,9.261571283722622e-09,1.4442555780537377e-15,1.0522809311866942e-15,5.171185850363719e-09,0.005405037557421279,0.005405037557421271,360.6389698855728,366.08730457201204,0.9998991657943834,0.0,9.499999999999999e-08,1e-08,2.5115149046239793e-05,0.015152014868249825,0.031021345143875743,False,not_evaluated,False,False,1
G1_cooling_coarse_002,G1_cooling,G1,cooling,-1.0,1.5,coarse,coarse,2,True,immediately_preceding_accepted_protocol_equilibrium,G1_cooling_coarse_001,0f093cba0e1c40b54eb61fb7831b2e69569a3d44e68e972040ebb50fb1dc9773,True,True,True,True,35,1.0246406612803853e-08,3.2598712138044463e-16,0.0,5.4553470697459565e-09,0.005321447879998581,0.005321447879998579,359.51256729888945,364.79996805147624,0.999866241982012,0.0,9.499999999999999e-08,1e-08,3.29238123714104e-05,0.01546514275519268,0.031591321665088754,False,not_evaluated,False,False,2
G1_cooling_coarse_003,G1_cooling,G1,cooling,-1.0,1.475,coarse,coarse,3,True,immediately_preceding_accepted_protocol_equilibrium,G1_cooling_coarse_002,9aa086f2e95b6b04521cca342388dbb895d488b1e9df3e73f1dfc6a5afd4859b,True,True,True,True,35,1.1438017694945328e-08,3.31219406272784e-16,4.491110593529275e-16,5.7740143779518115e-09,0.005237384776144826,0.005237384776144824,358.4011115933453,363.53086057936247,0.9998232675544112,0.0,9.499999999999999e-08,1e-08,4.2974427600817044e-05,0.015797036022793396,0.03218859965635823,False,not_evaluated,False,False,3
G1_cooling_coarse_004,G1_cooling,G1,cooling,-1.0,1.45,coarse,coarse,4,True,immediately_preceding_accepted_protocol_equilibrium,G1_cooling_coarse_003,e137475cb50edd97b254e146cb90e80690a3a7dcc2e1be668b12f9932dcb1ab4,True,True,True,True,36,8.351965635337e-09,3.3665668827860363e-16,3.482655395985555e-16,3.9275622856266995e-09,0.00515279671063959,0.005152796710639592,357.3044195305965,362.2801142243726,0.999767418886956,0.0,9.499999999999999e-08,1e-08,5.584866745522721e-05,0.016150821282124708,0.03281674617124748,False,not_evaluated,False,False,4
G1_cooling_coarse_005,G1_cooling,G1,cooling,-1.0,1.425,coarse,coarse,5,True,immediately_preceding_accepted_protocol_equilibrium,G1_cooling_coarse_004,2c8d9befed698d44d82d4691ff86083784a925ece42e7df828f0f9b5fad6ba55,True,True,True,True,36,9.489237064717648e-09,2.225049246733657e-15,1.9217699297024836e-15,4.193521411129053e-09,0.005067619339392973,0.005067619339392961,356.22225070047807,361.0478587709041,0.9996951570433272,0.0,9.499999999999999e-08,1e-08,7.226184362874033e-05,0.016530318588106045,0.03348003087699613,False,not_evaluated,False,False,5
G1_cooling_coarse_006,G1_cooling,G1,cooling,-1.0,1.4,coarse,coarse,6,True,immediately_preceding_accepted_protocol_equilibrium,G1_cooling_coarse_005,5d4d663987a86e89408b7885da82d829e76b4a1568237af612c2561c27eefd0a,True,True,True,True,36,1.0867241587680427e-08,6.964281720985397e-16,7.461730415341498e-16,4.499458490338751e-09,0.004981772838825813,0.00498177283882581,355.15429870697113,359.834220687498,0.9996020650109386,0.0,9.499999999999999e-08,1e-08,9.309203238860864e-05,0.01694020304560654,0.03418360941691002,False,not_evaluated,False,False,6
G1_cooling_coarse_007,G1_cooling,G1,cooling,-1.0,1.375,coarse,coarse,7,True,immediately_preceding_accepted_protocol_equilibrium,G1_cooling_coarse_006,8e7142c1dfdc6b40a1a42b1f75aefbd12d9dbe4a9186891905a0e0a814f85ecd,True,True,True,True,36,1.2553921881411248e-08,3.543753339129557e-16,5.154550311461172e-16,4.856609419182836e-09,0.0048951586354001216,0.004895158635400123,354.100181784299,358.6393224184581,0.9994826461228474,0.0,9.499999999999999e-08,1e-08,0.00011941888809119394,0.017386220975524523,0.034933708396344014,False,not_evaluated,False,False,7
G1_cooling_coarse_008,G1_cooling,G1,cooling,-1.0,1.35,coarse,protocol_quartile_1_interior,8,True,immediately_preceding_accepted_protocol_equilibrium,G1_cooling_coarse_007,1084b79bce38255f677bc6a55ecb64f1ec27f5a1c4be187c0cd59190c854f728,True,True,True,True,36,1.4661577017201009e-08,5.412378937743157e-16,2.6727797223423005e-16,5.283134641772993e-09,0.004807655273025324,0.004807655273025326,353.05943093903335,357.46328084045365,0.9993300670344893,0.0,9.499999999999999e-08,1e-08,0.00015257908835808465,0.017875490641304906,0.03573791533736448,False,stable,True,True,8
G1_cooling_coarse_009,G1_cooling,G1,cooling,-1.0,1.325,coarse,coarse,9,True,immediately_preceding_accepted_protocol_equilibrium,G1_cooling_coarse_008,cef3c4ddc92a3006f68421e9ba564abb793f0a3709f8bc81b9ae4af2b335d03c,True,True,True,True,37,1.1314689315075766e-08,7.351904887041272e-16,4.1614555964384555e-16,3.735895561841874e-09,0.004719112944549901,0.004719112944549898,352.0314742796818,356.30620494527363,0.9991358159889798,0.0,9.499999999999999e-08,1e-08,0.00019425104550951922,0.01841694619250549,0.03660558224612654,False,not_evaluated,False,False,9
G1_cooling_coarse_010,G1_cooling,G1,cooling,-1.0,1.3,coarse,coarse,10,True,immediately_preceding_accepted_protocol_equilibrium,G1_cooling_coarse_009,b3d74b6d2d349acb934b3c15acf4c82c5c1bfb38685e53b8f65ab5c3cfdf5cc3,True,True,True,True,37,1.3760048789611961e-08,3.7472324042769663e-16,1.4412432324142177e-16,4.183636513819479e-09,0.004629345844674196,0.004629345844674194,351.0156146328887,355.1681925133451,0.9988892239424623,0.0,9.499999999999999e-08,1e-08,0.0002465920465175575,0.01902202827744926,0.03754843217086787,False,not_evaluated,False,False,10
G1_cooling_coarse_011,G1_cooling,G1,cooling,-1.0,1.275,coarse,coarse,11,True,immediately_preceding_accepted_protocol_equilibrium,G1_cooling_coarse_010,effe8bfb841c2918e938cc99865661447db0cb3fd54e0b7c5552a38edb005564,True,True,True,True,37,1.7357057863085382e-08,1.5290236119902926e-15,1.0493299297972596e-15,4.811020305485055e-09,0.004538120830505057,0.00453812083050505,350.0109938143914,354.04932449942675,0.9985767533038047,0.0,9.499999999999999e-08,1e-08,0.0003124706386575804,0.019705810978475194,0.03858157505652807,False,not_evaluated,False,False,11
G1_cooling_coarse_012,G1_cooling,G1,cooling,-1.0,1.25,coarse,coarse,12,True,immediately_preceding_accepted_protocol_equilibrium,G1_cooling_coarse_011,02bb190afb8d86702fe4bf9216df533c690c84afe3048fbbf0dd88ff0b16ff55,True,True,True,True,38,1.5200175216312875e-08,3.9025174330822514e-16,0.0,3.742356854817742e-09,0.004445139594435337,0.004445139594435335,349.01653395580377,352.94965702683874,0.9981808779291376,0.0,9.499999999999999e-08,1e-08,0.00039587537466712064,0.020488929127824018,0.03972518890570659,False,not_evaluated,False,False,12
G1_cooling_coarse_013,G1_cooling,G1,cooling,-1.0,1.225,coarse,coarse,13,True,immediately_preceding_accepted_protocol_equilibrium,G1_cooling_coarse_012,e10c195e918cbae61841c3d22e091419783caa3db27ae07a38c8d45b303acc1b,True,True,True,True,39,1.4674164363882958e-08,2.392717077901472e-15,1.627698692449981e-15,3.16249191447069e-09,0.004350009013597821,0.0043500090135978105,348.0308351219893,351.8692091413516,0.9976782154422285,0.0,9.499999999999999e-08,1e-08,0.0005026624869091112,0.0214010333796053,0.04100757919706927,False,not_evaluated,False,False,13
G1_cooling_coarse_014,G1_cooling,G1,cooling,-1.0,1.2,coarse,coarse,14,True,immediately_preceding_accepted_protocol_equilibrium,G1_cooling_coarse_013,c1c463e0adfdad84432df1736f4b6e315f03bd661ceea8400f3eb6ee4e989c3b,True,True,True,True,40,1.6429472448892094e-08,2.2437806747255094e-15,1.869817228937925e-15,3.072116667025873e-09,0.0042521888281436436,0.004252188828143653,347.0519883230617,350.8079442763108,0.9970362211130801,0.0,9.499999999999999e-08,1e-08,0.0006419943291483543,0.02248735235913268,0.042471055617027374,False,not_evaluated,False,False,14
G1_cooling_coarse_015,G1_cooling,G1,cooling,-1.0,1.175,coarse,coarse,15,True,immediately_preceding_accepted_protocol_equilibrium,G1_cooling_coarse_014,58f39227081a421c5635284d20aa50bc0509e804b48d03a8f0c6b308348ca929,True,True,True,True,41,2.3026802925422933e-08,0.0,3.55672998716871e-16,3.756801369928375e-09,0.004150892562586349,0.004150892562586349,346.0772143760057,349.76574277315143,0.9962069056501612,0.0,9.499999999999999e-08,1e-08,0.000829315462918867,0.02382214658174462,0.044184140015062136,False,not_evaluated,False,False,15
G1_cooling_coarse_016,G1_cooling,G1,cooling,-1.0,1.15,coarse,coarse,16,True,immediately_preceding_accepted_protocol_equilibrium,G1_cooling_coarse_015,df6282bcdeb40f21bc225beda3ff28283ad294dc294707ab6d04513a7733fb4f,True,True,True,True,44,2.2336943152830597e-08,2.1443442293438548e-15,2.051111871546296e-15,3.197495254618671e-09,0.004044881069555733,0.004044881069555724,345.1021014192959,348.7423605354985,0.9951136918506095,0.0,9.499999999999999e-08,1e-08,0.00109321379955174,0.025539445175271416,0.046270104727945946,False,not_evaluated,False,False,16
G1_cooling_coarse_017,G1_cooling,G1,cooling,-1.0,1.125,coarse,coarse,17,True,immediately_preceding_accepted_protocol_equilibrium,G1_cooling_coarse_016,05f0fc0be8d9415e043d728c5c5edb240a7653fa787fb0718dcedfa869fb8119,True,True,True,True,49,2.2878105353021182e-08,8.823696124214159e-16,3.9216427218729595e-16,2.987832520777322e-09,0.003931965588017804,0.0039319655880178,344.11875273256305,347.7373651821174,0.9936196146456875,0.0,9.499999999999999e-08,1e-08,0.0014940772049220064,0.02791564933461226,0.04898603417368624,False,not_evaluated,False,False,17
G1_cooling_coarse_018,G1_cooling,G1,cooling,-1.0,1.1,coarse,coarse,18,True,immediately_preceding_accepted_protocol_equilibrium,G1_cooling_coarse_017,14d245f44600636480bcbb30887a11a1b74fca437dc9b2240c9378ec9dd083fc,True,True,True,True,58,3.3311957125576886e-08,1.2529261011731164e-15,1.2425713400063964e-15,4.15756768242907e-09,0.0038074787926196106,0.0038074787926196153,343.1100351577439,346.7500277003796,0.9914288160334658,0.0,9.499999999999999e-08,1e-08,0.0021907986122217116,0.03166019452905482,0.0530134909683628,False,not_evaluated,False,False,18
G1_cooling_coarse_019,G1_cooling,G1,cooling,-1.0,1.075,coarse,coarse,19,True,immediately_preceding_accepted_protocol_equilibrium,G1_cooling_coarse_018,1003f2c4cad882497be162e4b5425ce23a44c1ed0c206975bc91d0b6c615765d,True,True,True,True,92,4.084944858852487e-08,7.117051399368459e-16,6.62051292964508e-16,5.081141471101719e-09,0.0036561281743674187,0.0036561281743674214,342.018566913927,345.7790591673054,0.9875570818931917,0.0,9.499999999999999e-08,1e-08,0.0038717341402740857,0.039750876234837806,0.06142715725062872,False,not_evaluated,False,False,19
G1_cooling_coarse_020,G1_cooling,G1,cooling,-1.0,1.05,coarse,coarse,20,True,immediately_preceding_accepted_protocol_equilibrium,G1_cooling_coarse_019,be59c1b8f0df1487a6df78d80d8bebacec46aa95eaca10727512ff4eb77fd886,True,True,True,True,165,9.39643929748154e-08,1.4966843538415796e-15,1.0690602527439854e-15,3.017443222763158e-09,0.002318088609030015,0.0023180886090300116,336.73025773950735,344.78613425550856,0.7077283243066159,0.4,9.499999999999999e-08,1e-08,0.27982875758657577,0.3659717333539354,0.4019514482888387,True,not_evaluated,False,False,20
G1_cooling_coarse_021,G1_cooling,G1,cooling,-1.0,1.025,coarse,coarse,21,True,immediately_preceding_accepted_protocol_equilibrium,G1_cooling_coarse_020,6325ddc18c7678fa51089b5f63aafe426bbeeb9f7f3370393dd9c2def563a3d3,True,True,True,True,64,7.324905967499645e-08,1.928852166916383e-16,3.763613984227088e-16,3.418951612897302e-09,0.002248388323546426,0.0022483883235464262,336.11774065823363,343.84639442105635,0.701851365771653,0.4,9.499999999999999e-08,1e-08,0.0058769585349629505,0.03006799878661876,0.051143624736852335,False,not_evaluated,False,False,21
G1_cooling_coarse_022,G1_cooling,G1,cooling,-1.0,1.0,coarse,coarse,22,True,immediately_preceding_accepted_protocol_equilibrium,G1_cooling_coarse_021,f548873b7216cfd7ce3a1a50ee3b7eb3c35caa752d1b40bc48998f48c43909e9,True,True,True,True,65,5.685620390808088e-08,7.974902776994182e-16,1.993725694248545e-16,3.2313939102433605e-09,0.002175228368903879,0.0021752283689038775,335.50280829591316,342.9158155580714,0.6956477700727555,0.4,9.499999999999999e-08,1e-08,0.006203595698897502,0.03253884299094295,0.05425167470745144,False,not_evaluated,False,False,22
G1_cooling_coarse_023,G1_cooling,G1,cooling,-1.0,0.975,coarse,coarse,23,True,immediately_preceding_accepted_protocol_equilibrium,G1_cooling_coarse_022,424d4e768813ad7e6d21989fb1c0f981f7686d21d3395906a2ee37e92bd577d2,True,True,True,True,86,5.977926478584997e-08,1.6580020569436359e-15,1.7005149301986009e-15,3.355787436853593e-09,0.0020925468321488054,0.002092546832148809,334.86082356726797,341.9880753837575,0.6879910983935229,0.4,9.499999999999999e-08,1e-08,0.007656671679232563,0.03801050866063222,0.059911523476647514,False,not_evaluated,False,False,23
G1_cooling_coarse_024,G1_cooling,G1,cooling,-1.0,0.95,coarse,protocol_quartile_3_interior,24,True,immediately_preceding_accepted_protocol_equilibrium,G1_cooling_coarse_023,9ad27403c9ad88c3d8529bc5fd11cc90e77cb261fc010e796fa200a29c29cb87,True,True,True,True,684,9.940525019419055e-08,3.3205995675670875e-15,2.4467575761020667e-15,5.394951290499681e-09,0.0019590477269378183,0.001959047726937825,334.0165170777908,341.0451049467739,0.6704484422429592,0.44,9.499999999999999e-08,1e-08,0.017542656150563718,0.06379742768953889,0.08674980279691392,False,stable,True,True,24
G1_cooling_coarse_025,G1_cooling,G1,cooling,-1.0,0.925,coarse,coarse,25,True,immediately_preceding_accepted_protocol_equilibrium,G1_cooling_coarse_024,0fbf3618db77ce1a5fc167bb2cc10b3c4c0dce6872da1ae1850b20acbb6de3f0,True,True,True,True,298,9.558313987658092e-08,8.178883004160106e-16,1.1052544600216356e-15,1.2814311645350362e-08,3.314028859240422e-05,3.3140288592404244e-05,325.1323331996971,325.1520464996229,0.11305185731240085,1.0,9.499999999999999e-08,1e-08,0.5573965849305583,0.9830834705368788,0.9893667141288522,True,not_evaluated,False,False,25
G1_cooling_coarse_026,G1_cooling,G1,cooling,-1.0,0.9,coarse,coarse,26,True,immediately_preceding_accepted_protocol_equilibrium,G1_cooling_coarse_025,a9320fe2b088682d420c1663f56a2f826d8830de3df362ee2790656fb5320aca,True,True,True,True,33,8.342601386338619e-08,1.4744256379452301e-15,1.4042148932811714e-15,7.514320671913438e-08,3.217106636340432e-05,3.217106636340437e-05,325.12498702598856,325.1435610846138,0.1126789033855514,1.0,9.499999999999999e-08,1e-08,0.0003729539268494536,0.029246040700503784,0.055547981842829414,False,not_evaluated,False,False,26
G1_cooling_coarse_027,G1_cooling,G1,cooling,-1.0,0.875,coarse,coarse,27,True,immediately_preceding_accepted_protocol_equilibrium,G1_cooling_coarse_026,b18cff60c4060e8f856f006d366b62c56a46d58617717b7f4ef1f6db8828743f,True,True,True,True,33,8.193240345152501e-08,6.513854696701481e-16,2.481468455886279e-16,7.424670975727997e-08,3.1208541916658645e-05,3.1208541916658666e-05,325.11787597468447,325.13535263742176,0.11231895215933474,1.0,9.499999999999999e-08,1e-08,0.00035995122621665376,0.029918947537299564,0.0569278978228734,False,not_evaluated,False,False,27
G1_cooling_coarse_028,G1_cooling,G1,cooling,-1.0,0.85,coarse,coarse,28,True,immediately_preceding_accepted_protocol_equilibrium,G1_cooling_coarse_027,0e396098cf3719aa1361c3779e8eea75ce37872bbeaa5f83d31bb9541c7d34e3,True,True,True,True,33,8.06690815584112e-08,1.3439443960604254e-15,7.905555270943679e-16,7.353236339340054e-08,3.025242829047698e-05,3.025242829047694e-05,325.11099677226133,325.1274167896466,0.11197173239679381,1.0,9.499999999999999e-08,1e-08,0.000347219762540929,0.030636279924096847,0.05839162662094241,False,not_evaluated,False,False,28
G1_cooling_coarse_029,G1_cooling,G1,cooling,-1.0,0.825,coarse,coarse,29,True,immediately_preceding_accepted_protocol_equilibrium,G1_cooling_coarse_028,af504065f348c1520de0305e6aa2a5a042da714b2e91e9e8f0ed069191f07a1b,True,True,True,True,33,7.962810048341286e-08,2.775029566406995e-15,2.242448134470299e-15,7.2995895008652e-08,2.9302449213792227e-05,2.9302449213792146e-05,325.10434630347856,325.11974940062476,0.11163698649819097,1.0,9.499999999999999e-08,1e-08,0.0003347458986028423,0.03140174625201223,0.05994628562844278,False,not_evaluated,False,False,29
G1_cooling_coarse_030,G1_cooling,G1,cooling,-1.0,0.8,coarse,coarse,30,True,immediately_preceding_accepted_protocol_equilibrium,G1_cooling_coarse_029,da2b7396f8dad27e70aa082b39cbae008e8a11f7736e5d9c0fb66cf8351f7376,True,True,True,True,33,7.88033383447695e-08,1.5531838459204177e-15,5.973784022770842e-16,7.263528707694016e-08,2.835833850121074e-05,2.8358338501210784e-05,325.0979216114303,325.11234654875057,0.11131447019566415,1.0,9.499999999999999e-08,1e-08,0.00032251630252681796,0.03221951536177762,0.06159978791123339,False,not_evaluated,False,False,30
G1_cooling_coarse_031,G1_cooling,G1,cooling,-1.0,0.775,coarse,coarse,31,True,immediately_preceding_accepted_protocol_equilibrium,G1_cooling_coarse_030,154a7f296ce0dc0d973860364b6b79ce5ce9bb1977aa264bb2794bdfff77a633,True,True,True,True,33,7.81896794725082e-08,8.649548296068871e-16,6.377547130742025e-16,7.245016134167678e-08,2.7419839408145165e-05,2.741983940814514e-05,325.0917198896053,325.10520451971036,0.1110039518654815,1.0,9.499999999999999e-08,1e-08,0.00031051833018265473,0.03309429052148124,0.06336103389678069,False,not_evaluated,False,False,31
G1_cooling_coarse_032,G1_cooling,G1,cooling,-1.0,0.75,coarse,end_endpoint,32,True,immediately_preceding_accepted_protocol_equilibrium,G1_cooling_coarse_031,04cd8a304767e8bd01b0e3e0226f98b939d77b29b4377fc592d34ed63ab614ce,True,True,True,True,33,7.778699718370958e-08,1.9187731616758203e-15,1.3644609149694722e-15,7.244149467924852e-08,2.6486704030647928e-05,2.6486704030647877e-05,325.0857384745398,325.0983197956291,0.1107052118922058,1.0,9.499999999999999e-08,1e-08,0.00029873997327570234,0.03403139469956361,0.0652400668096061,False,stable,True,True,32
G1_cooling_event_refine_01,G1_cooling,G1,cooling,-1.0,1.0625,event_refinement,event_refinement,0,False,last_accepted_pre_switch_equilibrium,G1_cooling_coarse_019,9c94445eb96b7655e29bae1015932a76f34609ca559e3f7be7660de57747e5e2,True,True,True,True,427,9.367979356969932e-08,1.6585183451905415e-15,1.3875186155842444e-15,2.7244449996649746e-09,0.002353382362194729,0.0023533823621947328,337.0422848213928,345.2607571347367,0.7109124926788724,0.376,9.499999999999999e-08,1e-08,,,,False,not_evaluated,False,False,33
G1_cooling_event_refine_02,G1_cooling,G1,cooling,-1.0,1.06875,event_refinement,event_refinement,1,False,last_accepted_pre_switch_equilibrium,G1_cooling_coarse_019,823ee35e409f34f99a27b269c32e02bfca37dae776e4d51f85b32d751aaf7e25,True,True,True,True,119,4.328383989277891e-08,1.3229440133966099e-15,1.4629045974826945e-15,5.3707688218849306e-09,0.003605964810776961,0.003605964810776956,341.70175006425717,345.5385706293778,0.9857972614472232,0.032,9.499999999999999e-08,1e-08,,,,False,not_evaluated,False,False,34
G1_cooling_event_refine_03,G1_cooling,G1,cooling,-1.0,1.065625,event_refinement,last_pre_switch|half_step_pre_switch,2,False,last_accepted_pre_switch_equilibrium,G1_cooling_event_refine_02,0cae83d3bfeb1b7df60014e3af322e4615d49260142afd2ff2c39d9986a3281f,True,True,True,True,162,4.764469992945337e-08,2.184067101321553e-15,1.5941056718671485e-15,5.863994652107895e-09,0.0035741830629526716,0.003574183062952664,341.518042816633,345.41857139337174,0.9844803505675862,0.048,9.499999999999999e-08,1e-08,,,,False,stable,True,True,35
G1_cooling_event_reachability_confirmation,G1_cooling,G1,cooling,-1.0,1.0625,event_reachability_confirmation,first_post_switch|half_step_post_switch,3,False,final_refined_pre_switch_equilibrium,G1_cooling_event_refine_03,2e791dd7900f02c4b0a3aa2adeb95d30553bbb64b0ad7848d76df9280b013206,True,True,True,True,414,9.305774206409382e-08,0.0,1.734398269544076e-16,2.7063543587129147e-09,0.0023533823621082026,0.0023533823621082026,337.04228482092407,345.2607571347266,0.7109124926493816,0.376,9.499999999999999e-08,1e-08,0.2735678579182046,0.3415607648915308,0.3777138351695051,True,stable,True,True,36
G1_cooling_half_anchor,G1_cooling,G1,cooling,-1.0,1.125,half_step_anchor_reused,half_step_anchor_reused,0,False,accepted_coarse_window_anchor_reused_without_solve,G1_cooling_coarse_017,05f0fc0be8d9415e043d728c5c5edb240a7653fa787fb0718dcedfa869fb8119,True,True,True,True,49,2.2878105353021182e-08,8.823696124214159e-16,3.9216427218729595e-16,2.987832520777322e-09,0.003931965588017804,0.0039319655880178,344.11875273256305,347.7373651821174,0.9936196146456875,0.0,9.499999999999999e-08,1e-08,,,,False,not_evaluated,False,False,37
G1_cooling_half_001,G1_cooling,G1,cooling,-1.0,1.1125,half_step_continuation,half_step_continuation,1,False,immediately_preceding_accepted_half_step_equilibrium,G1_cooling_half_anchor,dbd877ee036016b23dc8612c54d84f8bb5be787300a9c2462d18dd311a91b39e,True,True,True,True,50,3.061321402392258e-08,1.568199284753418e-15,1.6109912395540729e-15,3.912612193083494e-09,0.003871658548086576,0.00387165854808657,343.61938022439006,347.24155112402354,0.9926425639666515,0.0,9.499999999999999e-08,1e-08,0.0009770506790359734,0.015337631670787253,0.026203049446732934,False,not_evaluated,False,False,38
G1_cooling_half_002,G1_cooling,G1,cooling,-1.0,1.1,half_step_continuation,half_step_continuation,2,False,immediately_preceding_accepted_half_step_equilibrium,G1_cooling_half_001,84d6dcbd6dd27b84762ab3cbb1877d853f364deb0ba8e62fa9c7b54f465d4988,True,True,True,True,56,3.07830016763526e-08,5.69511864262278e-16,4.141904467362022e-16,3.849857940166026e-09,0.0038074787920000025,0.0038074787920000046,343.1100351499791,346.75002770034604,0.9914288159974521,0.0,9.499999999999999e-08,1e-08,0.0012137479691993747,0.016576812053400777,0.027518292729021242,False,not_evaluated,False,False,39
G1_cooling_half_003,G1_cooling,G1,cooling,-1.0,1.0875,half_step_continuation,half_step_continuation,3,False,immediately_preceding_accepted_half_step_equilibrium,G1_cooling_half_002,8df65c1ebf3782ad0d6e9bc38a1782810bf732b308cbbefab9dd59d230138b5f,True,True,True,True,66,3.4064305258512677e-08,8.122760064013652e-16,6.40217541991224e-16,4.227158798084551e-09,0.0037373578180756512,0.0037373578180756543,342.58296293070566,346.2626181933185,0.9898453222780401,0.0,9.499999999999999e-08,1e-08,0.0015834937194120213,0.01841664202350498,0.029442448782921484,False,not_evaluated,False,False,40
G1_cooling_half_004,G1_cooling,G1,cooling,-1.0,1.075,half_step_continuation,half_step_continuation,4,False,immediately_preceding_accepted_half_step_equilibrium,G1_cooling_half_003,826ee67fc05b60f57aaf73ec27b365d0d62c6349a49717c239930e60d9ba5620,True,True,True,True,89,4.1085880314362226e-08,1.1861752331780002e-16,0.0,5.110780403551079e-09,0.003656128174521771,0.0036561281745217705,342.0185669150038,345.7790591673099,0.9875570819024911,0.0,9.499999999999999e-08,1e-08,0.0022882403755489777,0.021734510717976968,0.032952373726471404,False,not_evaluated,False,False,41
G1_cooling_half_005,G1_cooling,G1,cooling,-1.0,1.0625,half_step_continuation,half_step_continuation,5,False,immediately_preceding_accepted_half_step_equilibrium,G1_cooling_half_004,75c1f5bacb3aa4155e59229d2c2ac5279d5295e12ef97e3b67aef5dccd6d109e,True,True,True,True,427,9.367979666078998e-08,1.8427981613228233e-15,1.0406389616881835e-15,2.7244451731048007e-09,0.0023533823621947293,0.0023533823621947336,337.0422848213928,345.2607571347367,0.7109124926788722,0.376,9.499999999999999e-08,1e-08,0.2766445892236189,0.3563184194157645,0.3959681328942964,True,stable,True,True,42
G1_cooling_half_006,G1_cooling,G1,cooling,-1.0,1.05,half_step_continuation,half_step_continuation,6,False,immediately_preceding_accepted_half_step_equilibrium,G1_cooling_half_005,555ba36bd0b143b827dfbba4f3208dcc39373a5ce97bdbf84b948a19323f8de3,True,True,True,True,79,9.318870624399112e-08,1.4966843538877328e-15,1.7817670879615865e-15,2.992543740658427e-09,0.0023180886089585323,0.002318088608958529,336.7302577390343,344.7861342554985,0.7077283242785051,0.4,9.499999999999999e-08,1e-08,0.003184168400367171,0.014997033122693482,0.02523486939301085,False,not_evaluated,False,False,43
G1_cooling_half_007,G1_cooling,G1,cooling,-1.0,1.0375,half_step_continuation,half_step_continuation,7,False,immediately_preceding_accepted_half_step_equilibrium,G1_cooling_half_006,a55c9f34c90ac9b7b074d75a7b329ddb86d2296b56778573123bd7bc8099fdcd,True,True,True,True,66,9.270138591751068e-08,1.8992835588075244e-16,3.6612695109542626e-16,3.4419819722083543e-09,0.0022833918978716937,0.0022833918978716933,336.4232070066013,344.31483587992386,0.7047755913795727,0.4,9.499999999999999e-08,1e-08,0.0029527328989323864,0.014967810528358995,0.0256043180461572,False,not_evaluated,False,False,44
G1_cooling_half_008,G1_cooling,G1,cooling,-1.0,1.025,half_step_continuation,half_step_continuation,8,False,immediately_preceding_accepted_half_step_equilibrium,G1_cooling_half_007,53a76a92efbcccab53f90a83cb12b576088859dbcd045fe8eb71fe2770e4ce3f,True,True,True,True,60,8.470235400421353e-08,9.644260830792664e-16,9.409034956870893e-16,3.962831464186151e-09,0.0022483883244298207,0.002248388324429823,336.11774066633467,343.84639442126127,0.7018513661718658,0.4,9.499999999999999e-08,1e-08,0.0029242252077068542,0.015329638978967726,0.026204384406158455,False,not_evaluated,False,False,45
G1_cooling_half_009,G1_cooling,G1,cooling,-1.0,1.0125,half_step_continuation,half_step_continuation,9,False,immediately_preceding_accepted_half_step_equilibrium,G1_cooling_half_008,488489a52513716d5ef0d4bb560f643593d3cb343b3fb420f28f60847f54a98d,True,True,True,True,60,4.801495086562922e-08,5.88035626528341e-16,7.743679032471979e-16,3.0068513936621093e-09,0.0022125234395469055,0.0022125234395469068,335.81170159079835,343.3802757137726,0.6988439876510801,0.4,9.499999999999999e-08,1e-08,0.0030073785207856973,0.015951374810670386,0.026990604165774975,False,not_evaluated,False,False,46
G1_cooling_half_010,G1_cooling,G1,cooling,-1.0,1.0,half_step_continuation,half_step_continuation,10,False,immediately_preceding_accepted_half_step_equilibrium,G1_cooling_half_009,26970d6c4ad95c7a3b192de73cc183f6f66253323e1944cd57d7faee239e8a53,True,True,True,True,63,4.763403375284478e-08,1.1962354169883158e-15,7.974902779922105e-16,2.706630558056785e-09,0.002175228368105261,0.0021752283681052585,335.5028082878494,342.9158155577895,0.6956477697585125,0.4,9.499999999999999e-08,1e-08,0.003196217892567632,0.016856350886516217,0.028008914704159338,False,not_evaluated,False,False,47
G1_cooling_half_refine_01,G1_cooling,G1,cooling,-1.0,1.06875,half_step_event_refinement,half_step_event_refinement,0,False,half_step_last_pre_switch_equilibrium,G1_cooling_half_004,4211a2de9fd6bc12ad99df6e6bbe349416659bbb11aecb5f0982a265811f3aa8,True,True,True,True,119,4.328384077192831e-08,7.216058254890598e-16,1.6879668432492625e-15,5.3707688218849306e-09,0.0036059648107769613,0.0036059648107769587,341.70175006425717,345.5385706293778,0.9857972614472232,0.032,9.499999999999999e-08,1e-08,0.001759820455267902,0.013720351516771187,0.01974375031236647,False,not_evaluated,False,False,48
G1_cooling_half_refine_02,G1_cooling,G1,cooling,-1.0,1.065625,half_step_event_refinement,half_step_event_refinement,1,False,half_step_last_pre_switch_equilibrium,G1_cooling_half_refine_01,f1f5e764994ddc54ed2cc0f8ecf1959d1feb4ec356ce2a76c81ad673fafc52d0,True,True,True,True,162,4.764470348772496e-08,1.2133706118453083e-15,9.109175267812285e-16,5.863994652107895e-09,0.003574183062952669,0.0035741830629526647,341.518042816633,345.41857139337174,0.9844803505675863,0.048,9.499999999999999e-08,1e-08,0.0013169108796369233,0.008813660002811969,0.01227915378880237,False,stable,True,True,49
