seed,split,case_id,contact_overlap_nm,mode,temperature_rise_relative_l2,potential_relative_l2,joint_field_score,terminal_current_relative_error,predicted_terminal_current_A,reference_terminal_current_A,hotspot_coordinate_error_width_fraction,true_fixed_point_defect,sigma_defect,terminal_electrical_heat_ledger_error,electrical_heat_sink_ledger_error,energy_ledger_error,projection_count,main_linear_solve_count,diagnostic_projection_count,diagnostic_linear_solve_count,diagnostic_included_in_timing,median_wall_time_s,timing_repeats,finite,practical_case_pass,historical_pr39_metrics_modified
baseline,train,cooling_high_localized-sink,20.0,A1,0.00864699677915682,0.0019275120497635437,0.005287254414460181,0.004123157111904872,0.004270781693413697,0.004253244896470143,0.0,0.008502189582127975,0.0003788226712359741,4.0618406664336376e-15,4.738814110839241e-15,4.738814110839241e-15,1,2,1,2,False,nan,0,True,False,False
baseline,train,cooling_high_localized-sink,20.0,A2,0.0002032567778947822,5.18607443430006e-05,0.00012755876111889138,0.00017315990835894713,0.004253981387966644,0.004253244896470143,0.0,0.000196385930516255,9.232031257133159e-06,8.155764295931649e-16,4.893458577558965e-15,4.893458577558965e-15,2,4,1,2,False,nan,0,True,False,False
baseline,train,cooling_high_localized-sink,20.0,R0,0.19719638581193727,0.00046419083363256165,0.09883028832278491,0.008172675146721469,0.004218484507611841,0.004253244896470143,0.0,0.1905078557199968,0.00851565832784909,9.595123801708632e-16,0.1734262833903279,0.1734262833903279,0,1,1,2,False,nan,0,True,False,False
baseline,train,cooling_high_localized-sink,20.0,R1,0.008517053229390219,0.00046419083363256165,0.00449062203151139,0.008172675146721469,0.004218484507611841,0.004253244896470143,0.0,0.008137082823751718,0.0003586640915382123,9.595123801708632e-16,5.208781492356092e-15,5.208781492356092e-15,1,2,1,2,False,nan,0,True,False,False
baseline,train,cooling_high_localized-sink,20.0,R2,0.00038471799948346704,5.255890394153474e-06,0.00019498694493881027,0.0003452354404089787,0.004251776525595143,0.004253244896470143,0.0,0.00036759198689824955,1.6130496370216217e-05,4.0799968331684326e-16,4.2159967276073625e-15,4.2159967276073625e-15,2,4,1,2,False,nan,0,True,False,False
20260809,train,cooling_high_localized-sink,20.0,N0,0.0032302130164459843,2.6003358133971187e-05,0.0016281081872899779,5.138579215970752e-07,0.00425324271090656,0.004253244896470143,0.17999999999999997,0.003211604764549657,0.0001430044958127705,1.2235771108442515e-15,7.344324319433812e-05,7.344324319433812e-05,0,1,1,2,False,nan,0,True,False,False
20260809,train,cooling_high_localized-sink,20.0,N1,8.760256592061348e-05,2.6003358133971187e-05,5.680296202729233e-05,5.138579215970752e-07,0.00425324271090656,0.004253244896470143,0.0,8.559190971844665e-05,3.842508496892608e-06,1.2235771108442515e-15,5.166214468009041e-15,5.166214468009041e-15,1,2,1,2,False,nan,0,True,False,False
20260809,train,cooling_high_localized-sink,20.0,N2,3.502945065506787e-06,5.184192025526482e-07,2.0106821340297176e-06,8.32503507518916e-07,0.004253248437311437,0.004253244896470143,0.0,3.390799335157689e-06,1.4957102675822734e-07,8.157169756457297e-16,4.622396195325779e-15,4.622396195325779e-15,2,4,1,2,False,nan,0,True,False,False
baseline,test,cooling_high_nominal,20.0,A1,0.0016872618601394911,0.00027681552829114496,0.000982038694215318,0.001594443961074509,0.004270781693413697,0.0042776020902343505,0.2,0.0016243145093453196,7.817986462013777e-05,4.0618406664336376e-15,3.5202619109091545e-15,4.0618406664336376e-15,1,2,1,2,False,nan,0,True,False,False
baseline,test,cooling_high_nominal,20.0,A2,7.671125617654024e-05,7.928123378019343e-06,4.2319689777279795e-05,7.422204650835158e-05,0.004277284597853065,0.0042776020902343505,0.2,7.347365156125193e-05,3.51272720137613e-06,1.351888436297125e-15,3.379721090742805e-15,3.379721090742805e-15,2,4,1,2,False,nan,0,True,False,False
baseline,test,cooling_high_nominal,20.0,R0,0.3477618347210476,0.0008174764916357967,0.1742896556063417,0.016523585130152233,0.004206920767943446,0.0042776020902343505,0.5882176467941096,0.33707635620923737,0.016683526067265482,4.123499280507788e-16,0.3289092734031117,0.3289092734031117,0,1,1,2,False,nan,0,True,False,False
baseline,test,cooling_high_nominal,20.0,R1,0.016821566946293998,0.0008174764916357967,0.008819521718964897,0.016523585130152233,0.004206920767943446,0.0042776020902343505,0.5882176467941096,0.016063761504999927,0.0007703387050843396,4.123499280507788e-16,3.848599328473922e-15,3.848599328473922e-15,1,2,1,2,False,nan,0,True,False,False
baseline,test,cooling_high_nominal,20.0,R2,0.0007787049756780756,1.702107178411824e-05,0.00039786302373109693,0.0007707837248500598,0.004274304984161813,0.0042776020902343505,0.5882176467941096,0.0007426212096486188,3.560831822699591e-05,2.1645293381790004e-15,3.2467940072684967e-15,3.2467940072684967e-15,2,4,1,2,False,nan,0,True,False,False
20260809,test,cooling_high_nominal,20.0,N0,0.5064558216395049,0.0015810795939475378,0.2540184506167262,0.020012656030120056,0.004363208269499933,0.0042776020902343505,0.5599999999999999,0.4781174813133275,0.02177222908904694,7.951596022142778e-16,0.30166711685833547,0.30166711685833547,0,1,1,2,False,nan,0,True,False,False
20260809,test,cooling_high_nominal,20.0,N1,0.020965301960929352,0.0015810795939475378,0.011273190777438446,0.020012656030120056,0.004363208269499933,0.0042776020902343505,0.5882176467941096,0.02001413251593353,0.0009581285981328165,7.951596022142778e-16,3.710744810333284e-15,3.710744810333284e-15,1,2,1,2,False,nan,0,True,False,False
20260809,test,cooling_high_nominal,20.0,N2,0.0009661887899062304,4.3169056505482455e-05,0.0005046789232058564,0.0009290978157592133,0.004281576400993074,0.0042776020902343505,0.5882176467941096,0.0009221574301592514,4.416619371696342e-05,1.8907466463397564e-15,3.106226633272453e-15,3.106226633272453e-15,2,4,1,2,False,nan,0,True,False,False
baseline,train,cooling_low_localized-sink,20.0,A1,0.0009068607451776647,0.00017972180959915297,0.0005432912773884088,0.0005208316922763867,3.438385435860661e-05,3.4365955479857344e-05,0.0,0.0009050306688951576,4.28419003516201e-06,7.883076175650724e-15,1.1067838950601453e-12,1.1067838950601453e-12,1,2,1,2,False,nan,0,True,False,False
baseline,train,cooling_low_localized-sink,20.0,A2,2.420155263905858e-06,5.930289057684539e-07,1.5065920848371559e-06,2.366658069358884e-06,3.436603681232319e-05,3.4365955479857344e-05,0.0,2.421633357847566e-06,1.1453475372494702e-08,9.201690476226553e-16,1.285213254085021e-12,1.285213254085021e-12,2,4,1,2,False,nan,0,True,False,False
baseline,train,cooling_low_localized-sink,20.0,R0,0.2519055679794802,0.00013513271091364676,0.12602035034519693,0.00025147535014912354,3.435731328916984e-05,3.4365955479857344e-05,0.01999999999999997,0.25131003227023624,0.0011871278588231988,2.1037775632808635e-15,0.16156399257304477,0.16156399257304477,0,1,1,2,False,nan,0,True,False,False
baseline,train,cooling_low_localized-sink,20.0,R1,0.000984066022130643,0.00013513271091364676,0.0005595993665221449,0.00025147535014912354,3.435731328916984e-05,3.4365955479857344e-05,0.0,0.0009812227034089259,4.6450577446370525e-06,2.1037775632808635e-15,1.058726058719976e-12,1.058726058719976e-12,1,2,1,2,False,nan,0,True,False,False
baseline,train,cooling_low_localized-sink,20.0,R2,3.3024760566464883e-06,4.937633562437559e-07,1.898119706445122e-06,7.641800375671683e-07,3.4365929218080194e-05,3.4365955479857344e-05,0.0,3.281133566573697e-06,1.5528369665454802e-08,6.572656632322685e-16,1.2085801015500356e-12,1.2085801015500356e-12,2,4,1,2,False,nan,0,True,False,False
20260809,train,cooling_low_localized-sink,20.0,N0,0.006148594839871529,6.311331597621045e-06,0.003077453085734575,1.9934475092038666e-06,3.436588697312899e-05,3.4365955479857344e-05,0.01999999999999997,0.0061558670433064355,2.914399151137012e-05,1.3145329423783582e-16,0.00018382381245678726,0.00018382381245678726,0,1,1,2,False,nan,0,True,False,False
20260809,train,cooling_low_localized-sink,20.0,N1,1.4309418942793547e-05,6.311331597621045e-06,1.0310375270207295e-05,1.9934475092038666e-06,3.436588697312899e-05,3.4365955479857344e-05,0.0,1.4318070390776698e-05,6.777777161934917e-08,1.3145329423783582e-16,1.150084871285503e-12,1.150084871285503e-12,1,2,1,2,False,nan,0,True,False,False
20260809,train,cooling_low_localized-sink,20.0,N2,5.3417465344852425e-08,1.5054349476275885e-08,3.423590741056416e-08,6.30158408656128e-09,3.43659556964173e-05,3.4365955479857344e-05,0.0,5.0056428496121986e-08,2.3701929110553704e-10,2.6290606272846308e-15,1.1180080317515425e-12,1.1180080317515425e-12,2,4,1,2,False,nan,0,True,False,False
baseline,train,cooling_low_nominal,20.0,A1,6.876512499191974e-05,7.760602993216606e-06,3.826286399256817e-05,6.691268772584802e-05,3.438385435860661e-05,3.438615522867352e-05,0.2,6.846967148230217e-05,3.571313200804425e-07,7.883076175650724e-15,6.598134759015354e-13,6.598134759015354e-13,1,2,1,2,False,nan,0,True,False,False
baseline,train,cooling_low_nominal,20.0,A2,3.1702678902365697e-07,2.2712286091347703e-08,1.6986953755750233e-07,3.479419259477091e-07,3.4386143264288446e-05,3.438615522867352e-05,0.2,3.5073333188391115e-07,1.8294274986670148e-09,1.9706378601265944e-15,6.813151961739705e-13,6.813151961739705e-13,2,4,1,2,False,nan,0,True,False,False
baseline,train,cooling_low_nominal,20.0,R0,0.8749285906673484,3.0446102004900104e-05,0.43747951838467664,0.004547741089055683,3.4229775897645436e-05,3.438615522867352e-05,0.565685424949238,0.8743582579916651,0.004531112148290186,2.243592073580376e-15,0.8735161604772665,0.8735161604772665,0,1,1,2,False,nan,0,True,False,False
baseline,train,cooling_low_nominal,20.0,R1,0.004550991235276356,3.0446102004900104e-05,0.002290718668640628,0.004547741089055683,3.4229775897645436e-05,3.438615522867352e-05,0.5882176467941096,0.0045274172209677725,2.3614088220836653e-05,2.243592073580376e-15,8.029420103324752e-13,8.029420103324752e-13,1,2,1,2,False,nan,0,True,False,False
baseline,train,cooling_low_nominal,20.0,R2,2.3687387656064166e-05,9.607614405095067e-08,1.1891731900057559e-05,2.3710252363352026e-05,3.4385339924255245e-05,3.438615522867352e-05,0.5882176467941096,2.3597766702979023e-05,1.2308521336121942e-07,3.9413677997433054e-15,6.919728067077875e-13,6.919728067077875e-13,2,4,1,2,False,nan,0,True,False,False
20260809,train,cooling_low_nominal,20.0,N0,0.008936910758229862,8.433921436010201e-06,0.004472672339832936,1.1727568811064938e-06,3.438611490207336e-05,3.438615522867352e-05,0.5824087911424415,0.008935891389006918,4.660880669154199e-05,1.9706394855400827e-15,0.00018094055406200335,0.00018094055406200335,0,1,1,2,False,nan,0,True,False,False
20260809,train,cooling_low_nominal,20.0,N1,3.231010040326894e-05,8.433921436010201e-06,2.037201091963957e-05,1.1727568811064938e-06,3.438611490207336e-05,3.438615522867352e-05,0.5882176467941096,3.223880653841625e-05,1.6815502526813153e-07,1.9706394855400827e-15,7.789281006505381e-13,7.789281006505381e-13,1,2,1,2,False,nan,0,True,False,False
20260809,train,cooling_low_nominal,20.0,N2,1.3624069025070015e-07,2.581752316711109e-08,8.102910670890562e-08,5.202121711032726e-09,3.438615504979256e-05,3.438615522867352e-05,0.5882176467941096,1.3754426967719114e-07,7.174285520377576e-10,3.941274369421119e-16,7.919333966283898e-13,7.919333966283898e-13,2,4,1,2,False,nan,0,True,False,False
baseline,train,cooling_near-transition_localized-sink,20.0,A1,0.009882273599928324,0.002134347491647418,0.006008310545787871,0.0034145870853168232,0.0006247304775271107,0.0006226045401052079,0.0,0.009658535478994684,0.0005483284340119807,1.6600165749874503e-15,4.3764073340576313e-14,4.3764073340576313e-14,1,2,1,2,False,nan,0,True,False,False
baseline,train,cooling_near-transition_localized-sink,20.0,A2,0.00031882878382070464,7.825419248883683e-05,0.00019854148815477072,0.00017281213512418365,0.0006227121337251215,0.0006226045401052079,0.0,0.0003050297000440104,1.7196378884473982e-05,1.513997313933259e-15,4.2694724252916134e-14,4.2694724252916134e-14,2,4,1,2,False,nan,0,True,False,False
baseline,train,cooling_near-transition_localized-sink,20.0,R0,0.48842482466962167,0.0005001052232906741,0.24446246494645618,0.027655440128436574,0.0006398229426877802,0.0006226045401052079,0.0,0.4486863259009156,0.026393994109127503,1.031455898872757e-15,0.3267981830929479,0.3267981830929479,0,1,1,2,False,nan,0,True,False,False
baseline,train,cooling_near-transition_localized-sink,20.0,R1,0.027697877962538624,0.0005001052232906741,0.01409899159291465,0.027655440128436574,0.0006398229426877802,0.0006226045401052079,0.0,0.02607259837804547,0.0014859866122791843,1.031455898872757e-15,3.8458569943682746e-14,3.8458569943682746e-14,1,2,1,2,False,nan,0,True,False,False
baseline,train,cooling_near-transition_localized-sink,20.0,R2,0.0015980632780910077,4.136108018847261e-05,0.0008197121791397402,0.0015218578424345984,0.0006235520557073024,0.0006226045401052079,0.0,0.0015036734813097957,8.559295255083625e-05,3.0239159319074675e-16,4.1276452470535244e-14,4.1276452470535244e-14,2,4,1,2,False,nan,0,True,False,False
20260809,train,cooling_near-transition_localized-sink,20.0,N0,0.005789434167360237,6.113398346465138e-05,0.0029252840754124443,7.5970035761700585e-06,0.0006225998101762901,0.0006226045401052079,0.0,0.0057512450948909105,0.00032659580176269893,1.0599893184717995e-15,0.0002865373629298241,0.0002865373629298241,0,1,1,2,False,nan,0,True,False,False
20260809,train,cooling_near-transition_localized-sink,20.0,N1,0.00020756671842537793,6.113398346465138e-05,0.00013435035094501465,7.5970035761700585e-06,0.0006225998101762901,0.0006226045401052079,0.0,0.00020128748942975172,1.1420936191128129e-05,1.0599893184717995e-15,4.058244819291873e-14,4.058244819291873e-14,1,2,1,2,False,nan,0,True,False,False
20260809,train,cooling_near-transition_localized-sink,20.0,N2,1.0966835998261422e-05,1.5869552880908704e-06,6.276895643176146e-06,3.518155596194601e-06,0.0006226023496855609,0.0006226045401052079,0.0,1.0506035425606819e-05,5.980599557445547e-07,3.0285285569179947e-16,4.361081121961724e-14,4.361081121961724e-14,2,4,1,2,False,nan,0,True,False,False
baseline,validation,cooling_near-transition_nominal,20.0,A1,0.003990330076186742,0.00013498037615071497,0.0020626552261687283,0.003984380868695829,0.0006247304775271107,0.0006272295991422127,0.2,0.0037444580543213313,0.00023469174378123818,1.6600165749874503e-15,2.671117579752462e-14,2.671117579752462e-14,1,2,1,2,False,nan,0,True,False,False
baseline,validation,cooling_near-transition_nominal,20.0,A2,0.0002486011179015423,4.812640920513849e-06,0.00012670687941102808,0.00024828440417940504,0.000627073867814906,0.0006272295991422127,0.2,0.00023324343644261632,1.4624689446385503e-05,1.5034664115388793e-16,2.7513435331160742e-14,2.7513435331160742e-14,2,4,1,2,False,nan,0,True,False,False
baseline,validation,cooling_near-transition_nominal,20.0,R0,0.233682108313055,0.0012425632976631846,0.11746233580535909,0.012934248984180097,0.0006353423429477656,0.0006272295991422127,0.5882176467941096,0.21910073914933945,0.013980308585204432,2.9677999846170887e-16,0.1603451307291988,0.1603451307291988,0,1,1,2,False,nan,0,True,False,False
baseline,validation,cooling_near-transition_nominal,20.0,R1,0.013790375728622142,0.0012425632976631846,0.007516469513142663,0.012934248984180097,0.0006353423429477656,0.0006272295991422127,0.5882176467941096,0.012974446422115364,0.0008143311624085943,2.9677999846170887e-16,2.8787659850784935e-14,2.8787659850784935e-14,1,2,1,2,False,nan,0,True,False,False
baseline,validation,cooling_near-transition_nominal,20.0,R2,0.0008479147405808243,4.1871915958346245e-05,0.00044489332826958526,0.0008058667112078081,0.0006277350625964456,0.0006272295991422127,0.5882176467941096,0.0007964199253727313,4.9941401943020224e-05,1.051317964842918e-15,2.8836149892833485e-14,2.8836149892833485e-14,2,4,1,2,False,nan,0,True,False,False
20260809,validation,cooling_near-transition_nominal,20.0,N0,0.30294237141399094,0.0018165819336698956,0.15237947667383042,0.01606596381953742,0.0006373066471885745,0.0006272295991422127,0.5882176467941096,0.28412585247762656,0.018207121542456253,7.396631605621072e-16,0.1911168765340231,0.1911168765340231,0,1,1,2,False,nan,0,True,False,False
20260809,validation,cooling_near-transition_nominal,20.0,N1,0.017590628898972588,0.0018165819336698956,0.009703605416321242,0.01606596381953742,0.0006373066471885745,0.0006272295991422127,0.5882176467941096,0.016569012004851842,0.001040235722135824,7.396631605621072e-16,2.633200851601032e-14,2.633200851601032e-14,1,2,1,2,False,nan,0,True,False,False
20260809,validation,cooling_near-transition_nominal,20.0,N2,0.0010757876421071634,6.104705776550271e-05,0.000568417349936333,0.0010008741562539194,0.0006278573770380317,0.0006272295991422127,0.5882176467941096,0.001011087471267427,6.340374509432268e-05,1.0511131550015397e-15,2.853021420718383e-14,2.853021420718383e-14,2,4,1,2,False,nan,0,True,False,False
baseline,validation,heating_high_localized-sink,20.0,A1,0.01662959753480804,0.003793536676283008,0.010211567105545525,0.0031533883686965638,0.0032936970167924203,0.003283343360030463,0.0,0.015993198032111616,0.0015209127022492417,0.0,6.1445969225098646e-15,6.1445969225098646e-15,1,2,1,2,False,nan,0,True,False,False
baseline,validation,heating_high_localized-sink,20.0,A2,0.0009475468047368813,0.0002128026808039855,0.0005801747427704334,0.00024270832058659368,0.0032841402547832852,0.003283343360030463,0.0,0.0008744863183063686,8.380506032413809e-05,2.46499101536067e-15,6.162477538401653e-15,6.162477538401653e-15,2,4,1,2,False,nan,0,True,False,False
baseline,validation,heating_high_localized-sink,20.0,R0,0.1140170998978725,0.001329750210593124,0.05767342505423281,0.006491962966922586,0.003262028016529454,0.003283343360030463,0.0,0.10741522483771983,0.01019668064530205,5.317929420552365e-16,0.03304922362097685,0.03304922362097685,0,1,1,2,False,nan,0,True,False,False
baseline,validation,heating_high_localized-sink,20.0,R1,0.009996821608962592,0.001329750210593124,0.005663285909777858,0.006491962966922586,0.003262028016529454,0.003283343360030463,0.0,0.009110923970266862,0.0008625267919350017,5.317929420552365e-16,6.736043932699619e-15,6.736043932699619e-15,1,2,1,2,False,nan,0,True,False,False
baseline,validation,heating_high_localized-sink,20.0,R2,0.0009561073425196227,5.599389004760095e-05,0.0005060506162836118,0.0006212650955284478,0.003281303533404241,0.003283343360030463,0.0,0.0008634176760404327,8.171442036702004e-05,8.811150092826525e-16,7.225143076117705e-15,7.225143076117705e-15,2,4,1,2,False,nan,0,True,False,False
20260809,validation,heating_high_localized-sink,20.0,N0,0.2694093870877267,0.0020277542304197433,0.13571857065907322,0.022592146516816854,0.003357521134285289,0.003283343360030463,0.0,0.2453122158198508,0.023918669501940007,1.3777811320482429e-15,0.230823901780903,0.230823901780903,0,1,1,2,False,nan,0,True,False,False
20260809,validation,heating_high_localized-sink,20.0,N1,0.0238021374372355,0.0020277542304197433,0.01291494583382762,0.022592146516816854,0.003357521134285289,0.003283343360030463,0.0,0.022100793658356963,0.00210513878440927,1.3777811320482429e-15,7.233350943253233e-15,7.233350943253233e-15,1,2,1,2,False,nan,0,True,False,False
20260809,validation,heating_high_localized-sink,20.0,N2,0.0018008830367316833,0.00017481305578921402,0.0009878480462604488,0.001996887056570947,0.003289899825888386,0.003283343360030463,0.0,0.001638333780167176,0.0001561891594798274,5.272876281296413e-16,5.975926452135902e-15,5.975926452135902e-15,2,4,1,2,False,nan,0,True,False,False
baseline,train,heating_high_nominal,20.0,A1,0.00962180078437734,0.0004349408061352858,0.005028370795256313,0.009599354280597844,0.0032936970167924203,0.0033256208293361536,0.2,0.00866695583833637,0.0008995111341207109,0.0,3.5111982414342176e-15,3.5111982414342176e-15,1,2,1,2,False,nan,0,True,False,False
baseline,train,heating_high_nominal,20.0,A2,0.0009779228991533956,3.050440030822766e-05,0.0005042136497308117,0.0009742407723482615,0.0033223808739308437,0.0033256208293361536,0.2,0.000879667076134093,9.12983479003369e-05,6.961768449802025e-16,5.3953705485965445e-15,5.3953705485965445e-15,2,4,1,2,False,nan,0,True,False,False
baseline,train,heating_high_nominal,20.0,R0,0.24972803416998915,0.0009801458912734018,0.12535409003063128,0.025202965579036306,0.0032418053220454684,0.0033256208293361536,0.5882176467941096,0.23067966691133926,0.023628736150729253,7.134804236721844e-16,0.22664343054200217,0.22664343054200217,0,1,1,2,False,nan,0,True,False,False
baseline,train,heating_high_nominal,20.0,R1,0.02547040498163082,0.0009801458912734018,0.01322527543645211,0.025202965579036306,0.0032418053220454684,0.0033256208293361536,0.5882176467941096,0.022973050867373813,0.0023812455644623247,7.134804236721844e-16,3.745772224278956e-15,3.745772224278956e-15,1,2,1,2,False,nan,0,True,False,False
baseline,train,heating_high_nominal,20.0,R2,0.002575219669728194,4.5621270408395486e-05,0.0013104204700682947,0.002560561630337549,0.003317105372243504,0.0033256208293361536,0.5882176467941096,0.002315098137461992,0.0002403202042440329,5.229630299032488e-16,4.532346259161473e-15,4.532346259161473e-15,2,4,1,2,False,nan,0,True,False,False
20260809,train,heating_high_nominal,20.0,N0,0.0013807516721998211,2.380352677113329e-05,0.0007022775994854772,2.18209417312306e-06,0.0033256280861539873,0.0033256208293361536,0.4,0.0013667182246723535,0.00014190362160126983,6.954970834729247e-16,1.7663576201838142e-05,1.7663576201838142e-05,0,1,1,2,False,nan,0,True,False,False
20260809,train,heating_high_nominal,20.0,N1,0.00010250894068552981,2.380352677113329e-05,6.315623372833155e-05,2.18209417312306e-06,0.0033256280861539873,0.0033256208293361536,0.4,9.763093977305159e-05,1.0141861082317677e-05,6.954970834729247e-16,4.520731042573994e-15,4.520731042573994e-15,1,2,1,2,False,nan,0,True,False,False
20260809,train,heating_high_nominal,20.0,N2,8.777494323985519e-06,1.4642341278113967e-06,5.120864225898458e-06,2.0892402103911026e-07,0.0033256215241382297,0.0033256208293361536,0.4,8.132781964028681e-06,8.440681871355802e-07,5.216238418550431e-16,4.346865348792008e-15,4.346865348792008e-15,2,4,1,2,False,nan,0,True,False,False
baseline,train,heating_low_localized-sink,20.0,A1,0.0006545121670449642,0.00012932011946703993,0.0003919161432560021,0.00037903402178410695,2.2531306096698517e-05,2.2522769200906582e-05,0.0,0.0006535599410663931,2.2258033280718247e-06,8.019968363369543e-16,1.7599820573383497e-12,1.7599820573383497e-12,1,2,1,2,False,nan,0,True,False,False
baseline,train,heating_low_localized-sink,20.0,A2,1.2548715426978412e-06,3.0761132439197654e-07,7.812414335449089e-07,1.2404314023477182e-06,2.2522797138856766e-05,2.2522769200906582e-05,0.0,1.2615959018686712e-06,4.293863379497784e-09,4.011499126126958e-16,1.6756031849804227e-12,1.6756031849804227e-12,2,4,1,2,False,nan,0,True,False,False
baseline,train,heating_low_localized-sink,20.0,R0,1.0,0.00012904531364789107,0.500064522656824,0.0033242410804827567,2.2447898086282696e-05,2.2522769200906582e-05,0.17999999999999997,1.0,0.0033895644208746393,4.628616354063865e-15,1.0,1.0,0,1,1,2,False,nan,0,True,False,False
baseline,train,heating_low_localized-sink,20.0,R1,0.003399056497176955,0.00012904531364789107,0.001764050905412423,0.0033242410804827567,2.2447898086282696e-05,2.2522769200906582e-05,0.0,0.0033870709753298016,1.1537286152265237e-05,4.628616354063865e-15,1.6989034461278588e-12,1.6989034461278588e-12,1,2,1,2,False,nan,0,True,False,False
baseline,train,heating_low_localized-sink,20.0,R2,1.2076726719163085e-05,1.874407777204148e-07,6.13208374844175e-06,1.1087927377974885e-05,2.252251947007733e-05,2.2522769200906582e-05,0.0,1.203132357830247e-05,4.098460013292637e-08,2.0057742909378972e-16,2.0268349209886375e-12,2.0268349209886375e-12,2,4,1,2,False,nan,0,True,False,False
20260809,train,heating_low_localized-sink,20.0,N0,0.009829529803376208,7.414660869853912e-06,0.004918472232123031,2.537585460564563e-07,2.2522763485561416e-05,2.2522769200906582e-05,0.09999999999999999,0.009833959006881108,3.349682844670196e-05,4.0115051200701516e-16,0.00045945571782344657,0.00045945571782344657,0,1,1,2,False,nan,0,True,False,False
20260809,train,heating_low_localized-sink,20.0,N1,1.9593484378249184e-05,7.414660869853912e-06,1.3504072624051548e-05,2.537585460564563e-07,2.2522763485561416e-05,2.2522769200906582e-05,0.0,1.9577982797451086e-05,6.667496105457602e-08,4.0115051200701516e-16,1.8852068311734133e-12,1.8852068311734133e-12,1,2,1,2,False,nan,0,True,False,False
20260809,train,heating_low_localized-sink,20.0,N2,5.974136718871894e-08,1.2626159124816247e-08,3.6183763156767596e-08,1.6260647021357e-08,2.252276956714138e-05,2.2522769200906582e-05,0.0,5.662061230557478e-08,1.9287554537791503e-10,2.0057520184433969e-16,1.767869829052885e-12,1.767869829052885e-12,2,4,1,2,False,nan,0,True,False,False
baseline,train,heating_low_nominal,20.0,A1,4.472642456002514e-05,5.487253533381696e-06,2.510683904670342e-05,4.329891888719007e-05,2.2531306096698517e-05,2.253228172013706e-05,0.2,4.461606821707467e-05,1.6740986681817293e-07,8.019968363369543e-16,1.3585826407529556e-12,1.3585826407529556e-12,1,2,1,2,False,nan,0,True,False,False
baseline,train,heating_low_nominal,20.0,A2,1.1665657794763498e-07,1.157945659004679e-08,6.411801726884089e-08,1.6187416894578755e-07,2.2532278072742682e-05,2.253228172013706e-05,0.2,1.638633072562179e-07,6.148625436278393e-10,1.2029433608369404e-15,1.3893995817647358e-12,1.3893995817647358e-12,2,4,1,2,False,nan,0,True,False,False
baseline,train,heating_low_nominal,20.0,R0,0.9334048887473276,0.00019819977797061225,0.46680154426264914,0.0033605096209295064,2.2456561770635045e-05,2.253228172013706e-05,0.4079215610874228,0.9333527756224584,0.0034848898845472867,3.017498247169454e-15,0.8959130336094653,0.8959130336094653,0,1,1,2,False,nan,0,True,False,False
baseline,train,heating_low_nominal,20.0,R1,0.003409328218321505,0.00019819977797061225,0.0018037639981460588,0.0033605096209295064,2.2456561770635045e-05,2.253228172013706e-05,0.4,0.0033969451672747632,1.2745983362278371e-05,3.017498247169454e-15,1.2749935927023746e-12,1.2749935927023746e-12,1,2,1,2,False,nan,0,True,False,False
baseline,train,heating_low_nominal,20.0,R2,1.2677596983491444e-05,3.9852426384977183e-07,6.538060623670608e-06,1.2596845845053656e-05,2.2531997884457694e-05,2.253228172013706e-05,0.4,1.2676884030616335e-05,4.756714315698026e-08,8.019722130613298e-16,1.1740873199204092e-12,1.1740873199204092e-12,2,4,1,2,False,nan,0,True,False,False
20260809,train,heating_low_nominal,20.0,N0,0.01359374089281897,9.249677714880552e-06,0.006801495285266925,1.509195026461339e-07,2.253228512069781e-05,2.253228172013706e-05,0.4079215610874228,0.013592402247745215,5.100195940963697e-05,4.0098099485464264e-16,0.00010602894493296762,0.00010602894493296762,0,1,1,2,False,nan,0,True,False,False
20260809,train,heating_low_nominal,20.0,N1,3.549011773374301e-05,9.249677714880552e-06,2.236989772431178e-05,1.509195026461339e-07,2.253228512069781e-05,2.253228172013706e-05,0.5882176467941096,3.5426759045859345e-05,1.3292990758193153e-07,4.0098099485464264e-16,1.0736266137221533e-12,1.0736266137221533e-12,1,2,1,2,False,nan,0,True,False,False
20260809,train,heating_low_nominal,20.0,N2,1.1304232025446372e-07,2.0367334932857254e-08,6.670482759366048e-08,1.3205415367194818e-09,2.2532281749891874e-05,2.253228172013706e-05,0.5882176467941096,1.0888001011709097e-07,4.0854737603010233e-10,0.0,1.2721123964814002e-12,1.2721123964814002e-12,2,4,1,2,False,nan,0,True,False,False
baseline,test,heating_near-transition_localized-sink,20.0,A1,0.0066850098881560795,0.001408003175695253,0.004046506531925666,0.002905126103610683,0.00029384182844160143,0.0002929906536455817,0.0,0.006584885473886969,0.0002466771864808139,6.416952295822326e-15,9.88210653556547e-14,9.88210653556547e-14,1,2,1,2,False,nan,0,True,False,False
baseline,test,heating_near-transition_localized-sink,20.0,A2,0.00013908636499411717,3.5138505279269286e-05,8.711243513669323e-05,0.00010064829417153756,0.00029302014265507933,0.0002929906536455817,0.0,0.00013523233549785746,5.035034885397326e-06,3.378347009643684e-15,1.0279827329343297e-13,1.0279827329343297e-13,2,4,1,2,False,nan,0,True,False,False
baseline,test,heating_near-transition_localized-sink,20.0,R0,1.6487934670448865,0.00047416540157795413,0.8246338162232322,0.0629429704047008,0.0003114323556868495,0.0002929906536455817,0.0,1.4931106146418236,0.0607401579229161,2.8758902425135126e-15,0.6242292312945947,0.6242292312945947,0,1,1,2,False,nan,0,True,False,False
baseline,test,heating_near-transition_localized-sink,20.0,R1,0.06289174769427595,0.00047416540157795413,0.03168295654792695,0.0629429704047008,0.0003114323556868495,0.0002929906536455817,0.0,0.060403341498821525,0.002273338166095642,2.8758902425135126e-15,8.551989405368422e-14,8.551989405368422e-14,1,2,1,2,False,nan,0,True,False,False
baseline,test,heating_near-transition_localized-sink,20.0,R2,0.002374077003870133,7.714625137511621e-05,0.0012256116276226246,0.0022958210942364034,0.00029366330776863534,0.0002929906536455817,0.0,0.002281433838679777,8.563842504194664e-05,1.2841706442348753e-15,1.0610459947989545e-13,1.0610459947989545e-13,2,4,1,2,False,nan,0,True,False,False
20260809,test,heating_near-transition_localized-sink,20.0,N0,0.20762576657296872,0.0007871022184278235,0.10420643439569827,0.0062433668378161595,0.0002948199017763426,0.0002929906536455817,0.0,0.2017558222989623,0.007565066211193333,7.994579844619005e-16,0.19362405769668165,0.19362405769668165,0,1,1,2,False,nan,0,True,False,False
20260809,test,heating_near-transition_localized-sink,20.0,N1,0.00699734689639475,0.0007871022184278235,0.0038922245574112865,0.0062433668378161595,0.0002948199017763426,0.0002929906536455817,0.0,0.006821626898567967,0.00025560136881610336,7.994579844619005e-16,8.218428080267662e-14,8.218428080267662e-14,1,2,1,2,False,nan,0,True,False,False
20260809,test,heating_near-transition_localized-sink,20.0,N2,0.00019633077315029025,2.6162523407249648e-05,0.00011124664827876995,0.00022297097564733567,0.0002930559820574806,0.0002929906536455817,0.0,0.0001894994816440856,7.0870854082818924e-06,6.434159720572177e-16,9.039994407403096e-14,9.039994407403096e-14,2,4,1,2,False,nan,0,True,False,False
baseline,train,heating_near-transition_nominal,20.0,A1,0.0019040970719170966,7.33761003592719e-05,0.0009887365861381843,0.0018998098851479082,0.00029384182844160143,0.00029440113462736526,0.2,0.0018265492650021307,7.55363982622317e-05,6.416952295822326e-15,6.192358965468202e-14,6.192358965468202e-14,1,2,1,2,False,nan,0,True,False,False
baseline,train,heating_near-transition_nominal,20.0,A2,7.839815735317772e-05,1.6705063514881182e-06,4.0034331852332916e-05,7.83165873400846e-05,0.0002943780781351922,0.00029440113462736526,0.2,7.524017165037991e-05,3.1120344424285464e-06,1.601315736188262e-16,6.82160503616153e-14,6.82160503616153e-14,2,4,1,2,False,nan,0,True,False,False
baseline,train,heating_near-transition_nominal,20.0,R0,1.1783267755284184,0.00012489077310249322,0.5892258331507604,0.04949503790937394,0.0003089725299463094,0.00029440113462736526,0.4,1.0756063384349583,0.0474883700822818,3.0513537820896607e-16,0.5181767760687274,0.5181767760687274,0,1,1,2,False,nan,0,True,False,False
baseline,train,heating_near-transition_nominal,20.0,R1,0.049491729695380335,0.00012489077310249322,0.024808310234241415,0.04949503790937394,0.0003089725299463094,0.00029440113462736526,0.4,0.047351607896173716,0.001963893722159434,3.0513537820896607e-16,5.858599261611807e-14,5.858599261611807e-14,1,2,1,2,False,nan,0,True,False,False
baseline,train,heating_near-transition_nominal,20.0,R2,0.0020434185057513756,2.1195109566513918e-06,0.0010227690083540134,0.0020433129894130934,0.0002950026882898473,0.00029440113462736526,0.4,0.0019588960018989345,8.103050173318834e-05,2.0773028447003894e-15,5.976240491676147e-14,5.976240491676147e-14,2,4,1,2,False,nan,0,True,False,False
20260809,train,heating_near-transition_nominal,20.0,N0,0.001359502273094928,1.3458236700164515e-05,0.0006864802548975463,3.7302464639384296e-07,0.0002944012444462444,0.00029440113462736526,0.5882176467941096,0.0013826496608748179,5.718751233187144e-05,1.2809517834570523e-15,2.812788960267496e-06,2.812788960267496e-06,0,1,1,2,False,nan,0,True,False,False
20260809,train,heating_near-transition_nominal,20.0,N1,2.9030114018652435e-05,1.3458236700164515e-05,2.1244175359408474e-05,3.7302464639384296e-07,0.0002944012444462444,0.00029440113462736526,0.4,2.955681460453241e-05,1.222499847729656e-06,1.2809517834570523e-15,6.22862804705953e-14,6.22862804705953e-14,1,2,1,2,False,nan,0,True,False,False
20260809,train,heating_near-transition_nominal,20.0,N2,7.540334130523341e-07,2.977442753990804e-07,5.258888442257073e-07,9.01192922184023e-09,0.00029440113728048745,0.00029440113462736526,0.4386342439892262,7.55915834340691e-07,3.126218531278792e-08,1.6011903121747363e-15,7.109284986055336e-14,7.109284986055336e-14,2,4,1,2,False,nan,0,True,False,False
