case_id,rejection_index,attempted_outer_interval_s,at_outer_floor,accepted_bundle,path,root_status,root_failure_code,reduced_residual_inf,full_scaled_residual_inf,full_fixed_point_defect_inf,auxiliary_scaled_residual_inf,root_iterations,map_or_residual_evaluations,krylov_matvecs,backtracks,path_integrity_pass,current_relative_imbalance,power_relative_imbalance,embedded_e_max,attempt_wall_time_s
R0-A-QUIESCENT-9V-T1,0,9.999999999999904e-09,False,False,full_step,FAIL,ARMIJO_LINE_SEARCH_FAILURE,0.009519597344649619,0.009519597344649619,,1.5391728295939804e-16,5,134,99,23,,,,,0.4848904999671504
R0-A-QUIESCENT-9V-T1,0,9.999999999999904e-09,False,False,first_half_step,,,,,,,,,,,,,,,0.4848904999671504
R0-A-QUIESCENT-9V-T1,0,9.999999999999904e-09,False,False,second_half_step,,,,,,,,,,,,,,,0.4848904999671504
R0-A-QUIESCENT-9V-T1,1,4.999999999999952e-09,False,False,full_step,FAIL,LGMRES_NOT_CONVERGED,0.00010080120147750463,0.00010080120147750463,,2.5761143706850817e-16,6,531,500,18,,,,,3.1749395999358967
R0-A-QUIESCENT-9V-T1,1,4.999999999999952e-09,False,False,first_half_step,,,,,,,,,,,,,,,3.1749395999358967
R0-A-QUIESCENT-9V-T1,1,4.999999999999952e-09,False,False,second_half_step,,,,,,,,,,,,,,,3.1749395999358967
R0-A-QUIESCENT-9V-T1,2,2.499999999999976e-09,False,False,full_step,PASS,,1.4345144496849396e-12,1.4345144496849396e-12,1.2337072474721822e-09,2.420641913296024e-16,4,78,69,0,True,5.349707324971005e-16,5.349707324971005e-16,,0.49918739998247474
R0-A-QUIESCENT-9V-T1,2,2.499999999999976e-09,False,False,first_half_step,FAIL,FULL_CERTIFICATION_GATE_FAILURE,1.9571489436361346e-10,1.9571489436361346e-10,1.2886350253538126e-07,1.5428579358715518e-16,2,27,22,0,,,,,0.49918739998247474
R0-A-QUIESCENT-9V-T1,2,2.499999999999976e-09,False,False,second_half_step,,,,,,,,,,,,,,,0.49918739998247474
R0-A-QUIESCENT-9V-T1,3,1.249999999999988e-09,False,False,full_step,FAIL,FULL_CERTIFICATION_GATE_FAILURE,1.9571489436361346e-10,1.9571489436361346e-10,1.2886350253538126e-07,1.5428579358715518e-16,2,27,22,0,,,,,0.16974659997504205
R0-A-QUIESCENT-9V-T1,3,1.249999999999988e-09,False,False,first_half_step,,,,,,,,,,,,,,,0.16974659997504205
R0-A-QUIESCENT-9V-T1,3,1.249999999999988e-09,False,False,second_half_step,,,,,,,,,,,,,,,0.16974659997504205
R0-A-QUIESCENT-9V-T1,4,6.24999999999994e-10,False,False,full_step,FAIL,FULL_CERTIFICATION_GATE_FAILURE,4.0925385799232583e-10,4.0925385799232583e-10,2.0435411640651324e-07,2.0806595322650565e-16,1,7,4,0,,,,,0.05890069995075464
R0-A-QUIESCENT-9V-T1,4,6.24999999999994e-10,False,False,first_half_step,,,,,,,,,,,,,,,0.05890069995075464
R0-A-QUIESCENT-9V-T1,4,6.24999999999994e-10,False,False,second_half_step,,,,,,,,,,,,,,,0.05890069995075464
R0-A-QUIESCENT-9V-T1,5,3.12499999999997e-10,False,False,full_step,FAIL,FULL_CERTIFICATION_GATE_FAILURE,3.5976647702037186e-11,3.5976647702037186e-11,1.6105434208490976e-08,2.27972933994141e-16,1,6,3,0,,,,,0.04220479994546622
R0-A-QUIESCENT-9V-T1,5,3.12499999999997e-10,False,False,first_half_step,,,,,,,,,,,,,,,0.04220479994546622
R0-A-QUIESCENT-9V-T1,5,3.12499999999997e-10,False,False,second_half_step,,,,,,,,,,,,,,,0.04220479994546622
R0-A-QUIESCENT-9V-T1,6,1.562499999999985e-10,False,False,full_step,PASS,,7.342232946776406e-13,7.342232946776406e-13,2.875798488233272e-10,2.330021904080492e-16,1,6,3,0,True,1.3420636108582912e-15,8.540404796370948e-16,,0.06391859997529536
R0-A-QUIESCENT-9V-T1,6,1.562499999999985e-10,False,False,first_half_step,FAIL,FULL_CERTIFICATION_GATE_FAILURE,6.0704206810817185e-09,6.0704206810817185e-09,1.5142647732391268e-06,1.7965142940657809e-16,0,1,0,0,,,,,0.06391859997529536
R0-A-QUIESCENT-9V-T1,6,1.562499999999985e-10,False,False,second_half_step,,,,,,,,,,,,,,,0.06391859997529536
R0-A-QUIESCENT-9V-T1,7,7.812499999999925e-11,False,False,full_step,FAIL,FULL_CERTIFICATION_GATE_FAILURE,6.0704206810817185e-09,6.0704206810817185e-09,1.5142647732391268e-06,1.7965142940657809e-16,0,1,0,0,,,,,0.009692999999970198
R0-A-QUIESCENT-9V-T1,7,7.812499999999925e-11,False,False,first_half_step,,,,,,,,,,,,,,,0.009692999999970198
R0-A-QUIESCENT-9V-T1,7,7.812499999999925e-11,False,False,second_half_step,,,,,,,,,,,,,,,0.009692999999970198
R0-A-QUIESCENT-9V-T1,8,3.9062499999999626e-11,False,False,full_step,FAIL,FULL_CERTIFICATION_GATE_FAILURE,9.380967664331052e-10,9.380967664331052e-10,3.3378806274519945e-07,1.478051505517679e-16,0,1,0,0,,,,,0.014637800049968064
R0-A-QUIESCENT-9V-T1,8,3.9062499999999626e-11,False,False,first_half_step,,,,,,,,,,,,,,,0.014637800049968064
R0-A-QUIESCENT-9V-T1,8,3.9062499999999626e-11,False,False,second_half_step,,,,,,,,,,,,,,,0.014637800049968064
R0-A-QUIESCENT-9V-T1,9,1.9531249999999813e-11,False,False,full_step,FAIL,FULL_CERTIFICATION_GATE_FAILURE,2.2064907723529363e-10,2.2064907723529363e-10,7.698811388401339e-08,2.426625133399125e-16,0,1,0,0,,,,,0.02387000003363937
R0-A-QUIESCENT-9V-T1,9,1.9531249999999813e-11,False,False,first_half_step,,,,,,,,,,,,,,,0.02387000003363937
R0-A-QUIESCENT-9V-T1,9,1.9531249999999813e-11,False,False,second_half_step,,,,,,,,,,,,,,,0.02387000003363937
R0-A-QUIESCENT-9V-T1,10,9.765625e-12,True,False,full_step,FAIL,FULL_CERTIFICATION_GATE_FAILURE,5.3226663188521434e-11,5.3226663188521434e-11,1.8387049771639852e-08,1.5179399525872172e-16,0,1,0,0,,,,,0.02030689991079271
R0-A-QUIESCENT-9V-T1,10,9.765625e-12,True,False,first_half_step,,,,,,,,,,,,,,,0.02030689991079271
R0-A-QUIESCENT-9V-T1,10,9.765625e-12,True,False,second_half_step,,,,,,,,,,,,,,,0.02030689991079271
R0-B-CRITICAL-TRANSITION-T4,0,2.5e-09,False,False,full_step,PASS,,1.2698513715679473e-13,1.2698513715679473e-13,3.397282455352979e-14,7.930164461608261e-17,1,5,2,0,True,6.876235623795062e-16,8.595294529743832e-17,0.17635990677170266,0.14075009990483522
R0-B-CRITICAL-TRANSITION-T4,0,2.5e-09,False,False,first_half_step,PASS,,1.2463385248863105e-15,1.2463385248863105e-15,4.399258735077183e-15,9.870425969953474e-17,1,5,2,0,True,1.5987017325120213e-15,1.2789613860096165e-15,0.17635990677170266,0.14075009990483522
R0-B-CRITICAL-TRANSITION-T4,0,2.5e-09,False,False,second_half_step,PASS,,2.2647450922293833e-15,2.2647450922293833e-15,2.886579864025407e-15,1.2338147754829665e-16,1,5,2,0,True,0.0,3.171476001166066e-16,0.17635990677170266,0.14075009990483522
R0-B-CRITICAL-TRANSITION-T4,1,1.25e-09,False,False,full_step,PASS,,1.2463385248863105e-15,1.2463385248863105e-15,4.399258735077183e-15,9.870425969953474e-17,1,5,2,0,True,1.5987017325120213e-15,1.2789613860096165e-15,0.1314659459337124,0.07926719996612519
R0-B-CRITICAL-TRANSITION-T4,1,1.25e-09,False,False,first_half_step,PASS,,1.4652762162760637e-09,1.4652762162760637e-09,8.034788667732329e-10,1.3665947406513677e-16,0,1,0,0,True,1.912949550058554e-15,1.4028296700429389e-15,0.1314659459337124,0.07926719996612519
R0-B-CRITICAL-TRANSITION-T4,1,1.25e-09,False,False,second_half_step,PASS,,4.315136789112763e-09,4.315136789112763e-09,1.4886663013413681e-09,1.0249491593463132e-16,0,1,0,0,True,5.198463408432766e-16,3.11907804505966e-16,0.1314659459337124,0.07926719996612519
R0-B-CRITICAL-TRANSITION-T4,2,6.25e-10,False,False,full_step,PASS,,1.4652762162760637e-09,1.4652762162760637e-09,8.034788667732329e-10,1.3665947406513677e-16,0,1,0,0,True,1.912949550058554e-15,1.4028296700429389e-15,0.06974742939952933,0.06243609997909516
R0-B-CRITICAL-TRANSITION-T4,2,6.25e-10,False,False,first_half_step,PASS,,6.754527778839504e-11,6.754527778839504e-11,5.5992543934735295e-11,1.268920797577762e-16,0,1,0,0,True,3.5398430342675493e-16,2.8318744274140395e-16,0.06974742939952933,0.06243609997909516
R0-B-CRITICAL-TRANSITION-T4,2,6.25e-10,False,False,second_half_step,PASS,,2.232593782848509e-10,2.232593782848509e-10,1.4257739433531924e-10,8.987519723156029e-17,0,1,0,0,True,3.846266537679865e-16,6.410444229466443e-16,0.06974742939952933,0.06243609997909516
R0-B-CRITICAL-TRANSITION-T4,3,3.125e-10,False,False,full_step,PASS,,6.754527778839504e-11,6.754527778839504e-11,5.5992543934735295e-11,1.268920797577762e-16,0,1,0,0,True,3.5398430342675493e-16,2.8318744274140395e-16,0.027814477361408407,0.05800630000885576
R0-B-CRITICAL-TRANSITION-T4,3,3.125e-10,False,False,first_half_step,PASS,,2.680110175542273e-12,2.680110175542273e-12,2.8387292516640628e-12,1.440349827424966e-16,0,1,0,0,True,8.883226458964715e-16,5.181882101062748e-16,0.027814477361408407,0.05800630000885576
R0-B-CRITICAL-TRANSITION-T4,3,3.125e-10,False,False,second_half_step,PASS,,9.511877263964136e-12,9.511877263964136e-12,8.771983139865824e-12,9.602334148586271e-17,0,1,0,0,True,2.1407820491307522e-16,7.135940163769174e-17,0.027814477361408407,0.05800630000885576
R0-B-CRITICAL-TRANSITION-T4,4,1.5625e-10,False,True,full_step,PASS,,2.680110175542273e-12,2.680110175542273e-12,2.8387292516640628e-12,1.440349827424966e-16,0,1,0,0,True,8.883226458964715e-16,5.181882101062748e-16,0.009078076583440287,0.053889499977231026
R0-B-CRITICAL-TRANSITION-T4,4,1.5625e-10,False,True,first_half_step,PASS,,1.0277954571372739e-13,1.0277954571372739e-13,1.213473765915296e-13,1.0297952038507122e-16,0,1,0,0,True,8.267340423340952e-16,8.267340423340952e-16,0.009078076583440287,0.053889499977231026
R0-B-CRITICAL-TRANSITION-T4,4,1.5625e-10,False,True,second_half_step,PASS,,3.592696762651973e-13,3.592696762651973e-13,4.0545344859310717e-13,1.0297952749532187e-16,0,1,0,0,True,1.4118976839281084e-15,1.0403456618417644e-15,0.009078076583440287,0.053889499977231026
