seed,mode,device_voltage_V,certified_same_voltage_pair,reference_current_separation,predicted_current_separation,reference_temperature_rise_separation,predicted_temperature_rise_separation,current_separation_relative_error,temperature_separation_relative_error,maximum_separation_relative_error,direct_assignment_joint_error,swapped_assignment_joint_error,head_swap
20260809,A1,0.75,True,0.4330624854423076,0.9943726500734279,0.4334179118904736,0.9993391848855843,1.2961412809928043,1.305717316865578,1.305717316865578,147.23111337760847,260.0512039982253,False
20260809,A1,0.775,False,0.43399339950473514,0.9943726500734279,0.43437572905347316,0.9992998123419166,1.29121606735998,1.3005424693489247,1.3005424693489247,138.7149038052737,245.43529706871956,False
20260809,A1,0.8,False,0.4349595692265123,0.9943726500734278,0.43537017235712894,0.9992597814565187,1.2861266205539947,1.295195777989214,1.295195777989214,130.979609578813,232.16782354023843,False
20260809,A1,0.825,False,0.4359615105377544,0.9943726500734279,0.43640180719644023,0.9992191381104264,1.2808725679633475,1.289676902416313,1.289676902416313,123.93182138397223,220.08781700890208,False
20260809,A1,0.85,False,0.4369997663143146,0.9943726500734279,0.43747125494211486,0.9991779277027071,1.2754535052959723,1.2839853279843858,1.2839853279843858,117.4916563762971,209.057637918541,False
20260809,A1,0.875,False,0.43807490739504795,0.9943726500734278,0.43857911059980725,0.9991361950573096,1.2698689956617868,1.2781208017200731,1.2781208017200731,111.59047293638694,198.9590026509557,False
20260809,A1,0.9,False,0.43918753440807284,0.9943726500734279,0.4397260615151122,0.9990939843361121,1.2641185647803534,1.2720827164386206,1.2720827164386206,106.16902337354797,189.6898441813175,False
20260809,A1,0.925,False,0.44033827752632887,0.9943726500734279,0.44091277439587406,0.9990513389582965,1.2582017072407976,1.2658707049873248,1.2658707049873248,101.17595787841827,181.16169194078506,False
20260809,A1,0.95,True,0.9902742947429363,0.9943726500734278,0.9937416252885147,0.999008301526099,0.004138606194514427,0.005299844651324908,0.005299844651324908,1.2220340692870817,173.41650590645764,False
20260809,A1,0.975,False,0.9906528951898745,0.9943726500734279,0.9938437949616564,0.9989649137569794,0.003754851877599783,0.005152840739444907,0.005152840739444907,1.1430687520285963,166.15365285529177,False
20260809,A1,1.0,False,0.9907753306007241,0.9943726500734279,0.9938844642605219,0.9989212164221812,0.003630812517831557,0.005067744132017212,0.005067744132017212,1.0908045012979155,159.4263785612542,False
20260809,A1,1.025,False,0.9908500436200138,0.9943726500734279,0.9939074553741544,0.998877249291627,0.0035551357908250444,0.005000258213780865,0.005000258213780865,1.0467110276905833,153.18454173549435,False
20260809,A1,1.05,False,0.9909063258614309,0.9943726500734279,0.9939208802322047,0.998833051085052,0.0034981351128055365,0.004942215170788781,0.004942215170788781,1.0076616207247602,147.38254041364115,False
20260809,A1,1.075,False,0.9940954928340616,0.9943726500734279,0.9941769534819453,0.9987886594292504,0.0002788034362535241,0.004638717414594383,0.004638717414594383,0.6896686915997801,141.95591025140305,False
20260809,A1,1.1,False,0.9941967521174749,0.9943726500734279,0.9942424653523907,0.9987441108212765,0.00017692469380766962,0.004527713938762652,0.004527713938762652,0.6448363586959607,136.91380380730013,False
20260809,A1,1.125,False,0.9942511506928483,0.9943726500734278,0.9942820181513491,0.9986994405974089,0.0001222019008927617,0.00444282644704069,0.00444282644704069,0.6093386189719261,132.20455892503855,False
20260809,A1,1.15,False,0.9942858026258266,0.9943726500734278,0.994308996657931,0.9986546829076834,8.734656310275972e-05,0.0043705591162899165,0.0043705591162899165,0.5789522964470273,127.79906718981532,False
20260809,A1,1.175,False,0.9943090150050008,0.994372650073428,0.994327940895354,0.9986098706957505,6.399928741156453e-05,0.004306355704477861,0.004306355704477861,0.5522274703684832,123.67154955731098,False
20260809,A1,1.2,False,0.9943246772840848,0.9943726500734279,0.9943411591404221,0.9985650356838279,4.824660439297535e-05,0.004247914817342218,0.004247914817342218,0.5284051301047965,119.79895489647019,False
20260809,A1,1.225,False,0.9943349797329015,0.9943726500734279,0.9943500517556412,0.9985202083624808,3.788495959027162e-05,0.004193851651615762,0.004193851651615762,0.5070142737347334,116.16059880988632,False
20260809,A1,1.25,False,0.9943412993652937,0.9943726500734279,0.9943555625876341,0.9984754179849652,3.1529121996858846e-05,0.00414324166559683,0.00414324166559683,0.4877377870476225,112.7378695588643,False
20260809,A1,1.275,False,0.9943445688716509,0.9943726500734278,0.9943583738084858,0.9984306925658635,2.8240916334215738e-05,0.004095423606461237,0.004095423606461237,0.4703561126113815,109.51397804595969,False
20260809,A1,1.3,False,0.994345454461932,0.9943726500734278,0.9943590024524221,0.9983860588837221,2.7350264813645293e-05,0.004049901918087833,0.004049901918087833,0.45472084417669056,106.47374370680852,False
20260809,A1,1.3250000000000002,False,0.9943444505676845,0.994372650073428,0.9943578530437691,0.9983415424874194,2.835989654028811e-05,0.004006293540555855,0.004006293540555855,0.4407422065786916,103.60341036756583,False
20260809,A1,1.35,True,0.9943419342026315,0.9943726500734279,0.9943552484560396,0.9982971677059764,3.089065213871842e-05,0.003964296719967563,0.003964296719967563,0.42838410777492075,100.89048710044109,False
20260809,A1,1.375,False,0.9943381981768717,0.9943726500734279,0.9943514493031569,0.9982529576615284,3.46480670453186e-05,0.003923671415278508,0.003923671415278508,0.4176657225735724,98.32361001618158,False
20260809,A1,1.4,False,0.9943334725622653,0.9943726500734279,0.9943466670830368,0.9982089342851829,3.940077674505197e-05,0.00388422602499011,0.00388422602499011,0.4086811934131245,95.8924217170716,False
20260809,A1,1.425,False,0.9943279393167559,0.9943726500734278,0.9943410735373873,0.9981651183354998,4.496580544907326e-05,0.003845807942448137,0.003845807942448137,0.40155917891080745,93.58746575656669,False
20260809,A1,1.4500000000000002,False,0.9943217427389053,0.9943726500734278,0.9943348078373144,0.9981215294193168,5.119805022294204e-05,0.003808296312424661,0.003808296312424661,0.3963014013806705,91.40009393258886,False
20260809,A1,1.475,False,0.994314997261829,0.994372650073428,0.9943279823219247,0.9980781860146756,5.798244194016954e-05,0.0037715962533746233,0.0037715962533746233,0.39291449928306765,89.32238461468701,False
20260809,A1,1.5,False,0.9943077934648182,0.9943726500734279,0.9943206873573239,0.9980351054955975,6.522789928424666e-05,0.0037356339715164,0.0037356339715164,0.39135847362089166,87.34707357789743,False
20260809,A1,1.525,False,0.9943002028065141,0.9943726500734279,0.9943129945748042,0.9979923041584761,7.286256877883566e-05,0.0037003535141822046,0.0037003535141822046,0.3914867775535435,85.46747811451027,False
20260809,A1,1.55,True,0.9942922814444033,0.9943726500734279,0.9943049612787327,0.997949797249857,8.082998382312333e-05,0.0036657123448693638,0.0036657123448693638,0.3930556323126416,83.67745848506607,False
20260809,A2,0.75,True,0.4330624854423076,0.9944166432821174,0.4334179118904736,0.9985751573350925,1.2962428672769284,1.3039545204293184,1.3039545204293184,113.07656236900237,199.9080713687804,False
20260809,A2,0.775,False,0.43399339950473514,0.9944152100075774,0.43437572905347316,0.9985037899037746,1.2913141332158156,1.2987099027829323,1.2987099027829323,107.51025318320653,190.40592391596837,False
20260809,A2,0.8,False,0.4349595692265123,0.9944137252779737,0.43537017235712894,0.9984325347632044,1.2862210550887236,1.2932956783824,1.2932956783824,102.45013437157705,181.77976770603004,False
20260809,A2,0.825,False,0.4359615105377544,0.9944121891139893,0.43640180719644023,0.9983615000953575,1.280963261842522,1.287711653874886,1.287711653874886,97.8354653736878,173.9249584045366,False
20260809,A2,0.85,False,0.4369997663143146,0.9944106015540916,0.43747125494211486,0.9982907861387582,1.2755403508359224,1.2819574426000848,1.2819574426000848,93.61429795113467,166.75201708574207,False
20260809,A2,0.875,False,0.43807490739504795,0.9944089626511778,0.43857911059980725,0.9982204853100686,1.2699518869142579,1.2760329007573743,1.2760329007573743,89.74199072994982,160.1840444754375,False
20260809,A2,0.9,False,0.43918753440807284,0.9944072724693501,0.4397260615151122,0.9981506823741753,1.2641973976096341,1.269937512766392,1.269937512766392,86.18000833952078,154.1546867513537,False
20260809,A2,0.925,False,0.44033827752632887,0.99440553108087,0.44091277439587406,0.9980814546555818,1.2582763793942766,1.2636709857706532,1.2636709857706532,82.89495003805804,148.60642806263817,False
20260809,A2,0.95,True,0.9902742947429363,0.994403738563336,0.9937416252885147,0.9980128722842345,0.004170000011432851,0.004298146406496469,0.004298146406496469,0.9013993283239236,143.67078144770662,False
20260809,A2,0.975,False,0.9906528951898745,0.9944018949971085,0.9938437949616564,0.9979449984693501,0.003784372735836421,0.0041266077511224455,0.0041266077511224455,0.8454741853093665,138.94526844717967,False
20260809,A2,1.0,False,0.9907753306007241,0.9944000004630091,0.9938844642605219,0.997877889795229,0.003658417554752142,0.004017997743508621,0.004017997743508621,0.8110172324132535,134.56650438457544,False
20260809,A2,1.025,False,0.9908500436200138,0.9943980550402978,0.9939074553741544,0.9978115965335634,0.0035807753586218558,0.0039280731201873954,0.0039280731201873954,0.7825855291875997,130.5024937617222,False
20260809,A2,1.05,False,0.9909063258614309,0.994396058804936,0.9939208802322047,0.9977461629672468,0.0035217586692378043,0.003848679317561416,0.003848679317561416,0.7576475896317656,126.72364338128482,False
20260809,A2,1.075,False,0.9940954928340616,0.9943940118281269,0.9941769534819453,0.99768162772122,0.00030029207074891136,0.003525201652482626,0.003525201652482626,0.46355742802973876,123.17968851046564,False
20260809,A2,1.1,False,0.9941967521174749,0.9943919141751246,0.9942424653523907,0.9976180240963989,0.00019630124241909496,0.0033951061855035385,0.0033951061855035385,0.42963638639027574,119.89231268929564,False
20260809,A2,1.125,False,0.9942511506928483,0.9943897659042958,0.9942820181513491,0.9975553804032298,0.00013941669702965907,0.003292186916913965,0.003292186916913965,0.4037964811070443,116.8210658398114,False
20260809,A2,1.15,False,0.9942858026258266,0.9943875670664131,0.994308996657931,0.9974937202919093,0.00010234928459982475,0.0032029516424800985,0.0032029516424800985,0.38215856300319345,113.94683426696776,False
20260809,A2,1.175,False,0.9943090150050008,0.9943853177041608,0.994327940895354,0.9974330630767259,7.673942205950127e-05,0.0031228350865568346,0.0031228350865568346,0.36342866092366166,111.25278156632977,False
20260809,A2,1.2,False,0.9943246772840848,0.9943830178518278,0.9943411591404221,0.9973734240524385,5.867355912594038e-05,0.0030495216698438387,0.0030495216698438387,0.3469444732436155,108.72387819939799,False
20260809,A2,1.225,False,0.9943349797329015,0.9943806675351635,0.9943500517556412,0.9973148148009605,4.594809917505688e-05,0.00298160898175115,0.00298160898175115,0.3323014743380238,106.3466520480624,False
20260809,A2,1.25,False,0.9943412993652937,0.994378266771373,0.9943555625876341,0.9972572434869791,3.717778402936411e-05,0.002918152226949723,0.002918152226949723,0.31922938172119675,104.10899042695478,False
20260809,A2,1.275,False,0.9943445688716509,0.994375815569228,0.9943583738084858,0.9972007151414705,3.142441619870786e-05,0.0028584677394511517,0.0028584677394511517,0.3075403402692962,101.99997308945173,False
20260809,A2,1.3,False,0.994345454461932,0.9943733139292719,0.9943590024524221,0.9971452319323181,2.801789580757724e-05,0.002802035756727857,0.002802035756727857,0.29710428629502533,100.00973009805215,False
20260809,A2,1.3250000000000002,False,0.9943444505676845,0.9943707618440962,0.9943578530437691,0.9970907934215165,2.6460927495201956e-05,0.0027484475225712417,0.0027484475225712417,0.28783656039231836,98.12932025947325,False
20260809,A2,1.35,True,0.9943419342026315,0.9943681592986736,0.9943552484560396,0.9970373968086509,2.637432370097073e-05,0.0026973743606984605,0.0026973743606984605,0.2796915810523904,96.35062652761765,False
20260809,A2,1.375,False,0.9943381981768717,0.9943655062707271,0.9943514493031569,0.9969850371605113,2.7463587243641767e-05,0.0026485483167949125,0.0026485483167949125,0.2726592316947678,94.66626546576295,False
20260809,A2,1.4,False,0.9943334725622653,0.9943628027311237,0.9943466670830368,0.9969337076268876,2.949731620995354e-05,0.0026017490976663546,0.0026017490976663546,0.2667617590929649,93.06950846335432,False
20260809,A2,1.425,False,0.9943279393167559,0.9943600486442783,0.9943410735373873,0.9968833996426893,3.229249249947068e-05,0.0025567948191636647,0.0025567948191636647,0.26205363842674634,91.55421287455896,False
20260809,A2,1.4500000000000002,False,0.9943217427389053,0.9943572439685594,0.9943348078373144,0.9968341031166784,3.57039659580737e-05,0.002513534937794217,0.002513534937794217,0.2586238396133712,90.11476160092523,False
20260809,A2,1.475,False,0.994314997261829,0.9943543886566871,0.9943279823219247,0.9967858066071518,3.961661542526007e-05,0.002471844631675436,0.002471844631675436,0.2564648233038815,88.74600990864687,False
20260809,A2,1.5,False,0.9943077934648182,0.9943514826561174,0.9943206873573239,0.9967384974850253,4.393930288619674e-05,0.0024316200582403186,0.0024316200582403186,0.2554875167491341,87.4432414591746,False
20260809,A2,1.525,False,0.9943002028065141,0.9943485259094077,0.9943129945748042,0.996692162084777,4.8600113685185224e-05,0.0023927752357196133,0.0023927752357196133,0.25558151897733505,86.20211475459733,False
20260809,A2,1.55,True,0.9942922814444033,0.9943455183545608,0.9943049612787327,0.9966467858437965,5.354251576822509e-05,0.002355237735163367,0.002355237735163367,0.2565875146934623,85.01864436796956,False
20260809,R1,0.75,True,0.4330624854423076,0.4732865990703277,0.4334179118904736,0.9402479007917685,0.09288293255634303,1.169379425715504,1.169379425715504,1.397531593859547,2.62467269024774,False
20260809,R1,0.775,False,0.43399339950473514,0.5189562344771843,0.43437572905347316,0.9601607668583754,0.19576987822719677,1.2104383432071921,1.2104383432071921,2.2224241182067512,4.116572397088295,False
20260809,R1,0.8,False,0.4349595692265123,0.5758871622203231,0.43537017235712894,0.9698280816520731,0.3240015922501074,1.2275942249358662,1.2275942249358662,3.1453265620465873,5.780472993808928,False
20260809,R1,0.825,False,0.4359615105377544,0.6410803385759498,0.43640180719644023,0.9738898638613589,0.4704975624687218,1.2316357260706208,1.2316357260706208,4.154199238620005,7.6008908970677584,False
20260809,R1,0.85,False,0.4369997663143146,0.712273075991888,0.43747125494211486,0.9734838750028603,0.6299163772998029,1.225252205728738,1.225252205728738,5.27969338608514,9.591784822250567,False
20260809,R1,0.875,False,0.43807490739504795,0.7851261123611518,0.43857911059980725,0.9692914475937262,0.7922188628191376,1.210072080879796,1.210072080879796,6.58411777147851,11.806880685317218,False
20260809,R1,0.9,False,0.43918753440807284,0.8527949734426237,0.4397260615151122,0.9618833489536662,0.9417558710813633,1.1874604057794944,1.1874604057794944,8.122900528626142,14.350787756315436,False
20260809,R1,0.925,False,0.44033827752632887,0.9078618927018549,0.44091277439587406,0.9548842506098666,1.0617373938098573,1.1656987641562924,1.1656987641562924,10.023316622998859,17.469893509928756,False
20260809,R1,0.95,True,0.9902742947429363,0.9460885842456489,0.9937416252885147,0.9522346399281224,0.04461966823925028,0.041768387580968576,0.04461966823925028,1.1953484591782042,21.77362086345609,False
20260809,R1,0.975,False,0.9906528951898745,0.9687547821470097,0.9938437949616564,0.9541428713568554,0.022104728254660474,0.03994684457061257,0.03994684457061257,1.3624132890232905,27.25063553706218,False
20260809,R1,1.0,False,0.9907753306007241,0.980704362522964,0.9938844642605219,0.9583778941092461,0.010164734392058276,0.03572504795886278,0.03572504795886278,1.4991019848794433,34.238165375847124,False
20260809,R1,1.025,False,0.9908500436200138,0.9866766251281874,0.9939074553741544,0.9624740477305433,0.0042119577212501825,0.03162609101445766,0.03162609101445766,1.606588506543228,41.962292695861606,False
20260809,R1,1.05,False,0.9909063258614309,0.9897003093727627,0.9939208802322047,0.9653418329991569,0.0012170842562941708,0.02875384530242593,0.02875384530242593,1.6924658557961336,49.21935683608614,False
20260809,R1,1.075,False,0.9940954928340616,0.9913556433056702,0.9941769534819453,0.9671412724953541,0.0027561230768489205,0.02719403310638325,0.02719403310638325,1.7828221522033152,55.37562120188491,False
20260809,R1,1.1,False,0.9941967521174749,0.9923806028531923,0.9942424653523907,0.9684318658335457,0.0018267503493795793,0.025960065495388922,0.025960065495388922,1.8216004626731102,60.639050953127246,False
20260809,R1,1.125,False,0.9942511506928483,0.9930737523536834,0.9942820181513491,0.9696582861127014,0.0011842061619384437,0.024765339802111798,0.024765339802111798,1.8303582055200713,65.36332646692955,False
20260809,R1,1.15,False,0.9942858026258266,0.9935401663158381,0.994308996657931,0.9710129103783627,0.0007499215095089455,0.02342942320533266,0.02342942320533266,1.813826341387648,69.73763787883959,False
20260809,R1,1.175,False,0.9943090150050008,0.993833017382967,0.994327940895354,0.9725079842696154,0.0004787220218770415,0.02194442671106137,0.02194442671106137,1.776337096452828,73.77475440722426,False
20260809,R1,1.2,False,0.9943246772840848,0.9940014266080238,0.9943411591404221,0.974100841214164,0.00032509569906674196,0.02035550649814725,0.02035550649814725,1.7209617802088368,77.4653881554282,False
20260809,R1,1.225,False,0.9943349797329015,0.994089991820526,0.9943500517556412,0.9757569885630408,0.00024638368092138474,0.018698709935974882,0.018698709935974882,1.6498522973882668,80.8421892957451,False
20260809,R1,1.25,False,0.9943412993652937,0.9941323143359737,0.9943555625876341,0.9774541961194108,0.00021017434300816504,0.016997306702082066,0.016997306702082066,1.5657951660974792,83.95646522276489,False
20260809,R1,1.275,False,0.9943445688716509,0.9941503092379534,0.9943583738084858,0.9791737922746258,0.00019536450419586156,0.015270733302824887,0.015270733302824887,1.4719831360213314,86.84758789185796,False
20260809,R1,1.3,False,0.994345454461932,0.9941569241239092,0.9943590024524221,0.9808972844743843,0.00018960245373155098,0.013538086289596367,0.013538086289596367,1.3728502603366797,89.5325864642948,False
20260809,R1,1.3250000000000002,False,0.9943444505676845,0.9941592669039166,0.9943578530437691,0.9826069418730544,0.00018623693596532656,0.011817587737397243,0.011817587737397243,1.2703343587124987,92.00948134054468,False
20260809,R1,1.35,True,0.9943419342026315,0.994160996889435,0.9943552484560396,0.9842870705687862,0.00018196689385483432,0.010125332875636309,0.010125332875636309,1.1630027472288824,94.26431632516271,False
20260809,R1,1.375,False,0.9943381981768717,0.9941638700195885,0.9943514493031569,0.9859247660271965,0.00017532078884515917,0.008474552213772952,0.008474552213772952,1.0510205023282562,96.27724791917379,False
20260809,R1,1.4,False,0.9943334725622653,0.9941686450129902,0.9943466670830368,0.9875100786697104,0.0001657668718024957,0.006875457664460029,0.006875457664460029,0.9361782015196454,98.02674808441355,False
20260809,R1,1.425,False,0.9943279393167559,0.9941755790376776,0.9943410735373873,0.9890358011214997,0.0001532294055651012,0.005335465422356558,0.005335465422356558,0.8211635382183742,99.49225303990747,False
20260809,R1,1.4500000000000002,False,0.9943217427389053,0.994184682946448,0.9943348078373144,0.990497009081491,0.00013784249762026108,0.003859664496881793,0.003859664496881793,0.7095472575506696,100.65578155256016,False
20260809,R1,1.475,False,0.994314997261829,0.9941958400077792,0.9943279823219247,0.9918901910954422,0.00011983853645777394,0.0024516972968917257,0.0024516972968917257,0.6063099845214983,101.50292356116121,False
20260809,R1,1.5,False,0.9943077934648182,0.9942088263253431,0.9943206873573239,0.9932107825236481,9.953370588621989e-05,0.0011162443342355294,0.0011162443342355294,0.5187882371807563,102.02344866317668,False
20260809,R1,1.525,False,0.9943002028065141,0.99422316146425,0.9943129945748042,0.9944440719643071,7.748297953333739e-05,0.0001318270908839542,0.0001318270908839542,0.4566184652928517,102.21164458518008,False
20260809,R1,1.55,True,0.9942922814444033,0.9942375199884943,0.9943049612787327,0.9955365157570771,5.507581314967046e-05,0.0012386084011494765,0.0012386084011494765,0.4249821729645816,102.06649709416087,False
20260809,R2,0.75,True,0.4330624854423076,0.4592581944814305,0.4334179118904736,0.8687420869010337,0.06048944417886486,1.004398210290322,1.004398210290322,0.9201445645137911,1.922203000835335,False
20260809,R2,0.775,False,0.43399339950473514,0.489542564831529,0.43437572905347316,0.9097326099014132,0.12799541511503518,1.0943449393081122,1.0943449393081122,1.4683196285046685,2.9201348063477033,False
20260809,R2,0.8,False,0.4349595692265123,0.5279545254931924,0.43537017235712894,0.9318421385694053,0.21380138028013243,1.1403444648592655,1.1403444648592655,2.08522126086118,4.036053794426911,False
20260809,R2,0.825,False,0.4359615105377544,0.5733878018832973,0.43640180719644023,0.9443018531299476,0.3152257436121571,1.1638357989312433,1.1638357989312433,2.765412149455332,5.264514201325849,False
20260809,R2,0.85,False,0.4369997663143146,0.6262166858310897,0.43747125494211486,0.9500949446639335,0.43299089405159946,1.1717882807857805,1.1717882807857805,3.5335282731627444,6.622606967674392,False
20260809,R2,0.875,False,0.43807490739504795,0.6867996452439826,0.43857911059980725,0.9509274270666841,0.5677675978474596,1.1682004547963576,1.1682004547963576,4.439815243186892,8.160352631339482,False
20260809,R2,0.9,False,0.43918753440807284,0.7549582959250754,0.4397260615151122,0.948081533766241,0.7189884429269863,1.1560731026483817,1.1560731026483817,5.543110004522543,9.98283086179761,False
20260809,R2,0.925,False,0.44033827752632887,0.8289332006476706,0.44091277439587406,0.9457065938291542,0.8824918090344911,1.1448836340134034,1.1448836340134034,6.990067519578423,12.358818635065523,False
20260809,R2,0.95,True,0.9902742947429363,0.9013575070271665,0.9937416252885147,0.9485012019088698,0.08979005936819907,0.045525338003739375,0.08979005936819907,0.9417067298862932,16.275817411908868,False
20260809,R2,0.975,False,0.9906528951898745,0.9551245356344368,0.9938437949616564,0.9576793552346076,0.03586358019841872,0.03638845451406589,0.03638845451406589,1.030234509430573,22.63653525232868,False
20260809,R2,1.0,False,0.9907753306007241,0.9801204671419081,0.9938844642605219,0.9689352360970097,0.010754066163875637,0.025102744897089344,0.025102744897089344,1.0717077716143661,33.738039876308505,False
20260809,R2,1.025,False,0.9908500436200138,0.9880389120520686,0.9939074553741544,0.9755343618041284,0.0028370908252422387,0.018485718635755086,0.018485718635755086,1.0904966514767453,46.36251556158188,False
20260809,R2,1.05,False,0.9909063258614309,0.9904840796483388,0.9939208802322047,0.9779325915544013,0.000426121220615869,0.016086077871780076,0.016086077871780076,1.1226022478097133,55.43969856220043,False
20260809,R2,1.075,False,0.9940954928340616,0.9916129632683104,0.9941769534819453,0.9786856317462743,0.002497274742362833,0.01558205677713123,0.01558205677713123,1.2169477045371677,61.44627774340282,False
20260809,R2,1.1,False,0.9941967521174749,0.9925211852178115,0.9942424653523907,0.9790079460243662,0.0016853473883260389,0.015322740537565806,0.015322740537565806,1.2326930722828418,66.24520185947999,False
20260809,R2,1.125,False,0.9942511506928483,0.9932878845522233,0.9942820181513491,0.9794154120348872,0.000968835831825564,0.014952101964091698,0.014952101964091698,1.2224044440256354,70.70434984693954,False
20260809,R2,1.15,False,0.9942858026258266,0.9937736293156442,0.994308996657931,0.9800421764501143,0.0005151167891865469,0.014348477440886463,0.014348477440886463,1.1975332659689337,74.76493148542889,False
20260809,R2,1.175,False,0.9943090150050008,0.9940169211797673,0.994327940895354,0.9808055101004574,0.00029376564108902543,0.013599568350377693,0.013599568350377693,1.1650196922724565,78.19096679194716,False
20260809,R2,1.2,False,0.9943246772840848,0.9941305034800563,0.9943411591404221,0.9816426264818399,0.00019528209292652752,0.012770800586752062,0.012770800586752062,1.1251567899202317,81.0380425127291,False
20260809,R2,1.225,False,0.9943349797329015,0.9941844706415421,0.9943500517556412,0.9825376823039186,0.0001513665861376165,0.011879487943774403,0.011879487943774403,1.077079204008137,83.46586116130456,False
20260809,R2,1.25,False,0.9943412993652937,0.9942103937247363,0.9943555625876341,0.9834852169744893,0.0001316506119588504,0.010932050890183254,0.010932050890183254,1.021481191739252,85.59975346548555,False
20260809,R2,1.275,False,0.9943445688716509,0.9942223000930995,0.9943583738084858,0.9844774928124811,0.0001229641940822561,0.009936941505465483,0.009936941505465483,0.9601274807119128,87.51630618321153,False
20260809,R2,1.3,False,0.994345454461932,0.9942270894256827,0.9943590024524221,0.9855035506408261,0.00011903814284879607,0.008905688780164482,0.008905688780164482,0.895657630238421,89.25568249482308,False
20260809,R2,1.3250000000000002,False,0.9943444505676845,0.9942285219305871,0.9943578530437691,0.9865507539127946,0.00011658800633043463,0.007851397871577829,0.007851397871577829,0.8290318411024151,90.8341381443211,False
20260809,R2,1.35,True,0.9943419342026315,0.9942287557432489,0.9943552484560396,0.987606329932919,0.00011382247443219123,0.006787230754400769,0.006787230754400769,0.7590728736757119,92.25343198338109,False
20260809,R2,1.375,False,0.9943381981768717,0.9942290296151678,0.9943514493031569,0.9886584012074967,0.0001097901718993754,0.0057253882414008425,0.0057253882414008425,0.6859246616826321,93.5073349676087,False
20260809,R2,1.4,False,0.9943334725622653,0.994230025783178,0.9943466670830368,0.989696529652885,0.00010403630365654754,0.004676575669321792,0.004676575669321792,0.610819890564696,94.5859158729135,False
20260809,R2,1.425,False,0.9943279393167559,0.9942320871443643,0.9943410735373873,0.9907119058530663,9.639895310341213e-05,0.0036498217572468812,0.0036498217572468812,0.5355546283555348,95.47826701349565,False
20260809,R2,1.4500000000000002,False,0.9943217427389053,0.9942353516004919,0.9943348078373144,0.9916972725784626,8.688449090471152e-05,0.002652562535338028,0.002652562535338028,0.4624871417219691,96.1741988885294,False
20260809,R2,1.475,False,0.994314997261829,0.9942398302022781,0.9943279823219247,0.9926464825589566,7.559682772351206e-05,0.0016910916647859646,0.0016910916647859646,0.394889365918081,96.66527919448039,False
20260809,R2,1.5,False,0.9943077934648182,0.9942454309717469,0.9943206873573239,0.9935528894535499,6.271950545015072e-05,0.0007721833745757067,0.0007721833745757067,0.3375675352871724,96.9454631696653,False
20260809,R2,1.525,False,0.9943002028065141,0.9942518711705481,0.9943129945748042,0.9944031015674637,4.860869567313588e-05,9.062236252687878e-05,9.062236252687878e-05,0.2968851836289207,97.01144133010325,False
20260809,R2,1.55,True,0.9942922814444033,0.9942582960405745,0.9943049612787327,0.9951571170869136,3.418049648283244e-05,0.0008570366651745918,0.0008570366651745918,0.2762919362707911,96.86283430455721,False
20260809,H0,0.75,True,0.4330624854423076,0.4198275820427533,0.4334179118904736,0.0,0.030561186536480652,1.0,1.0,0.9999648233257127,0.9999740759425982,False
20260809,H0,0.775,False,0.43399339950473514,0.4198270488928499,0.43437572905347316,0.0,0.032641857291036275,1.0,1.0,1.0000127429611125,1.000021662503538,False
20260809,H0,0.8,False,0.4349595692265123,0.4198287646435551,0.43537017235712894,0.0,0.034786692036375376,1.0,1.0,0.9998466961968366,0.9998552757397491,False
20260809,H0,0.825,False,0.4359615105377544,0.4198363212358636,0.43640180719644023,0.0,0.03698764434961358,1.0,1.0,0.9991220848182876,0.9991303540252943,False
20260809,H0,0.85,False,0.4369997663143146,0.4198644080835239,0.43747125494211486,0.0,0.039211367034155356,1.0,1.0,0.9965048790150536,0.996512943951288,False
20260809,H0,0.875,False,0.43807490739504795,0.4199738481223397,0.43857911059980725,0.0,0.041319552814252085,1.0,1.0,0.9867633202443216,0.9867715725794699,False
20260809,H0,0.9,False,0.43918753440807284,0.42041158965971026,0.4397260615151122,0.0,0.04275154296824108,1.0,1.0,0.9501549583101867,0.9501652805861822,False
20260809,H0,0.925,False,0.44033827752632887,0.4219565327959148,0.44091277439587406,0.0,0.041744598797262195,1.0,1.0,0.8341176894018694,0.8341407253570959,False
20260809,H0,0.95,True,0.9902742947429363,0.4256518291823958,0.9937416252885147,0.0,0.5701677490347359,1.0,1.0,0.7980754309277436,0.798173797377664,False
20260809,H0,0.975,False,0.9906528951898745,0.4311525002923186,0.9938437949616564,0.0,0.5647794475887729,1.0,1.0,0.8405571398377361,0.8407224989583354,False
20260809,H0,1.0,False,0.9907753306007241,0.4373086491088788,0.9938844642605219,0.0,0.5586197641359004,1.0,1.0,1.040241600129555,1.0404799039533033,False
20260809,H0,1.025,False,0.9908500436200138,0.44345413241463694,0.9939074553741544,0.0,0.5524508120376089,1.0,1.0,1.2469615629510593,1.247321338711952,False
20260809,H0,1.05,False,0.9909063258614309,0.4493117275134524,0.9939208802322047,0.0,0.5465648812738688,1.0,1.0,1.4215655279423982,1.4221297257453074,False
20260809,H0,1.075,False,0.9940954928340616,0.4547867650918556,0.9941769534819453,0.0,0.542511993696595,1.0,1.0,1.5368706891348598,1.537493238043653,False
20260809,H0,1.1,False,0.9941967521174749,0.4599010469915649,0.9942424653523907,0.0,0.5374144544205646,1.0,1.0,1.6364897692152565,1.63729357303443,False
20260809,H0,1.125,False,0.9942511506928483,0.464762947497818,0.9942820181513491,0.0,0.5325497514647624,1.0,1.0,1.7080496202950384,1.7090015096018907,False
20260809,H0,1.15,False,0.9942858026258266,0.46952791360470897,0.994308996657931,0.0,0.5277736920664816,1.0,1.0,1.7570930024244882,1.7581402626610838,False
20260809,H0,1.175,False,0.9943090150050008,0.4743265406755183,0.994327940895354,0.0,0.5229586240117388,1.0,1.0,1.7896140808760617,1.7906882632553827,False
20260809,H0,1.2,False,0.9943246772840848,0.47917532161163195,0.9943411591404221,0.0,0.5180896818125248,1.0,1.0,1.8112657662501983,1.8122973527930784,False
20260809,H0,1.225,False,0.9943349797329015,0.4839367659428621,0.9943500517556412,0.0,0.5133061032682795,1.0,1.0,1.8258436604950683,1.826790708868936,False
20260809,H0,1.25,False,0.9943412993652937,0.48839529675661514,0.9943555625876341,0.0,0.5088252926149535,1.0,1.0,1.8339905254637396,1.8348451475425294,False
20260809,H0,1.275,False,0.9943445688716509,0.49236233588620737,0.9943583738084858,0.0,0.5048373055982759,1.0,1.0,1.8339329125737325,1.8347041610556658,False
20260809,H0,1.3,False,0.994345454461932,0.49569816344039985,0.9943590024524221,0.0,0.501482949194316,1.0,1.0,1.8233385390141064,1.8240392735812838,False
20260809,H0,1.3250000000000002,False,0.9943444505676845,0.4983029911507154,0.9943578530437691,6.435367684430538e-15,0.4988628026573411,0.9999999999999936,0.9999999999999936,1.8004736703316653,1.8011160257224081,False
20260809,H0,1.35,True,0.9943419342026315,0.5001164042822857,0.9943552484560396,0.0,0.49703780251073104,1.0,1.0,1.7646452017407552,1.7652397326185831,False
20260809,H0,1.375,False,0.9943381981768717,0.5011212316058501,0.9943514493031569,0.0,0.49602536388055846,1.0,1.0,1.7162796861179754,1.7168354744090801,False
20260809,H0,1.4,False,0.9943334725622653,0.5013447278997096,0.9943466670830368,0.0,0.4957981987594053,1.0,1.0,1.6567969877487563,1.6573218769937679,False
20260809,H0,1.425,False,0.9943279393167559,0.500854571552761,0.9943410735373873,0.0,0.49628834537535066,1.0,1.0,1.5883597403156773,1.5888605141452246,False
20260809,H0,1.4500000000000002,False,0.9943217427389053,0.49975016379126125,0.9943348078373144,0.0,0.49739592094740254,1.0,1.0,1.513566636076114,1.5140491335548183,False
20260809,H0,1.475,False,0.994314997261829,0.4981511159794278,0.9943279823219247,0.0,0.49900070163756,1.0,1.0,1.4351494165927292,1.4356186110579314,False
20260809,H0,1.5,False,0.9943077934648182,0.49618516835311793,0.9943206873573239,0.0,0.500974274148969,1.0,1.0,1.3557181391271687,1.3561782036083248,False
20260809,H0,1.525,False,0.9943002028065141,0.4939774478459534,0.9943129945748042,6.841957214329526e-15,0.5031908407021828,0.9999999999999931,0.9999999999999931,1.2775789282492491,1.27803329981417,False
20260809,H0,1.55,True,0.9942922814444033,0.49164227035511726,0.9943049612787327,0.0,0.5055354652447758,1.0,1.0,1.2026299959485787,1.2030814418284899,False
20260809,H1,0.75,True,0.4330624854423076,0.4198275820427533,0.4334179118904736,0.41956006678846847,0.030561186536480652,0.031973401933390884,0.031973401933390884,0.6552170924530039,0.6004966066297888,True
20260809,H1,0.775,False,0.43399339950473514,0.4198270488928499,0.43437572905347316,0.41957081265056756,0.032641857291036275,0.03408320357853848,0.03408320357853848,0.6556140244429659,0.600782941388496,True
20260809,H1,0.8,False,0.4349595692265123,0.4198287646435551,0.43537017235712894,0.41945899276745124,0.034786692036375376,0.03654632448413563,0.03654632448413563,0.6558844063709153,0.6009379625148035,True
20260809,H1,0.825,False,0.4359615105377544,0.4198363212358636,0.43640180719644023,0.4190299425489104,0.03698764434961358,0.03980704103663374,0.03980704103663374,0.655802301526927,0.6007346139808853,True
20260809,H1,0.85,False,0.4369997663143146,0.4198644080835239,0.43747125494211486,0.41753350565011194,0.039211367034155356,0.045574992794991845,0.045574992794991845,0.6544924141787498,0.5992937502562374,True
20260809,H1,0.875,False,0.43807490739504795,0.4199738481223397,0.43857911059980725,0.4120830491672595,0.041319552814252085,0.060413414118860635,0.060413414118860635,0.6485198289744897,0.5931712041435211,True
20260809,H1,0.9,False,0.43918753440807284,0.42041158965971026,0.4397260615151122,0.3925129502979784,0.04275154296824108,0.10736937231888677,0.10736937231888677,0.6249126005301796,0.5694812671562983,True
20260809,H1,0.925,False,0.44033827752632887,0.4219565327959148,0.44091277439587406,0.3380680623979548,0.041744598797262195,0.23325409915563033,0.23325409915563033,0.549075492892038,0.49673526326180817,True
20260809,H1,0.95,True,0.9902742947429363,0.4256518291823958,0.9937416252885147,0.257735677784757,0.5701677490347359,0.7406411573934742,0.7406411573934742,0.7004081493826266,0.638396884811806,True
20260809,H1,0.975,False,0.9906528951898745,0.4311525002923186,0.9938437949616564,0.19663458082472832,0.5647794475887729,0.802147397989928,0.802147397989928,0.7297536172608163,0.7817562451845872,False
20260809,H1,1.0,False,0.9907753306007241,0.4373086491088788,0.9938844642605219,0.161293098022706,0.5586197641359004,0.837714438827945,0.837714438827945,0.860845621268691,0.9527608173975696,False
20260809,H1,1.025,False,0.9908500436200138,0.44345413241463694,0.9939074553741544,0.14115533915708048,0.5524508120376089,0.8579793939628486,0.8579793939628486,0.9963449617204123,1.1051252120292874,False
20260809,H1,1.05,False,0.9909063258614309,0.4493117275134524,0.9939208802322047,0.129295413736858,0.5465648812738688,0.869913776530531,0.869913776530531,1.1107867273466858,1.2303198426927473,False
20260809,H1,1.075,False,0.9940954928340616,0.4547867650918556,0.9941769534819453,0.12218325065604534,0.542511993696595,0.8771011033517544,0.8771011033517544,1.1783014899016475,1.3059941819660252,False
20260809,H1,1.1,False,0.9941967521174749,0.4599010469915649,0.9942424653523907,0.11794590543680637,0.5374144544205646,0.8813710844718319,0.8813710844718319,1.242716935925964,1.3776867174806338,False
20260809,H1,1.125,False,0.9942511506928483,0.464762947497818,0.9942820181513491,0.11550939830593047,0.5325497514647624,0.883826322716069,0.883826322716069,1.2892444632736126,1.431091192359378,False
20260809,H1,1.15,False,0.9942858026258266,0.46952791360470897,0.994308996657931,0.11421952892073468,0.5277736920664816,0.8851267268981281,0.8851267268981281,1.3213061115968925,1.470037520593345,False
20260809,H1,1.175,False,0.9943090150050008,0.4743265406755183,0.994327940895354,0.11367288275710928,0.5229586240117388,0.8856786799586953,0.8856786799586953,1.3427204502451429,1.498434037737761,False
20260809,H1,1.2,False,0.9943246772840848,0.47917532161163195,0.9943411591404221,0.11363548352291745,0.5180896818125248,0.8857178117607524,0.8857178117607524,1.357102023389652,1.5195972349221911,False
20260809,H1,1.225,False,0.9943349797329015,0.4839367659428621,0.9943500517556412,0.11398795539951014,0.5133061032682795,0.8853643591628008,0.8853643591628008,1.3668728847624836,1.5354633791006886,False
20260809,H1,1.25,False,0.9943412993652937,0.48839529675661514,0.9943555625876341,0.11469592018868843,0.5088252926149535,0.8846530109509192,0.8846530109509192,1.3724279012516916,1.5460906854957357,False
20260809,H1,1.275,False,0.9943445688716509,0.49236233588620737,0.9943583738084858,0.11577796267133281,0.5048373055982759,0.883565155460106,0.883565155460106,1.3726044220363784,1.550253507428664,False
20260809,H1,1.3,False,0.994345454461932,0.49569816344039985,0.9943590024524221,0.11726764653834643,0.501482949194316,0.882067094229423,0.882067094229423,1.3658806673169828,1.5465075332754497,False
20260809,H1,1.3250000000000002,False,0.9943444505676845,0.4983029911507154,0.9943578530437691,0.11919362903560668,0.4988628026573411,0.8801300470743503,0.8801300470743503,1.351125939154649,1.533824979251046,False
20260809,H1,1.35,True,0.9943419342026315,0.5001164042822857,0.9943552484560396,0.12157354128999937,0.49703780251073104,0.8777363105602654,0.8777363105602654,1.3278881763366912,1.5118481187794508,False
20260809,H1,1.375,False,0.9943381981768717,0.5011212316058501,0.9943514493031569,0.12441296784104963,0.49602536388055846,0.8748802871175595,0.8748802871175595,1.2964456586818227,1.4809425116866346,False
20260809,H1,1.4,False,0.9943334725622653,0.5013447278997096,0.9943466670830368,0.12770586344519147,0.4957981987594053,0.8715680680865329,0.8715680680865329,1.257724915332655,1.4421231453544234,False
20260809,H1,1.425,False,0.9943279393167559,0.500854571552761,0.9943410735373873,0.13143505819543844,0.49628834537535066,0.8678169275177825,0.8678169275177825,1.2131375618173914,1.396895772743766,False
20260809,H1,1.4500000000000002,False,0.9943217427389053,0.49975016379126125,0.9943348078373144,0.13557245772854498,0.49739592094740254,0.8636551223391082,0.8636551223391082,1.1643803555290986,1.3470555204579877,False
20260809,H1,1.475,False,0.994314997261829,0.4981511159794278,0.9943279823219247,0.14007908585000137,0.49900070163756,0.8591218507972662,0.8591218507972662,1.1132375105191528,1.294483102498532,False
20260809,H1,1.5,False,0.9943077934648182,0.49618516835311793,0.9943206873573239,0.14490538563937375,0.500974274148969,0.8542669508119166,0.8542669508119166,1.0614143865782026,1.2409702569732104,False
20260809,H1,1.525,False,0.9943002028065141,0.4939774478459534,0.9943129945748042,0.1499922146244195,0.5031908407021828,0.8491499000387094,0.8491499000387094,1.0104183631773684,1.1880925554770068,False
20260809,H1,1.55,True,0.9942922814444033,0.49164227035511726,0.9943049612787327,0.1552727996272276,0.5055354652447758,0.8438378508867762,0.8438378508867762,0.9614908143225565,1.1371352411325901,False
20260809,H2,0.75,True,0.4330624854423076,0.42431362332781025,0.4334179118904736,0.42252042038577736,0.020202308924453915,0.025143149846215976,0.025143149846215976,0.42927590224100076,0.33806160423215487,True
20260809,H2,0.775,False,0.43399339950473514,0.424617980959349,0.43437572905347316,0.42271503981965186,0.021602675423370944,0.026844707136907797,0.026844707136907797,0.42977616009376585,0.3382982079349187,True
20260809,H2,0.8,False,0.4349595692265123,0.4249338938867012,0.43537017235712894,0.4228686744227224,0.023049671852580958,0.028714640386874494,0.028714640386874494,0.43020317207103986,0.33847421430477354,True
20260809,H2,0.825,False,0.4359615105377544,0.42526378094360856,0.43640180719644023,0.4229060246015081,0.024538243252140046,0.0309251299430508,0.0309251299430508,0.43040888906514196,0.3384954620585579,True
20260809,H2,0.85,False,0.4369997663143146,0.4256175198322745,0.43747125494211486,0.42253617614412226,0.026046344550796196,0.03413956603838755,0.03413956603838755,0.4298189458157714,0.33887644076582807,True
20260809,H2,0.875,False,0.43807490739504795,0.4260360525879218,0.43857911059980725,0.42062583942057935,0.027481269992644688,0.04093508045714887,0.04093508045714887,0.426177495612654,0.34099673555970716,True
20260809,H2,0.9,False,0.43918753440807284,0.426685819543363,0.4397260615151122,0.412978012030689,0.02846555032933571,0.06082889286175254,0.06082889286175254,0.41095804037339045,0.34815694553742377,True
20260809,H2,0.925,False,0.44033827752632887,0.42809184061308353,0.44091277439587406,0.388943501565111,0.027811429390244405,0.11786746914277972,0.11786746914277972,0.36138085522847707,0.37142710503339454,False
20260809,H2,0.95,True,0.9902742947429363,0.4309539001612874,0.9937416252885147,0.3442752416451014,0.5648136052313082,0.6535565856515798,0.6535565856515798,0.6366153074997596,0.6699461989854494,False
20260809,H2,0.975,False,0.9906528951898745,0.43503152433904857,0.9938437949616564,0.2989601560464299,0.5608638237960555,0.699187983502011,0.699187983502011,0.6573979193956592,0.7962763196636679,False
20260809,H2,1.0,False,0.9907753306007241,0.43954961354457983,0.9938844642605219,0.2659887866583344,0.5563579350748739,0.732374540277941,0.732374540277941,0.7437603487163253,0.9189295526945185,False
20260809,H2,1.025,False,0.9908500436200138,0.44406729744657814,0.9939074553741544,0.24420843066202627,0.5518319847630992,0.7542945982127738,0.7542945982127738,0.8328211518471338,1.0255669073306435,False
20260809,H2,1.05,False,0.9909063258614309,0.44840731661682726,0.9939208802322047,0.230126328024182,0.5474775920650112,0.7684661499711941,0.7684661499711941,0.9080354656646986,1.1131601003599885,False
20260809,H2,1.075,False,0.9940954928340616,0.4525141665223291,0.9941769534819453,0.2211410964154876,0.5447980905413233,0.7775636463499014,0.7775636463499014,0.9443003530675145,1.1594842515112784,False
20260809,H2,1.1,False,0.9941967521174749,0.45640920039826693,0.9942424653523907,0.21552865912255564,0.5409266833489541,0.7832232411777288,0.7832232411777288,0.985745618032571,1.210205432254674,False
20260809,H2,1.125,False,0.9942511506928483,0.4601712861563316,0.9942820181513491,0.21213724099105755,0.5371679622038564,0.786642786333921,0.786642786333921,1.0159117755332403,1.2494232304246888,False
20260809,H2,1.15,False,0.9942858026258266,0.4639109630270165,0.994308996657931,0.21019241159211283,0.5334229234674115,0.7886045361164276,0.7886045361164276,1.0368318590108765,1.2796383502745043,False
20260809,H2,1.175,False,0.9943090150050008,0.4677206347370192,0.994327940895354,0.20920723013615955,0.5296023392338781,0.7895993650266163,0.7895993650266163,1.0509091845400254,1.3033271487901952,False
20260809,H2,1.2,False,0.9943246772840848,0.47161064150642956,0.9943411591404221,0.2089272307030924,0.5256975389622283,0.7898837549038967,0.7898837549038967,1.0604506438445105,1.3223460320744085,False
20260809,H2,1.225,False,0.9943349797329015,0.4754802910004716,0.9943500517556412,0.20924969638639193,0.5218107572478289,0.7895613360536995,0.7895613360536995,1.0670050642388647,1.3375343356340914,False
20260809,H2,1.25,False,0.9943412993652937,0.4791731427091812,0.9943555625876341,0.2101569267172736,0.5180999290534888,0.7886501221249496,0.7886501221249496,1.0708106098819743,1.348636233569121,False
20260809,H2,1.275,False,0.9943445688716509,0.4825530584611159,0.9943583738084858,0.2116695911253997,0.5147023742396452,0.7871294729337016,0.7871294729337016,1.0710984954292488,1.3547810423539821,False
20260809,H2,1.3,False,0.994345454461932,0.48551927551619817,0.9943590024524221,0.21381259516847095,0.5117197214131921,0.7849744462099327,0.7849744462099327,1.0668711103861508,1.355071472147963,False
20260809,H2,1.3250000000000002,False,0.9943444505676845,0.4879991819242765,0.9943578530437691,0.21659923550185187,0.5092252170305056,0.7821717454748982,0.7821717454748982,1.0573883239579427,1.3489063931310614,False
20260809,H2,1.35,True,0.9943419342026315,0.48994745742129353,0.9943552484560396,0.22002565061202703,0.507264613340294,0.7787253087328031,0.7787253087328031,1.0423536686250001,1.3361173403848552,False
20260809,H2,1.375,False,0.9943381981768717,0.4913487516570065,0.9943514493031569,0.22406949944409568,0.5058534887245617,0.774657642827268,0.774657642827268,1.0219476653938742,1.3170019953532726,False
20260809,H2,1.4,False,0.9943334725622653,0.49221870343544977,0.9943466670830368,0.2286906364840532,0.5049762307940137,0.7700091486654971,0.7700091486654971,0.9967742645397454,1.2922808988365844,False
20260809,H2,1.425,False,0.9943279393167559,0.4926014034298855,0.9943410735373873,0.23383274623288403,0.5045885930064758,0.7648364807047349,0.7648364807047349,0.9677544910413983,1.262997358520077,False
20260809,H2,1.4500000000000002,False,0.9943217427389053,0.4925635455876737,0.9943348078373144,0.23942547272424164,0.5046235796565359,0.7592104079661117,0.7592104079661117,0.9359960488991472,1.2303861861042416,False
20260809,H2,1.475,False,0.994314997261829,0.492186538340654,0.9943279823219247,0.24538699878363265,0.5049993817894225,0.7532132222502556,0.7532132222502556,0.9026643088132262,1.1957381420397595,False
20260809,H2,1.5,False,0.9943077934648182,0.4915581333381758,0.9943206873573239,0.251627213707952,0.5056277979826891,0.746935554185522,0.746935554185522,0.8688736881004508,1.1602821583762881,False
20260809,H2,1.525,False,0.9943002028065141,0.4907649167262583,0.9943129945748042,0.2580515423556989,0.5064217875637317,0.7404725234773294,0.7404725234773294,0.8356097357495325,1.1250985679578278,False
20260809,H2,1.55,True,0.9942922814444033,0.4898865251878531,0.9943049612787327,0.26456529181802135,0.5073012892384144,0.7339193686836528,0.7339193686836528,0.8036846046120284,1.091068251500542,False
20260809,S1,0.75,True,0.4330624854423076,0.4198202267526163,0.4334179118904736,0.4189138154702994,0.030578170898747554,0.033464460102515185,0.033464460102515185,0.6552478713295824,0.6006481215381396,True
20260809,S1,0.775,False,0.43399339950473514,0.41981772850797594,0.43437572905347316,0.41754516341097414,0.03266333315883653,0.038746560907474456,0.038746560907474456,0.6552220060343716,0.6006909528963694,True
20260809,S1,0.8,False,0.4349595692265123,0.4198114347427651,0.43537017235712894,0.4142398393814448,0.034826534591904906,0.04853417693105342,0.04853417693105342,0.6546277126233508,0.6004157934107355,True
20260809,S1,0.825,False,0.4359615105377544,0.4197963075006196,0.43640180719644023,0.4066465765169287,0.03707942707418182,0.06818310600193647,0.06818310600193647,0.6527573090388248,0.5994253831779568,True
20260809,S1,0.85,False,0.4369997663143146,0.41976243685750525,0.43747125494211486,0.3903957010596251,0.03944471092556898,0.1076083362064981,0.1076083362064981,0.6482891826255337,0.5969763419278231,True
20260809,S1,0.875,False,0.43807490739504795,0.41975306674825746,0.43857911059980725,0.36276276878357616,0.04182353368682719,0.17286810972949337,0.17286810972949337,0.6380947199747495,0.5900245609645334,True
20260809,S1,0.9,False,0.43918753440807284,0.4479652376670694,0.4397260615151122,0.8460037075134343,0.019986230417097253,0.9239335157858491,0.9239335157858491,0.5884066557356614,1.168725256644483,False
20260809,S1,0.925,False,0.44033827752632887,0.5465269538065844,0.44091277439587406,0.9459194017808318,0.24115249956644141,1.1453662871911643,1.1453662871911643,2.0060326500523433,3.827054014747634,False
20260809,S1,0.95,True,0.9902742947429363,0.7123681037433085,0.9937416252885147,0.968874299976266,0.2806355698365057,0.02502393447092347,0.2806355698365057,0.694277867374289,8.029168574336982,False
20260809,S1,0.975,False,0.9906528951898745,0.8899389841111058,0.9938437949616564,0.9802046257110378,0.10166417679470392,0.01372365488395971,0.10166417679470392,0.6138605420869564,14.47982536672331,False
20260809,S1,1.0,False,0.9907753306007241,0.9711341479393366,0.9938844642605219,0.9881735238915382,0.019824052996433302,0.005746080731056377,0.019824052996433302,0.48800445846157803,26.961348592971895,False
20260809,S1,1.025,False,0.9908500436200138,0.9876087278586217,0.9939074553741544,0.992259353422688,0.0032712475336329617,0.0016582046372173942,0.0032712475336329617,0.3334192545176413,44.95972730494948,False
20260809,S1,1.05,False,0.9909063258614309,0.9905434355994064,0.9939208802322047,0.9934786391567824,0.00036622055239080655,0.000444945955174044,0.000444945955174044,0.2352359625480832,57.641733930837354,False
20260809,S1,1.075,False,0.9940954928340616,0.991296990563561,0.9941769534819453,0.9938751249427236,0.0028151241914620966,0.0003035963951534747,0.0028151241914620966,0.2917589064297103,65.33272600979257,False
20260809,S1,1.1,False,0.9941967521174749,0.9918134433529224,0.9942424653523907,0.9940371815981331,0.002397220428930643,0.000206472526985444,0.002397220428930643,0.2647960306084316,70.62462937189525,False
20260809,S1,1.125,False,0.9942511506928483,0.9924371291833756,0.9942820181513491,0.9940918540905316,0.0018245103445026258,0.00019125766869552667,0.0018245103445026258,0.23286201458974706,74.4011572775205,False
20260809,S1,1.15,False,0.9942858026258266,0.9931172965783266,0.994308996657931,0.9940971435772712,0.0011752214950812273,0.00021306563791731928,0.0011752214950812273,0.1948863235391017,77.20891009150142,False
20260809,S1,1.175,False,0.9943090150050008,0.993677230947984,0.994327940895354,0.9940921543855378,0.0006354001095058228,0.00023713153389207155,0.0006354001095058228,0.15647071534079257,79.35402002025182,False
20260809,S1,1.2,False,0.9943246772840848,0.9940328042355778,0.9943411591404221,0.9940859032070896,0.0002935389769307559,0.0002567086064839086,0.0002935389769307559,0.12521719784008556,80.87782159449621,False
20260809,S1,1.225,False,0.9943349797329015,0.9942224952162385,0.9943500517556412,0.994072659232689,0.00011312537420058336,0.00027896868156486297,0.00027896868156486297,0.10332434734070456,81.84436681883265,False
20260809,S1,1.25,False,0.9943412993652937,0.9943130125669113,0.9943555625876341,0.9940512131752951,2.844777582954686e-05,0.00030607704506325475,0.00030607704506325475,0.08874335125946392,82.43139801894046,False
20260809,S1,1.275,False,0.9943445688716509,0.994352001854633,0.9943583738084858,0.9940239178469444,7.475258793386617e-06,0.0003363535424963136,0.0003363535424963136,0.07910006440355738,82.8136119495087,False
20260809,S1,1.3,False,0.994345454461932,0.9943659123760672,0.9943590024524221,0.9939919002864861,2.057425218105519e-05,0.00036918473612714713,0.00036918473612714713,0.07280505758493938,83.09386678915092,False
20260809,S1,1.3250000000000002,False,0.9943444505676845,0.9943679726330431,0.9943578530437691,0.993954065971565,2.3655852200086597e-05,0.00040607822522657414,0.00040607822522657414,0.06839756405849176,83.30529976909322,False
20260809,S1,1.35,True,0.9943419342026315,0.994364515590622,0.9943552484560396,0.993908119920554,2.270988199708456e-05,0.000449666792808649,0.000449666792808649,0.06604751110664213,83.43679793644273,False
20260809,S1,1.375,False,0.9943381981768717,0.994358558558835,0.9943514493031569,0.9938518190423599,2.0476314799755577e-05,0.0005024684794769148,0.0005024684794769148,0.06604923612972495,83.45707455836059,False
20260809,S1,1.4,False,0.9943334725622653,0.9943515847276441,0.9943466670830368,0.9937838394653922,1.821538334825704e-05,0.0005660275598807725,0.0005660275598807725,0.06838686060624047,83.3316327249838,False
20260809,S1,1.425,False,0.9943279393167559,0.9943443723720103,0.9943410735373873,0.9937041796875611,1.6526796245655013e-05,0.0006405184968981263,0.0006405184968981263,0.07266529067529962,83.03287957724936,False
20260809,S1,1.4500000000000002,False,0.9943217427389053,0.9943373672559188,0.9943348078373144,0.9936141878764855,1.5713743692757337e-05,0.0007247256710205123,0.0007247256710205123,0.07831443892113654,82.54478936212783,False
20260809,S1,1.475,False,0.994314997261829,0.994330847797925,0.9943279823219247,0.9935163322383255,1.5941161643578224e-05,0.0008162800384072864,0.0008162800384072864,0.0847841205543158,81.86367350375254,False
20260809,S1,1.5,False,0.9943077934648182,0.994324998808634,0.9943206873573239,0.9934138196857122,1.7303840851753863e-05,0.0009120474743636182,0.0009120474743636182,0.09150138963605509,80.99657103008376,False
20260809,S1,1.525,False,0.9943002028065141,0.9943199449416963,0.9943129945748042,0.9933101459920873,1.985530640189335e-05,0.0010085844077152644,0.0010085844077152644,0.09802808486389467,79.95853055832303,False
20260809,S1,1.55,True,0.9942922814444033,0.9943157659656449,0.9943049612787327,0.9932086439448462,2.3619333751089894e-05,0.0011025966645852405,0.0011025966645852405,0.10406201661718738,78.76975622532441,False
20260809,S2,0.75,True,0.4330624854423076,0.424308792404979,0.4334179118904736,0.4222654461376991,0.02021346418032036,0.02573143713449648,0.02573143713449648,0.4292968247427973,0.3381462768171396,True
20260809,S2,0.775,False,0.43399339950473514,0.4246118790261762,0.43437572905347316,0.4219190773943768,0.021616735391056536,0.028677135544014055,0.028677135544014055,0.4295217998012959,0.3382443347643522,True
20260809,S2,0.8,False,0.4349595692265123,0.42492257215389617,0.43537017235712894,0.4208191681193197,0.023075701243830314,0.033422143182269354,0.033422143182269354,0.4293863223984651,0.33813944369457183,True
20260809,S2,0.825,False,0.4359615105377544,0.4252376268551185,0.43640180719644023,0.4180428356056614,0.024598234989616566,0.04206896325366219,0.04206896325366219,0.4284295946590732,0.33757334438287595,True
20260809,S2,0.85,False,0.4369997663143146,0.42555066106077793,0.43747125494211486,0.4118744252422149,0.02619933953306011,0.05851088365402858,0.05851088365402858,0.42579068965923594,0.3360630672442319,True
20260809,S2,0.875,False,0.43807490739504795,0.42589090045145334,0.43857911059980725,0.40115474085777114,0.02781261089808849,0.08533094449221257,0.08533094449221257,0.41941696661663264,0.3335103103176492,True
20260809,S2,0.9,False,0.43918753440807284,0.44490895129487185,0.4397260615151122,0.7335057944247674,0.013027275226538933,0.6680971600760097,0.6680971600760097,0.3866466307507439,0.9582319928945813,False
20260809,S2,0.925,False,0.44033827752632887,0.50967383186925,0.44091277439587406,0.8961103786557938,0.1574597482926643,1.0323983125315848,1.0323983125315848,1.337468388337001,2.7483159062076328,False
20260809,S2,0.95,True,0.9902742947429363,0.6261969357091264,0.9937416252885147,0.9426272230195455,0.36765304417835076,0.05143630997054099,0.36765304417835076,0.6312556989183292,5.729051978638882,False
20260809,S2,0.975,False,0.9906528951898745,0.8056174888280846,0.9938437949616564,0.9664923048553237,0.1867812704734739,0.027520914498830276,0.1867812704734739,0.5762307974038083,10.493362349738996,False
20260809,S2,1.0,False,0.9907753306007241,0.9646164737590956,0.9938844642605219,0.9849042112666341,0.02640241034843679,0.009035509978083205,0.02640241034843679,0.4534860517983744,24.208821382823412,False
20260809,S2,1.025,False,0.9908500436200138,0.9890531915223875,0.9939074553741544,0.9924996364620645,0.001813445040645778,0.001416448688937425,0.001813445040645778,0.2441300678361825,50.82067508493695,False
20260809,S2,1.05,False,0.9909063258614309,0.9907916410242137,0.9939208802322047,0.9935954552591091,0.00011573731464224563,0.0003274153703457717,0.0003274153703457717,0.15617963971502513,62.63069676995777,False
20260809,S2,1.075,False,0.9940954928340616,0.9912176037293675,0.9941769534819453,0.9938748111321467,0.0028949825499052914,0.0003039120437668914,0.0028949825499052914,0.26234588596534314,68.29386966527636,False
20260809,S2,1.1,False,0.9941967521174749,0.9916501486202308,0.9942424653523907,0.9939775885364909,0.0025614683329233078,0.0002664106846471665,0.0025614683329233078,0.24569558203257802,72.10293852780279,False
20260809,S2,1.125,False,0.9942511506928483,0.9923223402869085,0.9942820181513491,0.9940063662346902,0.0019399629606621429,0.00027723715367136784,0.0019399629606621429,0.21568503431470498,75.12988367811771,False
20260809,S2,1.15,False,0.9942858026258266,0.993205667989759,0.994308996657931,0.994022101727051,0.0010863422098706947,0.00028853699588798627,0.0010863422098706947,0.16936629886256793,78.05946258610184,False
20260809,S2,1.175,False,0.9943090150050008,0.9938637066932198,0.994327940895354,0.994071407046705,0.0004478570595870373,0.0002579972241532193,0.0004478570595870373,0.1217942816446657,80.81381462170994,False
20260809,S2,1.2,False,0.9943246772840848,0.9941598616150716,0.9943411591404221,0.9941216345343731,0.00016575639001874452,0.00022077393058815713,0.00022077393058815713,0.08938634431232412,82.74229887781961,False
20260809,S2,1.225,False,0.9943349797329015,0.9942788542329297,0.9943500517556412,0.9941475062841529,5.644526353370431e-05,0.0002036963452967273,0.0002036963452967273,0.07014650782501469,83.8670256308867,False
20260809,S2,1.25,False,0.9943412993652937,0.994330147287554,0.9943555625876341,0.9941531539558067,1.1215543140807287e-05,0.00020355759996019772,0.00020355759996019772,0.058471797852876733,84.49932205038698,False
20260809,S2,1.275,False,0.9943445688716509,0.9943525381144092,0.9943583738084858,0.994145994539336,8.014568598989517e-06,0.0002135842315445188,0.0002135842315445188,0.0512061357399311,84.86846238279058,False
20260809,S2,1.3,False,0.994345454461932,0.9943608066535471,0.9943590024524221,0.9941302961267852,1.543949494231727e-05,0.00023000377637545237,0.00023000377637545237,0.0468082961478065,85.09943159169435,False
20260809,S2,1.3250000000000002,False,0.9943444505676845,0.9943616555595854,0.9943578530437691,0.9941074897020201,1.7302849018889377e-05,0.0002517839437609121,0.0002517839437609121,0.0439109598017345,85.24506534353215,False
20260809,S2,1.35,True,0.9943419342026315,0.9943585006921188,0.9943552484560396,0.994077466065645,1.666075714750978e-05,0.0002793593042586992,0.0002793593042586992,0.04244928542921516,85.31595139756897,False
20260809,S2,1.375,False,0.9943381981768717,0.9943531939250159,0.9943514493031569,0.9940396951929454,1.5081134539148451e-05,0.0003135250724780723,0.0003135250724780723,0.04253672374695519,85.30210409798794,False
20260809,S2,1.4,False,0.9943334725622653,0.9943467820477682,0.9943466670830368,0.9939939594481265,1.3385333864427534e-05,0.0003547129452798668,0.0003547129452798668,0.044130061640958264,85.18715060784403,False
20260809,S2,1.425,False,0.9943279393167559,0.9943398817349505,0.9943410735373873,0.9939407244572234,1.2010542721733455e-05,0.00040262751968970123,0.00040262751968970123,0.046957480130535995,84.95669485688438,False
20260809,S2,1.4500000000000002,False,0.9943217427389053,0.9943328728696383,0.9943348078373144,0.9938812262928449,1.1193691392489206e-05,0.00045616581144941403,0.00045616581144941403,0.05063094520561215,84.60238372041239,False
20260809,S2,1.475,False,0.994314997261829,0.9943259996517673,0.9943279823219247,0.9938173597523672,1.1065296177297157e-05,0.0005135353511474981,0.0005135353511474981,0.05478010555340196,84.12300912400481,False
20260809,S2,1.5,False,0.9943077934648182,0.9943194239987027,0.9943206873573239,0.9937514440456313,1.1697116286188391e-05,0.0005724946880121053,0.0005724946880121053,0.0591029014534958,83.52381535298039,False
20260809,S2,1.525,False,0.9943002028065141,0.9943132539851333,0.9943129945748042,0.9936859300067317,1.3125994123628734e-05,0.0006306510842097951,0.0006306510842097951,0.06329195832776445,82.81493784191147,False
20260809,S2,1.55,True,0.9942922814444033,0.9943075589917826,0.9943049612787327,0.9936231019334943,1.5365247889780615e-05,0.000685764802341361,0.000685764802341361,0.06713301891508801,82.00968088888375,False
20260809,G1,0.75,True,0.4330624854423076,0.4189472830730802,0.4334179118904736,0.2061550470598219,0.03259391622160675,0.5243504216043612,0.5243504216043612,0.48271919538988733,0.4993584476471724,False
20260809,G1,0.775,False,0.43399339950473514,0.4187134167951255,0.43437572905347316,0.2538451536647542,0.0352078688916625,0.4156092601723036,0.4156092601723036,0.4524936027910197,0.48165507898063253,False
20260809,G1,0.8,False,0.4349595692265123,0.41843306089641225,0.43537017235712894,0.3040719655895081,0.037995504638486534,0.3015783236981115,0.3015783236981115,0.418894438848775,0.46209686990143706,False
20260809,G1,0.825,False,0.4359615105377544,0.41811905511414404,0.43640180719644023,0.35210457466252815,0.04092667584714497,0.19316426088026453,0.19316426088026453,0.3837781711232145,0.4410144961379018,False
20260809,G1,0.85,False,0.4369997663143146,0.4191194938195765,0.43747125494211486,0.30792089877273116,0.0409159772453461,0.29613455674139205,0.29613455674139205,0.33344384421654955,0.37803859435353526,False
20260809,G1,0.875,False,0.43807490739504795,0.4464503424701413,0.43857911059980725,0.6443246376231017,0.019118728175728513,0.4691183917581341,0.4691183917581341,0.3759684684337482,1.0596183770495866,False
20260809,G1,0.9,False,0.43918753440807284,0.5023259294307303,0.4397260615151122,0.8277925790961463,0.14376181033406144,0.8825188032838426,0.8825188032838426,1.2536581748866809,2.6283273011971735,False
20260809,G1,0.925,False,0.44033827752632887,0.5897443771308952,0.44091277439587406,0.8903751373610309,0.33929846036524275,1.0193906574401188,1.0193906574401188,2.4232744880195853,4.68833865838626,False
20260809,G1,0.95,True,0.9902742947429363,0.7040561923397286,0.9937416252885147,0.9249747212192406,0.2890291143803814,0.0691999834960208,0.2890291143803814,0.5934640536341611,7.759485093322487,False
20260809,G1,0.975,False,0.9906528951898745,0.8268620825414325,0.9938437949616564,0.9475077542376575,0.16533622769764272,0.046623061852276874,0.16533622769764272,0.588174647364387,11.402613949094636,False
20260809,G1,1.0,False,0.9907753306007241,0.9228383882973042,0.9938844642605219,0.9640321139768123,0.06856947302293903,0.0300360367398645,0.06856947302293903,0.5601069131030247,16.759018811379974,False
20260809,G1,1.025,False,0.9908500436200138,0.9702055912374395,0.9939074553741544,0.9769339630875092,0.020835092570769802,0.017077537948697142,0.020835092570769802,0.4999602413779518,25.794330948133627,False
20260809,G1,1.05,False,0.9909063258614309,0.9859511667818365,0.9939208802322047,0.9851326074584975,0.005000633208478843,0.008842024499630228,0.008842024499630228,0.41042885728049805,39.11699674960835,False
20260809,G1,1.075,False,0.9940954928340616,0.9906944976941235,0.9941769534819453,0.9889962038693861,0.0034211956139567636,0.005211094055655249,0.005211094055655249,0.3722260384804498,51.883207529300165,False
20260809,G1,1.1,False,0.9941967521174749,0.9925652283222811,0.9942424653523907,0.9909116508862404,0.001641047198875823,0.003350102799089053,0.003350102799089053,0.2972834415516522,61.88676623862059,False
20260809,G1,1.125,False,0.9942511506928483,0.9935955167612314,0.9942820181513491,0.992220866286646,0.0006594248657998109,0.002073005271216097,0.002073005271216097,0.21477350881828955,70.69978467718566,False
20260809,G1,1.15,False,0.9942858026258266,0.9941055459817288,0.994308996657931,0.9932447848406618,0.0001812925857149589,0.0010703029147340112,0.0010703029147340112,0.14103973127952896,78.60919088653145,False
20260809,G1,1.175,False,0.9943090150050008,0.9943013086982115,0.994327940895354,0.9940364047106858,7.750414280632987e-06,0.0002931992280190223,0.0002931992280190223,0.09114660016263429,85.269438458308,False
20260809,G1,1.2,False,0.9943246772840848,0.9943609440691407,0.9943411591404221,0.9946455008824797,3.647378555958239e-05,0.0003060737647838269,0.0003060737647838269,0.0824228405038214,90.66662169290086,False
20260809,G1,1.225,False,0.9943349797329015,0.9943724849889256,0.9943500517556412,0.9951097432568897,3.771893455277891e-05,0.0007640081075142756,0.0007640081075142756,0.10217184057926762,94.80162845844447,False
20260809,G1,1.25,False,0.9943412993652937,0.9943694245382542,0.9943555625876341,0.9954529707322421,2.8285230612891218e-05,0.0011036375577285493,0.0011036375577285493,0.12617944413571341,97.61759505107894,False
20260809,G1,1.275,False,0.9943445688716509,0.9943632291349521,0.9943583738084858,0.995692384189253,1.876639535769063e-05,0.0013415790683773369,0.0013415790683773369,0.14593087713787395,99.09187371657927,False
20260809,G1,1.3,False,0.994345454461932,0.9943576492248815,0.9943590024524221,0.9958419670832822,1.2264110923145613e-05,0.0014913774876101837,0.0014913774876101837,0.1584674323252192,99.2892945395838,False
20260809,G1,1.3250000000000002,False,0.9943444505676845,0.9943537896696419,0.9943578530437691,0.9959136603823333,9.392220122622267e-06,0.0015646352405241316,0.0015646352405241316,0.1633808489519627,98.36421412714084,False
20260809,G1,1.35,True,0.9943419342026315,0.9943517837977831,0.9943552484560396,0.9959179227766155,9.905641925379859e-06,0.0015715453033533931,0.0015715453033533931,0.1616503919382704,96.53446313298406,False
20260809,G1,1.375,False,0.9943381981768717,0.9943513729767359,0.9943514493031569,0.9958641803514038,1.3249817706224797e-05,0.0015213243258276742,0.0015213243258276742,0.15523733375269508,94.04558828744608,False
20260809,G1,1.4,False,0.9943334725622653,0.9943521472423421,0.9943466670830368,0.9957612364776192,1.8781103716288266e-05,0.0014226118932264393,0.0014226118932264393,0.14752055385261753,91.13752675885917,False
20260809,G1,1.425,False,0.9943279393167559,0.9943536698817236,0.9943410735373873,0.9956176004658451,2.5877342826518455e-05,0.0012837918119147406,0.0012837918119147406,0.14466429837956638,88.02049317948955,False
20260809,G1,1.4500000000000002,False,0.9943217427389053,0.9943555476632222,0.9943348078373144,0.9954416804175305,3.399797355714028e-05,0.0011131789528956338,0.0011131789528956338,0.1509091621206765,84.86215090631234,False
20260809,G1,1.475,False,0.994314997261829,0.9943574658317668,0.9943279823219247,0.9952418078969492,4.271138427427618e-05,0.000919038376945371,0.000919038376945371,0.1620279943511369,81.78470286861375,False
20260809,G1,1.5,False,0.9943077934648182,0.9943591981568395,0.9943206873573239,0.9950261013406307,5.169897325467319e-05,0.0007094431326593851,0.0007094431326593851,0.1740802570958833,78.86882319951422,False
20260809,G1,1.525,False,0.9943002028065141,0.9943606008976723,0.9943129945748042,0.9948022162049001,6.0744321471251196e-05,0.0004920197490782154,0.0004920197490782154,0.18572876256347925,76.16112780977403,False
20260809,G1,1.55,True,0.9942922814444033,0.9943615983937344,0.9943049612787327,0.9945770554859872,6.971486214335617e-05,0.0002736526698052107,0.0002736526698052107,0.1966350831604512,73.68263163912057,False
20260809,G2,0.75,True,0.4330624854423076,0.42374454461007044,0.4334179118904736,0.19715023688517774,0.02151638884795176,0.5451266976363488,0.5451266976363488,0.3169614134489293,0.2719495435827449,True
20260809,G2,0.775,False,0.43399339950473514,0.42389844920256353,0.43437572905347316,0.15742890976964616,0.02326060791176035,0.6375743411983635,0.6375743411983635,0.29751028046851435,0.26048213490139555,True
20260809,G2,0.8,False,0.4349595692265123,0.42403258966588186,0.43537017235712894,0.1133277691543716,0.025121828173735455,0.739697902268302,0.739697902268302,0.2758675639264341,0.24784373318510083,True
20260809,G2,0.825,False,0.4359615105377544,0.42415554945974626,0.43640180719644023,0.06780293958652207,0.02708028298976575,0.844631854248941,0.844631854248941,0.25323675978059157,0.2343519494802953,True
20260809,G2,0.85,False,0.4369997663143146,0.42516348352273964,0.43747125494211486,0.06887235472215002,0.02708532979640459,0.8425671311106759,0.8425671311106759,0.22037244211082113,0.25636387417047873,False
20260809,G2,0.875,False,0.43807490739504795,0.4435316865451977,0.43857911059980725,0.5805727437751252,0.012456269596900068,0.3237583134799225,0.3237583134799225,0.24852314210562332,0.8873289338813735,False
20260809,G2,0.9,False,0.43918753440807284,0.4803776497217041,0.4397260615151122,0.7767875162536778,0.09378707747055338,0.7665259902430909,0.7665259902430909,0.8344764165901901,1.9429879687027765,False
20260809,G2,0.925,False,0.44033827752632887,0.5391916456825103,0.44091277439587406,0.8552620372431239,0.22449415188592314,0.9397533637236508,0.9397533637236508,1.6224117472594295,3.3390412826722806,False
20260809,G2,0.95,True,0.9902742947429363,0.6220294456688481,0.9937416252885147,0.9005865192636986,0.37186146407009407,0.09374177719260804,0.37186146407009407,0.5657328526737555,5.54098925680578,False
20260809,G2,0.975,False,0.9906528951898745,0.7307011848293957,0.9938437949616564,0.931038112783951,0.26240443208986425,0.06319472184271024,0.26240443208986425,0.5623843950535695,8.13646704156889,False
20260809,G2,1.0,False,0.9907753306007241,0.8610781969259891,0.9938844642605219,0.9546847518970606,0.13090468612707323,0.039440914686826305,0.13090468612707323,0.5386339821902372,12.387977894974203,False
20260809,G2,1.025,False,0.9908500436200138,0.9623043410286664,0.9939074553741544,0.9759830931287654,0.02880930648906003,0.018034236636892284,0.02880930648906003,0.46455915823246685,22.748781711086956,False
20260809,G2,1.05,False,0.9909063258614309,0.9877925559760903,0.9939208802322047,0.9880361918699596,0.003142345349984227,0.005920680890485251,0.005920680890485251,0.3135844558876505,44.20395293149725,False
20260809,G2,1.075,False,0.9940954928340616,0.9911330792873924,0.9941769534819453,0.9909923932362903,0.002980009031349426,0.0032032127022273483,0.0032032127022273483,0.30483082364715985,58.45302953579221,False
20260809,G2,1.1,False,0.9941967521174749,0.9925603040317124,0.9942424653523907,0.9920834838067841,0.0016460002331301245,0.0021714839396256864,0.0021714839396256864,0.24205533686173247,66.99756013317223,False
20260809,G2,1.125,False,0.9942511506928483,0.993713721013792,0.9942820181513491,0.99291207097345,0.0005405371456516139,0.0013778255594385437,0.0013778255594385437,0.16065799955442023,74.8593730654083,False
20260809,G2,1.15,False,0.9942858026258266,0.9941684990136525,0.994308996657931,0.9936064036381989,0.00011797776038269188,0.0007066143644417816,0.0007066143644417816,0.09717828518727645,81.38650246037201,False
20260809,G2,1.175,False,0.9943090150050008,0.9943074793385148,0.994327940895354,0.9941363445832847,1.5444559616778195e-06,0.00019268925692343092,0.00019268925692343092,0.059219700150622084,86.27252695900563,False
20260809,G2,1.2,False,0.9943246772840848,0.9943537675444153,0.9943411591404221,0.9945458297348604,2.9256299270321248e-05,0.00020583538412030116,0.00020583538412030116,0.05311832868754985,89.98110794463614,False
20260809,G2,1.225,False,0.9943349797329015,0.9943675474006,0.9943500517556412,0.9948621332511988,3.275321532707597e-05,0.0005149911690087941,0.0005149911690087941,0.06681463375770175,92.72252500827126,False
20260809,G2,1.25,False,0.9943412993652937,0.994368701175281,0.9943555625876341,0.9950985035782558,2.7557751050643275e-05,0.0007471582787632759,0.0007471582787632759,0.08266399407221064,94.5465004114407,False
20260809,G2,1.275,False,0.9943445688716509,0.9943653142045814,0.9943583738084858,0.995263457414741,2.086332402262356e-05,0.0009102187200260917,0.0009102187200260917,0.0954852925474449,95.47698373129873,False
20260809,G2,1.3,False,0.994345454461932,0.9943608282983927,0.9943590024524221,0.9953645017985395,1.546126287567022e-05,0.0010112035428225417,0.0010112035428225417,0.10355003571536925,95.57312100841021,False
20260809,G2,1.3250000000000002,False,0.9943444505676845,0.9943566338817851,0.9943578530437691,0.9954091596606955,1.2252609338365803e-05,0.0010572719003609586,0.0010572719003609586,0.1066757536659458,94.94220121307332,False
20260809,G2,1.35,True,0.9943419342026315,0.9943531830230083,0.9943552484560396,0.9954051000038597,1.1312829108290366e-05,0.001055811340514614,0.001055811340514614,0.10552786499553996,93.72811663238117,False
20260809,G2,1.375,False,0.9943381981768717,0.9943504949196995,0.9943514493031569,0.9953600407669502,1.236676097761575e-05,0.001014320906858543,0.001014320906858543,0.10138109413776333,92.09062017981299,False
20260809,G2,1.4,False,0.9943334725622653,0.9943484003510545,0.9943466670830368,0.9952816159412597,1.5012859569870063e-05,0.0009402644863945696,0.0009402644863945696,0.09640025645633292,90.184860336343,False
20260809,G2,1.425,False,0.9943279393167559,0.9943466689624296,0.9943410735373873,0.9951772415576596,1.88364873731716e-05,0.000840926762984482,0.000840926762984482,0.09449080512918366,88.14631519416605,False
20260809,G2,1.4500000000000002,False,0.9943217427389053,0.9943450772817781,0.9943348078373144,0.9950539760904267,2.3467799073333825e-05,0.0007232656922434828,0.0007232656922434828,0.09835458091443813,86.08277283492745,False
20260809,G2,1.475,False,0.994314997261829,0.9943434419808387,0.9943279823219247,0.9949183709203715,2.8607351883435106e-05,0.000593756395216986,0.000593756395216986,0.10532002871705744,84.07260100316178,False
20260809,G2,1.5,False,0.9943077934648182,0.9943416312097403,0.9943206873573239,0.9947763182334367,3.4031459015459065e-05,0.0004582333264369067,0.0004582333264369067,0.11295565365508928,82.16737089360025,False
20260809,G2,1.525,False,0.9943002028065141,0.9943395626447966,0.9943129945748042,0.9946329150699214,3.958546741861097e-05,0.0003217502907663451,0.0003217502907663451,0.12034982589368473,80.39672130634806,False
20260809,G2,1.55,True,0.9942922814444033,0.9943371946769719,0.9943049612787327,0.9944923660240398,4.517105624451351e-05,0.00018847813558737833,0.00018847813558737833,0.12726263948663913,78.77384523773448,False
