point_id,protocol_id,context_id,branch_label,branch_value,device_voltage_V,point_kind,role,sequence_index,count_in_main_ramp,initial_state_provenance,previous_point_id,temperature_sha256,valid,accepted,converged,finite,iterations,scaled_nonlinear_residual,current_imbalance,terminal_electrical_heat_ledger_error,electrical_heat_sink_ledger_error,terminal_current_A,ground_current_A,Tmean_K,Tmax_K,mean_effective_state,transition_fraction,hotspot_x_m,hotspot_y_m,jump_mean_state_change,jump_terminal_current_relative,jump_temperature_rise_relative,jump_candidate,stability_class,stability_evaluated,manuscript_eligible,npz_record_index,source_role,historical_protocol_reused
G2_heating_coarse_000,G2_heating,G2,heating,1.0,0.75,coarse,start_endpoint,0,True,uniform_325K,,696741dbd7e2e38d697d276636b899441ae0e621693085b68ae7d4cc3c589e8b,True,True,True,True,38,8.311929298131364e-08,2.369070144290731e-15,1.654588672203051e-15,8.213844868113514e-08,1.5016602134138728e-05,1.5016602134138763e-05,325.0489359576362,325.0554790862631,0.0031985516764242907,0.0,9.499999999999999e-08,1e-08,,,,False,stable,True,True,0,new_factorial_context_execution,False
G2_heating_coarse_001,G2_heating,G2,heating,1.0,0.775,coarse,coarse,1,True,immediately_preceding_accepted_protocol_equilibrium,G2_heating_coarse_000,9dd369c774c059a66848df519f7804a5db4d1dbc85f603fe597ada6a392c09fb,True,True,True,True,32,6.96959597980437e-08,8.732221435854806e-16,7.042114061173232e-16,6.891290386069062e-08,1.5520136835309346e-05,1.5520136835309333e-05,325.05226278771386,325.05925211492206,0.0032039295488455076,0.0,9.499999999999999e-08,1e-08,5.377872421216852e-06,0.03244396016052149,0.06365711350452283,False,not_evaluated,False,False,1,new_factorial_context_execution,False
G2_heating_coarse_002,G2_heating,G2,heating,1.0,0.8,coarse,coarse,2,True,immediately_preceding_accepted_protocol_equilibrium,G2_heating_coarse_001,a8a78ce599a1409d98323643d0e19df49c7dbc68f979b246efa73fe856608b6a,True,True,True,True,32,6.783282400072925e-08,6.343245164541794e-16,1.321509409279541e-16,6.702274466311437e-08,1.602396739112294e-05,1.602396739112295e-05,325.0557000433809,325.063150564557,0.0032094958228056835,0.0,9.499999999999999e-08,1e-08,5.566273960175977e-06,0.031442310353970666,0.0617114607405218,False,not_evaluated,False,False,2,new_factorial_context_execution,False
G2_heating_coarse_003,G2_heating,G2,heating,1.0,0.825,coarse,coarse,3,True,immediately_preceding_accepted_protocol_equilibrium,G2_heating_coarse_002,5f2b94a38c5a15b5ae7f60a9a7ad1c930e8efe1aa0debb66b3003d2c3038ec84,True,True,True,True,32,6.608871803024821e-08,1.4349451606083974e-15,8.696637337020592e-16,6.525329580453187e-08,1.65281037730144e-05,1.6528103773014377e-05,325.0592478576545,325.0671746043973,0.0032152517032583905,0.0,9.499999999999999e-08,1e-08,5.7558804527069185e-06,0.030501767705171944,0.05988229026238178,False,not_evaluated,False,False,3,new_factorial_context_execution,False
G2_heating_coarse_004,G2_heating,G2,heating,1.0,0.85,coarse,coarse,4,True,immediately_preceding_accepted_protocol_equilibrium,G2_heating_coarse_003,4c4c4ba2dbe4e3addb414dbec8ab320f86646bf49dbe2b3fa7e2dcda73906531,True,True,True,True,31,9.893475738983444e-08,1.5913673981251992e-15,8.190861607997355e-16,9.764742499492874e-08,1.7032555991828297e-05,1.7032555991828324e-05,325.0629063653552,325.07132440635115,0.003221198434706621,0.0,9.499999999999999e-08,1e-08,5.946731448230706e-06,0.029616941758824518,0.05815944254253432,False,not_evaluated,False,False,4,new_factorial_context_execution,False
G2_heating_coarse_005,G2_heating,G2,heating,1.0,0.875,coarse,coarse,5,True,immediately_preceding_accepted_protocol_equilibrium,G2_heating_coarse_004,564a6406428b71375c42714c337a0c64bdc62a0bc22ce563e25ab4df55b101fc,True,True,True,True,31,9.657292082824649e-08,1.9319537212002033e-16,6.623841329829266e-16,9.524403674187267e-08,1.753733410815019e-05,1.7537334108150192e-05,325.0666757122151,325.07560015541753,0.0032273373165253335,0.0,9.499999999999999e-08,1e-08,6.138881818712385e-06,0.028783058656977077,0.056534036876034886,False,not_evaluated,False,False,5,new_factorial_context_execution,False
G2_heating_coarse_006,G2_heating,G2,heating,1.0,0.9,coarse,coarse,6,True,immediately_preceding_accepted_protocol_equilibrium,G2_heating_coarse_005,ef5ebf892913dfc6fb49bade524cd34642f61041279cb75a200a5dc8e863c7e6,True,True,True,True,31,9.43550752217872e-08,2.0656536863251693e-15,2.503822650091114e-15,9.298359668570832e-08,1.8042448221556517e-05,1.804244822155648e-05,325.07055604222336,325.08000203524466,0.0032336696829313076,0.0,9.499999999999999e-08,1e-08,6.33236640597409e-06,0.027995874351621264,0.05499797976354191,False,not_evaluated,False,False,6,new_factorial_context_execution,False
G2_heating_coarse_007,G2_heating,G2,heating,1.0,0.925,coarse,coarse,7,True,immediately_preceding_accepted_protocol_equilibrium,G2_heating_coarse_006,090d74c410bc36beb7e28948d0cfca69b09b8aa7b2cb7696c51ee0e33cb41733,True,True,True,True,31,9.226699785757271e-08,1.826692099880368e-15,1.3823615890986575e-15,9.085498930871454e-08,1.8547908480247367e-05,1.85479084802474e-05,325.0745475060424,325.084530237746,0.003240196917214789,0.0,9.499999999999999e-08,1e-08,6.5272342834811654e-06,0.027251604094830448,0.053544161023467624,False,not_evaluated,False,False,7,new_factorial_context_execution,False
G2_heating_coarse_008,G2_heating,G2,heating,1.0,0.95,coarse,coarse,8,True,immediately_preceding_accepted_protocol_equilibrium,G2_heating_coarse_007,e8975527d79b7681340fb0d90e127c728dabb79dfd038c1256183b636249306c,True,True,True,True,31,9.030266236788113e-08,1.0669194946423621e-15,7.487154348367454e-16,8.884770931125353e-08,1.9053725080651508e-05,1.9053725080651487e-05,325.0786502589623,325.0891849607739,0.0032469204489974906,0.0,9.499999999999999e-08,1e-08,6.723531782701787e-06,0.02654686148052922,0.0521661789114228,False,not_evaluated,False,False,8,new_factorial_context_execution,False
G2_heating_coarse_009,G2_heating,G2,heating,1.0,0.975,coarse,coarse,9,True,immediately_preceding_accepted_protocol_equilibrium,G2_heating_coarse_008,570b4659229a75d9dd6dae5d4d2ab8f9b6ea3c5baf25aaba434aaa575024c79f,True,True,True,True,31,8.845305056202272e-08,5.196545519153077e-16,1.2436177310793689e-15,8.695310400989136e-08,1.955990826903827e-05,1.955990826903826e-05,325.08286446093456,325.0939664081659,0.0032538417548889005,0.0,9.499999999999999e-08,1e-08,6.921305891409869e-06,0.025878607477316753,0.05085827941820744,False,not_evaluated,False,False,9,new_factorial_context_execution,False
G2_heating_coarse_010,G2_heating,G2,heating,1.0,1.0,coarse,coarse,10,True,immediately_preceding_accepted_protocol_equilibrium,G2_heating_coarse_009,1725d8ef54117ebc39b4ea428ecb7e503b1aa23022d210afb9363c3313c673e9,True,True,True,True,31,8.670387456624196e-08,2.0261453471993115e-15,1.5196090103994843e-15,8.516271582481161e-08,2.0066468343155274e-05,2.0066468343155315e-05,325.0871902766068,325.0988747897938,0.003260962359167078,0.0,9.499999999999999e-08,1e-08,7.120604278177626e-06,0.025244107007489015,0.04961527639209879,False,not_evaluated,False,False,10,new_factorial_context_execution,False
G2_heating_coarse_011,G2_heating,G2,heating,1.0,1.025,coarse,coarse,11,True,immediately_preceding_accepted_protocol_equilibrium,G2_heating_coarse_010,ad3e09bcbc87a96e33435c6f4a73bb5bb947dff1fb7fc8782d012661f75e3e73,True,True,True,True,31,8.50552153156051e-08,4.940548296913092e-16,6.426729491919468e-16,8.3469376780746e-08,2.0573415653890932e-05,2.0573415653890942e-05,325.09162787535934,325.1039103216141,0.0032682838344838382,0.0,9.499999999999999e-08,1e-08,7.321475316760147e-06,0.02464089188028349,0.0484324831905278,False,not_evaluated,False,False,11,new_factorial_context_execution,False
G2_heating_coarse_012,G2_heating,G2,heating,1.0,1.05,coarse,coarse,12,True,immediately_preceding_accepted_protocol_equilibrium,G2_heating_coarse_011,fa98db17b23ad8d4b43673a2d8604f435c02ff09a21945c78a5c8db8a12ae3ce,True,True,True,True,31,8.349461016708266e-08,3.3751518218873104e-15,2.2960216475423905e-15,8.186627558963307e-08,2.1080760606962875e-05,2.1080760606962946e-05,325.09617743134226,325.10907322572007,0.0032758078025953655,0.0,9.499999999999999e-08,1e-08,7.523968111527307e-06,0.02406672902041159,0.04730565397338868,False,not_evaluated,False,False,12,new_factorial_context_execution,False
G2_heating_coarse_013,G2_heating,G2,heating,1.0,1.075,coarse,coarse,13,True,immediately_preceding_accepted_protocol_equilibrium,G2_heating_coarse_012,210fad600ceade644fdf0b51a93f297bf7a16b5efa4defc94e8a3368450ee390,True,True,True,True,31,8.201953015779304e-08,2.0402383388429983e-15,1.7519041192211797e-15,8.034722210735269e-08,2.158851366463463e-05,2.1588513664634676e-05,325.1008391235142,325.1143637303958,0.0032835359351186875,0.0,9.499999999999999e-08,1e-08,7.728132523321992e-06,0.0235195931299122,0.04623093308335047,False,not_evaluated,False,False,13,new_factorial_context_execution,False
G2_heating_coarse_014,G2_heating,G2,heating,1.0,1.1,coarse,coarse,14,True,immediately_preceding_accepted_protocol_equilibrium,G2_heating_coarse_013,981972ae38dcbeb070a06205612057bf2013a29ab66c1d1487180bc33243856c,True,True,True,True,31,8.06219090979724e-08,6.133285125330712e-16,2.7878568751503246e-16,7.890690718074037e-08,2.2096685347459746e-05,2.209668534745976e-05,325.1056131356828,325.1197820701717,0.003291469954314495,0.0,9.499999999999999e-08,1e-08,7.93401919580751e-06,0.022997643077880645,0.045204811243712985,False,not_evaluated,False,False,14,new_factorial_context_execution,False
G2_heating_coarse_015,G2_heating,G2,heating,1.0,1.125,coarse,coarse,15,True,immediately_preceding_accepted_protocol_equilibrium,G2_heating_coarse_014,dd15adb35e499370d88373b863d00f77784d47a25af4c1faacbbdc842d15e2c3,True,True,True,True,31,7.93005472516754e-08,1.9484696100405805e-15,1.99843036927239e-15,7.754021571680271e-08,2.260528623605594e-05,2.2605286236055896e-05,325.11049965654496,325.12532848588285,0.0032996116338973565,0.0,9.499999999999999e-08,1e-08,8.141679582861477e-06,0.022499201438332773,0.044224087528438094,False,not_evaluated,False,False,15,new_factorial_context_execution,False
G2_heating_coarse_016,G2_heating,G2,heating,1.0,1.15,coarse,representative_mid_protocol_state,16,True,immediately_preceding_accepted_protocol_equilibrium,G2_heating_coarse_015,a0016a9dd48c72d5e04ddfc3e0a552549f3faea96da5e102b32a97081d73af8d,True,True,True,True,31,7.804878012008894e-08,5.86325839032767e-16,6.373106946008338e-16,7.624236897306242e-08,2.3114326972909373e-05,2.311432697290936e-05,325.1154988797304,325.1310032247278,0.0033079627998736072,0.0,9.499999999999999e-08,1e-08,8.35116597625073e-06,0.022022736697029636,0.04328583623294107,False,stable,True,True,16,new_factorial_context_execution,False
G2_heating_coarse_017,G2_heating,G2,heating,1.0,1.175,coarse,coarse,17,True,immediately_preceding_accepted_protocol_equilibrium,G2_heating_coarse_016,5668c7dbf516d23e42bacd1873ba606ca4af5745b6b352e27563b7ccc57fc069,True,True,True,True,31,7.685944004834605e-08,7.171007986778486e-16,8.544179728927556e-16,7.500960845681093e-08,2.3623818264210916e-05,2.3623818264210933e-05,325.12061100384517,325.1368065403302,0.0033165253314076503,0.0,9.499999999999999e-08,1e-08,8.562531534043061e-06,0.021566847729835498,0.04238737792550686,False,not_evaluated,False,False,17,new_factorial_context_execution,False
G2_heating_coarse_018,G2_heating,G2,heating,1.0,1.2,coarse,coarse,18,True,immediately_preceding_accepted_protocol_equilibrium,G2_heating_coarse_017,b71a7e809f6cffbc5cdaf4d5588fa8b71391858d398009ce85bb73d28cd28b8d,True,True,True,True,31,7.573338014654744e-08,9.827275911150643e-16,1.2869051788411554e-15,7.383771991388963e-08,2.4133770881724893e-05,2.4133770881724917e-05,325.1258362325173,325.142738692803,0.003325301161717993,0.0,9.499999999999999e-08,1e-08,8.775830310342545e-06,0.021130250221283668,0.04152625408022203,False,not_evaluated,False,False,18,new_factorial_context_execution,False
G2_heating_coarse_019,G2_heating,G2,heating,1.0,1.225,coarse,coarse,19,True,immediately_preceding_accepted_protocol_equilibrium,G2_heating_coarse_018,0b4ea4a51710c55c30f6ad443ef304850895707398fe12ea6a8038f11dec8ef0,True,True,True,True,31,7.466488637318557e-08,0.0,0.0,7.272333901183312e-08,2.4644195664691734e-05,2.4644195664691734e-05,325.1311747744435,325.1487999488128,0.003334292279002727,0.0,9.499999999999999e-08,1e-08,8.991117284734302e-06,0.02071176474621721,0.0407002047767641,False,not_evaluated,False,False,19,new_factorial_context_execution,False
G2_heating_coarse_020,G2_heating,G2,heating,1.0,1.25,coarse,coarse,20,True,immediately_preceding_accepted_protocol_equilibrium,G2_heating_coarse_019,7ea1fc6ebd481e337021049251f98113ec7cb7bae50bf64f88b244c5fd169a93,True,True,True,True,31,7.365028687320433e-08,5.387585522890891e-16,8.620136836625426e-16,7.166311860761078e-08,2.5155103521765977e-05,2.5155103521765964e-05,325.13662684343745,325.15499058164875,0.003343500727396348,0.0,9.499999999999999e-08,1e-08,9.208448393620977e-06,0.020310306281672397,0.039907149053089896,False,not_evaluated,False,False,20,new_factorial_context_execution,False
G2_heating_coarse_021,G2_heating,G2,heating,1.0,1.275,coarse,coarse,21,True,immediately_preceding_accepted_protocol_equilibrium,G2_heating_coarse_020,14017dc6e77b90eca5206d0753688be2246ce460e427caad61c0c7c8226c6ae0,True,True,True,True,31,7.268641699458758e-08,1.3200596387625974e-15,1.4494772504059894e-15,7.065428133961573e-08,2.566650543299075e-05,2.5666505432990716e-05,325.14219265847976,325.1613108712917,0.003352928607957872,0.0,9.499999999999999e-08,1e-08,9.427880561523657e-06,0.01992487495268585,0.03914516754119677,False,not_evaluated,False,False,21,new_factorial_context_execution,False
G2_heating_coarse_022,G2_heating,G2,heating,1.0,1.3,coarse,coarse,22,True,immediately_preceding_accepted_protocol_equilibrium,G2_heating_coarse_021,0bcda5094ecfd07e4ac2cbdc7180726022b9a0b1a3bdae468f02fc0e04f4d61d,True,True,True,True,31,7.17734140898062e-08,2.8473422326732826e-15,2.3893780973482103e-15,6.969378912622209e-08,2.6178412451809813e-05,2.6178412451809887e-05,325.1478724437693,325.1677611044861,0.0033625780796918445,0.0,9.499999999999999e-08,1e-08,9.64947173397266e-06,0.01955454784591695,0.03841248708916287,False,not_evaluated,False,False,22,new_factorial_context_execution,False
G2_heating_coarse_023,G2_heating,G2,heating,1.0,1.3250000000000002,coarse,coarse,23,True,immediately_preceding_accepted_protocol_equilibrium,G2_heating_coarse_022,74dad6683501f116f825a7d36d28e0ff3033bd0247d12a7fcebdf6d7f0279ccf,True,True,True,True,31,7.090674736752723e-08,8.885792405816051e-16,3.8321476682764635e-16,6.877933691552106e-08,2.6690835707119247e-05,2.6690835707119223e-05,325.15366642877603,325.1743415748145,0.0033724513606023746,0.0,9.499999999999999e-08,1e-08,9.873280910530167e-06,0.019198471750090422,0.03770746710387299,False,not_evaluated,False,False,23,new_factorial_context_execution,False
G2_heating_coarse_024,G2_heating,G2,heating,1.0,1.35,coarse,coarse,24,True,immediately_preceding_accepted_protocol_equilibrium,G2_heating_coarse_023,4cf15ed56ecbfa7021876bc096d7c4f463f55a721ca355358df45557b5631052,True,True,True,True,31,7.008265783177297e-08,8.718243177519156e-16,1.1070784987325911e-15,6.790839604700474e-08,2.7203786405358385e-05,2.720378640535836e-05,325.15957484829573,325.18105258277444,0.0033825507287818983,0.0,9.499999999999999e-08,1e-08,1.009936817952372e-05,0.018855856703025035,0.03702858739864561,False,not_evaluated,False,False,24,new_factorial_context_execution,False
G2_heating_coarse_025,G2_heating,G2,heating,1.0,1.375,coarse,coarse,25,True,immediately_preceding_accepted_protocol_equilibrium,G2_heating_coarse_024,7eff933b8cab066875d1608bec2bed81ea6f777732fd7ae21c709940c354455c,True,True,True,True,31,6.930163199859551e-08,6.111949474173812e-16,1.7780216652142007e-16,6.707885084055995e-08,2.7717275832644156e-05,2.7717275832644173e-05,325.1655979425061,325.1878944358568,0.003392878523534991,0.0,9.499999999999999e-08,1e-08,1.0327794753092843e-05,0.01852597024275404,0.03637443735215489,False,not_evaluated,False,False,25,new_factorial_context_execution,False
G2_heating_coarse_026,G2_heating,G2,heating,1.0,1.4,coarse,coarse,26,True,immediately_preceding_accepted_protocol_equilibrium,G2_heating_coarse_025,e17cab9ad1ad0a0b52bb0e888ba66a5f1b9912a1283292c43d11911ac068ef8a,True,True,True,True,31,6.855941390602911e-08,1.2001324579385353e-15,6.857899759648777e-16,6.628873270696549e-08,2.8231315356948042e-05,2.8231315356948076e-05,325.1717359570249,325.1948674486273,0.0034034371465386363,0.0,9.499999999999999e-08,1e-08,1.0558623003645122e-05,0.018208132274551467,0.0357437062187421,False,not_evaluated,False,False,26,new_factorial_context_execution,False
G2_heating_coarse_027,G2_heating,G2,heating,1.0,1.425,coarse,coarse,27,True,immediately_preceding_accepted_protocol_equilibrium,G2_heating_coarse_026,a462ddf4cd3c8b7709e38e7ddc7c76fc98ccdd780f01e42faba8633187c96c1f,True,True,True,True,31,6.785552902032008e-08,1.6501072477972183e-15,1.6542428549345546e-15,6.553628211052491e-08,2.874591643031792e-05,2.8745916430317968e-05,325.1779891429692,325.2019719428112,0.003414229063039863,0.0,9.499999999999999e-08,1e-08,1.0791916501226486e-05,0.017901710478331997,0.03513517444928717,False,not_evaluated,False,False,27,new_factorial_context_execution,False
G2_heating_coarse_028,G2_heating,G2,heating,1.0,1.4500000000000002,coarse,coarse,28,True,immediately_preceding_accepted_protocol_equilibrium,G2_heating_coarse_027,eb8b3a6d4efd63a528708c8a653d971e5147cdedb6e2befda877314f70a70d95,True,True,True,True,31,6.718825010441685e-08,8.105276339322789e-16,6.388395144293824e-16,6.481950236549253e-08,2.926109059114693e-05,2.9261090591146953e-05,325.1843577570175,325.20920824737897,0.0034252568030919517,0.0,9.499999999999999e-08,1e-08,1.102774005208888e-05,0.017606116191201608,0.034547705901644465,False,not_evaluated,False,False,28,new_factorial_context_execution,False
G2_heating_coarse_029,G2_heating,G2,heating,1.0,1.475,coarse,coarse,29,True,immediately_preceding_accepted_protocol_equilibrium,G2_heating_coarse_028,7fb70db9471432adaf41eed7156cbc8556dbb8ae7d042cdcf3866027c83e594d,True,True,True,True,31,6.655485028359093e-08,1.2516250156394628e-15,1.0799846051742669e-15,6.41369217035381e-08,2.9776849466489755e-05,2.9776849466489792e-05,325.1908420614723,325.2165766986356,0.0034365229628299087,0.0,9.499999999999999e-08,1e-08,1.126615973795703e-05,0.01732080070872676,0.03398024083529484,False,not_evaluated,False,False,29,new_factorial_context_execution,False
G2_heating_coarse_030,G2_heating,G2,heating,1.0,1.5,coarse,coarse,30,True,immediately_preceding_accepted_protocol_equilibrium,G2_heating_coarse_029,05a7b1e7115488ab98855abf2e2175d470dfd7c8d71eff76c255eca4e10836ac,True,True,True,True,31,6.595547929654466e-08,3.131649186637347e-15,2.0877661244249e-15,6.348699415914288e-08,3.0293204774429692e-05,3.0293204774429787e-05,325.1974423243262,325.2240776403129,0.0034480302057871112,0.0,9.499999999999999e-08,1e-08,1.1507242957202544e-05,0.017045251956167712,0.033431789602273096,False,not_evaluated,False,False,30,new_factorial_context_execution,False
G2_heating_coarse_031,G2_heating,G2,heating,1.0,1.525,coarse,coarse,31,True,immediately_preceding_accepted_protocol_equilibrium,G2_heating_coarse_030,2ef48ac7bff1de23a5e6fd185017318f5a9f6f6ad074d81b7fd565df07ce6ada,True,True,True,True,30,9.985144687932224e-08,6.598078441778445e-16,8.653217628561894e-16,9.610357241471816e-08,3.0810168314130826e-05,3.0810168314130847e-05,325.20415881245464,325.2317114156822,0.0034597812522045314,0.0,9.499999999999999e-08,1e-08,1.1751046417420204e-05,0.016778991092496996,0.032901394336966934,False,not_evaluated,False,False,31,new_factorial_context_execution,False
G2_heating_coarse_032,G2_heating,G2,heating,1.0,1.55,coarse,end_endpoint,32,True,immediately_preceding_accepted_protocol_equilibrium,G2_heating_coarse_031,48b80f57b157bd1ff73e72ee949eda0b673274178145428a15939b47e80e076b,True,True,True,True,30,9.900679874167968e-08,1.7304180840810174e-15,8.372990729424278e-16,9.518324302555901e-08,3.13277520172617e-05,3.132775201726165e-05,325.21099181901735,325.23947839938296,0.0034717789282997457,0.0,9.499999999999999e-08,1e-08,1.1997676095214238e-05,0.016521571763134655,0.032388287189825435,False,stable,True,True,32,new_factorial_context_execution,False
G2_cooling_coarse_000,G2_cooling,G2,cooling,-1.0,1.55,coarse,start_endpoint,0,True,uniform_360K,,54227fa82fcc2f770a258c9ec3c7c5d91ecaa1f6ebbf5206108a8a5c43ac9e6a,True,True,True,True,42,1.8724421724053982e-08,1.5812324196973682e-16,0.0,1.9269438908773542e-09,0.005485352609671434,0.005485352609671435,362.0707627561737,367.9299917731911,0.9998705550120272,0.0,9.499999999999999e-08,1e-08,,,,False,stable,True,True,0,new_factorial_context_execution,False
G2_cooling_coarse_001,G2_cooling,G2,cooling,-1.0,1.5250000000000001,coarse,coarse,1,True,immediately_preceding_accepted_protocol_equilibrium,G2_cooling_coarse_000,e9a925edb635d64420e1c7c17a9d1e617878d78c4936f93e5ac0378c6701245d,True,True,True,True,36,7.122769531781784e-09,1.6056523225055144e-16,2.10577353771215e-16,3.3665372050211056e-09,0.005401927464813446,0.0054019274648134455,360.9173291859234,366.608001608781,0.9998295528490844,0.0,9.499999999999999e-08,1e-08,4.100216294278258e-05,0.015208711416454315,0.03111690177026429,False,not_evaluated,False,False,1,new_factorial_context_execution,False
G2_cooling_coarse_002,G2_cooling,G2,cooling,-1.0,1.5,coarse,coarse,2,True,immediately_preceding_accepted_protocol_equilibrium,G2_cooling_coarse_001,c72f6b3277e2e9244f1812d312b35015259cce0f0f110aa96b990ea5f851a694,True,True,True,True,36,7.975623520971663e-09,0.0,2.1746654994325937e-16,3.575938384523393e-09,0.00531797794934263,0.00531797794934263,359.77849425692716,365.3043309493268,0.9997764126572285,0.0,9.499999999999999e-08,1e-08,5.31401918558716e-05,0.015540659517855115,0.0317113353449425,False,not_evaluated,False,False,2,new_factorial_context_execution,False
G2_cooling_coarse_003,G2_cooling,G2,cooling,-1.0,1.475,coarse,coarse,3,True,immediately_preceding_accepted_protocol_equilibrium,G2_cooling_coarse_002,01b86a6c29c9f867e796b540d7f284b5673c0019de88b1dd8264d9c28e020c7b,True,True,True,True,36,9.003272573873517e-09,9.944067084096305e-16,7.865363795330411e-16,3.813389146425231e-09,0.005233442598404755,0.00523344259840476,358.6540026360098,364.019114816763,0.9997078341648407,0.0,9.499999999999999e-08,1e-08,6.857849238783853e-05,0.015896145441581782,0.032339474138458515,False,not_evaluated,False,False,3,new_factorial_context_execution,False
G2_cooling_coarse_004,G2_cooling,G2,cooling,-1.0,1.45,coarse,coarse,4,True,immediately_preceding_accepted_protocol_equilibrium,G2_cooling_coarse_003,a61b96c132e7a8b195a5dfa2d2abc6d3ee62a577138a2e5bf6f1eda795a67943,True,True,True,True,36,1.0243586809338437e-08,1.6847715352100573e-16,2.323822807186286e-16,4.084914360063694e-09,0.0051482454437376335,0.005148245443737633,357.54353073863734,362.7524857645516,0.9996197122779776,0.0,9.499999999999999e-08,1e-08,8.812188686302402e-05,0.016279371191171774,0.03300638036166495,False,not_evaluated,False,False,4,new_factorial_context_execution,False
G2_cooling_coarse_005,G2_cooling,G2,cooling,-1.0,1.425,coarse,coarse,5,True,immediately_preceding_accepted_protocol_equilibrium,G2_cooling_coarse_004,ab107856e59dc99a1f0022aabd727427b18e0d05149edbbe5a21005fc4023ba3,True,True,True,True,36,1.1749722971820314e-08,2.2273902695784758e-15,1.803554874152613e-15,4.3987544102492696e-09,0.005062293190309707,0.005062293190309718,356.446677868853,361.5045735321108,0.9995069634386098,0.0,9.499999999999999e-08,1e-08,0.00011274883936784885,0.016695445927598394,0.033718148504664446,False,not_evaluated,False,False,5,new_factorial_context_execution,False
G2_cooling_coarse_006,G2_cooling,G2,cooling,-1.0,1.4,coarse,coarse,6,True,immediately_preceding_accepted_protocol_equilibrium,G2_cooling_coarse_005,628da831c78e31defea458b49994fd112bf1fd02036c5776687a6fcf8cca24a4,True,True,True,True,37,8.84308131027854e-09,3.486550684771156e-16,4.980786692530223e-16,3.053374147192057e-09,0.004975471842568862,0.004975471842568861,355.36295623992777,360.27550423232,0.9993633144552642,0.0,9.499999999999999e-08,1e-08,0.00014364898334562337,0.017150596474151094,0.03448214225070906,False,not_evaluated,False,False,6,new_factorial_context_execution,False
G2_cooling_coarse_007,G2_cooling,G2,cooling,-1.0,1.375,coarse,coarse,7,True,immediately_preceding_accepted_protocol_equilibrium,G2_cooling_coarse_006,6904fbb3eef756ad47f6ba29ae8ec7a9ed710d19d8f9cbf19bd24f29d5113bf4,True,True,True,True,37,1.0360758264380774e-08,1.774601411055038e-15,1.2906192080400281e-15,3.338493608759586e-09,0.0048876425578447905,0.004887642557844799,354.29177958603026,359.065399359172,0.9991810397861972,0.0,9.499999999999999e-08,1e-08,0.00018227466906695078,0.017652453375904355,0.035307294312654953,False,not_evaluated,False,False,7,new_factorial_context_execution,False
G2_cooling_coarse_008,G2_cooling,G2,cooling,-1.0,1.35,coarse,coarse,8,True,immediately_preceding_accepted_protocol_equilibrium,G2_cooling_coarse_007,cf4cfe7f40277ad332ec4575266965e89a901172ea182154caa77b501c334f37,True,True,True,True,37,1.2382995053807587e-08,1.9882688396826536e-15,9.37231102880712e-16,3.6917316104127217e-09,0.004798636345070554,0.004798636345070544,353.2324481578195,357.874373755403,0.998950623398845,0.0,9.499999999999999e-08,1e-08,0.00023041638735221692,0.01821045866608624,0.036204553765490796,False,not_evaluated,False,False,8,new_factorial_context_execution,False
G2_cooling_coarse_009,G2_cooling,G2,cooling,-1.0,1.325,coarse,coarse,9,True,immediately_preceding_accepted_protocol_equilibrium,G2_cooling_coarse_008,b1565c0bfd852364650fa93c54cd47dc7a31528a8eab0405027cc00159e0af09,True,True,True,True,38,9.823715357767926e-09,5.526654090594056e-16,8.342119382028763e-16,2.6634447573122137e-09,0.004708246927184677,0.00470824692718468,352.18412846179643,356.70253302906974,0.9986603038840445,0.0,9.499999999999999e-08,1e-08,0.0002903195148005189,0.018836480071829177,0.037187503523352,False,not_evaluated,False,False,9,new_factorial_context_execution,False
G2_cooling_coarse_010,G2_cooling,G2,cooling,-1.0,1.3,coarse,coarse,10,True,immediately_preceding_accepted_protocol_equilibrium,G2_cooling_coarse_009,d80ea05a2f644e5426e9cf4762a3a330da295fd96ba974abfa54ac437e09ce39,True,True,True,True,38,1.2340799918631881e-08,3.757886892860142e-16,5.781364450554064e-16,3.0710905607296436e-09,0.004616220566065261,0.00461622056606526,351.1458224046702,355.54996945032565,0.998295429864952,0.0,9.499999999999999e-08,1e-08,0.00036487401909246486,0.019545780529918715,0.038273342319630435,False,not_evaluated,False,False,10,new_factorial_context_execution,False
G2_cooling_coarse_011,G2_cooling,G2,cooling,-1.0,1.275,coarse,coarse,11,True,immediately_preceding_accepted_protocol_equilibrium,G2_cooling_coarse_010,97626d4c12df05a2595da4180a8603845ff27160599337b5126e1cfa680f5fc0,True,True,True,True,38,1.660661207326132e-08,1.342593775643228e-15,7.521533757104924e-16,3.674841916421557e-09,0.004522240662861695,0.004522240662861701,350.1163167829412,354.4167554327523,0.9978374934587042,0.0,9.499999999999999e-08,1e-08,0.0004579364062478053,0.02035862495272244,0.039484505870687546,False,not_evaluated,False,False,11,new_factorial_context_execution,False
G2_cooling_coarse_012,G2_cooling,G2,cooling,-1.0,1.25,coarse,coarse,12,True,immediately_preceding_accepted_protocol_equilibrium,G2_cooling_coarse_011,750658d7516b229ab74c8085c5a872cd4c7d4bcb5b5551ac834307095fc45fc4,True,True,True,True,39,1.5988189263557846e-08,2.9396094109747285e-15,1.8813500230238262e-15,3.019980674838028e-09,0.004425902986040584,0.004425902986040571,349.09409737032524,353.3029340257923,0.9972625913204813,0.0,9.499999999999999e-08,1e-08,0.0005749021382228658,0.021303084909273202,0.04085144556675453,False,not_evaluated,False,False,12,new_factorial_context_execution,False
G2_cooling_coarse_013,G2_cooling,G2,cooling,-1.0,1.225,coarse,coarse,13,True,immediately_preceding_accepted_protocol_equilibrium,G2_cooling_coarse_012,49dd0614dd566b0352f3f6f3cb665e1d58726684333fbf590678950f7aebfa69,True,True,True,True,40,1.7961204798607558e-08,1.4032795913622804e-15,9.81886594539205e-16,2.7705673036868563e-09,0.004326673175674623,0.004326673175674617,348.07719423638207,352.20850454214127,0.9965388065861103,0.0,9.499999999999999e-08,1e-08,0.000723784734371069,0.022420240723516668,0.04241781438511765,False,not_evaluated,False,False,13,new_factorial_context_execution,False
G2_cooling_coarse_014,G2_cooling,G2,cooling,-1.0,1.2,coarse,coarse,14,True,immediately_preceding_accepted_protocol_equilibrium,G2_cooling_coarse_013,833d8a9cd6eadfa7bdcdfd9e782eb03d9ae62d4d9b96dbd894de98b254b22eaf,True,True,True,True,41,2.789655985460301e-08,0.0,3.42251076273907e-16,3.0724710692823197e-09,0.0042238081831199505,0.0042238081831199505,347.0628859142618,351.13340096341426,0.9956213907809971,0.0,9.499999999999999e-08,1e-08,0.0009174158051131753,0.02377461582561837,0.04425095923371641,False,not_evaluated,False,False,14,new_factorial_context_execution,False
G2_cooling_coarse_015,G2_cooling,G2,cooling,-1.0,1.175,coarse,coarse,15,True,immediately_preceding_accepted_protocol_equilibrium,G2_cooling_coarse_014,3a46556d40bb87582d823c08d67d4dbe9f34879662925ad36e7a4ea6a3928b56,True,True,True,True,44,3.623895914481142e-08,6.321576799262726e-16,3.586710240716441e-16,2.2062485902973868e-09,0.0041161964753298344,0.004116196475329837,346.0470845896014,350.077459695269,0.9944429561000276,0.0,9.499999999999999e-08,1e-08,0.0011784346809694535,0.025477413538847738,0.046465614710411836,False,not_evaluated,False,False,15,new_factorial_context_execution,False
G2_cooling_coarse_016,G2_cooling,G2,cooling,-1.0,1.15,coarse,representative_mid_protocol_state,16,True,immediately_preceding_accepted_protocol_equilibrium,G2_cooling_coarse_015,406e24f644bacfbeeed58bd5c10d10b415e847cfbaf2a7a0ce647a1e2d1dea97,True,True,True,True,50,4.715344323111056e-08,1.3003967781041828e-15,1.130779807047116e-15,1.1920846559385072e-09,0.004001986559454145,0.0040019865594541505,345.0228852187227,349.0403701173202,0.9928905306539128,0.0,9.499999999999999e-08,1e-08,0.0015524254461148912,0.027746468508050858,0.049286492972668114,False,stable,True,True,16,new_factorial_context_execution,False
G2_cooling_coarse_017,G2_cooling,G2,cooling,-1.0,1.125,coarse,coarse,17,True,immediately_preceding_accepted_protocol_equilibrium,G2_cooling_coarse_016,e92e80a42741b95588835fe9949321bd2fe7e7ebe215c696a08ea0d55ca32382,True,True,True,True,61,6.164348187978021e-08,1.118448189722754e-16,1.988352337284896e-16,7.76039998173696e-10,0.003877523098335959,0.0038775230983359586,343.9763595639118,348.0215927234961,0.9907391536964033,0.0,9.499999999999999e-08,1e-08,0.0021513769575094432,0.031100419571414673,0.05325813725382975,False,not_evaluated,False,False,17,new_factorial_context_execution,False
G2_cooling_coarse_018,G2_cooling,G2,cooling,-1.0,1.1,coarse,coarse,18,True,immediately_preceding_accepted_protocol_equilibrium,G2_cooling_coarse_017,332c98c17ec5c9302ef0c7f29ceb0d5d66841a529023743c8ce92c13e3f5b4a6,True,True,True,True,89,6.987486278191479e-08,1.8589032433514003e-15,1.4786730344840687e-15,6.844483849725208e-10,0.0037327891748669744,0.0037327891748669814,342.8683174722628,347.020183456096,0.9873639286614113,0.0,9.499999999999999e-08,1e-08,0.003375225034991991,0.037326385890801596,0.06034671185222369,False,not_evaluated,False,False,18,new_factorial_context_execution,False
G2_cooling_coarse_019,G2_cooling,G2,cooling,-1.0,1.075,coarse,coarse,19,True,immediately_preceding_accepted_protocol_equilibrium,G2_cooling_coarse_018,c8624b1283bd0d0d2eba469d1ac9a9ebe4dad63cb0b239cbc8f183dd0b05ca34,True,True,True,True,182,5.3871391759082454e-08,7.334994780574128e-16,6.823250958673608e-16,2.3615488150418183e-09,0.0023649961968221413,0.0023649961968221396,337.30414405520526,346.0057908825597,0.6971276411463101,0.384,9.499999999999999e-08,1e-08,0.2902362875151012,0.36642652825245003,0.41514413816929774,True,not_evaluated,False,False,19,new_factorial_context_execution,False
G2_cooling_coarse_020,G2_cooling,G2,cooling,-1.0,1.05,coarse,coarse,20,True,immediately_preceding_accepted_protocol_equilibrium,G2_cooling_coarse_019,b39a9120d94316a56a30a9f2b971b34ada84d8c549a68a6f88efcd994052be62,True,True,True,True,56,4.7048771034515524e-08,2.2592282652453083e-15,1.2551268140251712e-15,2.0495595060655425e-09,0.0023035168725482236,0.0023035168725482184,336.7108722426015,345.0400115956214,0.6933536781331825,0.4,9.499999999999999e-08,1e-08,0.0037739630131276014,0.025995527754559548,0.04779741998969422,False,not_evaluated,False,False,20,new_factorial_context_execution,False
G2_cooling_coarse_021,G2_cooling,G2,cooling,-1.0,1.025,coarse,coarse,21,True,immediately_preceding_accepted_protocol_equilibrium,G2_cooling_coarse_020,d973ae8098e95d5e4beb3c656776a9f9eeb789e72b9484fa2f1d613b5cdd3902,True,True,True,True,54,4.295414338274635e-08,2.1292850250298442e-15,1.888501130846869e-15,2.155275894898137e-09,0.0022404184986316456,0.0022404184986316504,336.1234511452745,344.0867086880662,0.6894736088616633,0.4,9.499999999999999e-08,1e-08,0.003880069271519182,0.02739219090102715,0.04975148373900289,False,not_evaluated,False,False,21,new_factorial_context_execution,False
G2_cooling_coarse_022,G2_cooling,G2,cooling,-1.0,1.0,coarse,coarse,22,True,immediately_preceding_accepted_protocol_equilibrium,G2_cooling_coarse_021,189bd6be3ea2ce0f5941cb39e30799119ec9fb0f6c863968e7ff93b7fb10d9a3,True,True,True,True,56,4.923006169991827e-08,1.795119990150497e-15,1.994577766833886e-15,2.410015399324062e-09,0.0021742991233809333,0.0021742991233809294,335.53612870038,343.1420703925247,0.6852834781037772,0.4,9.499999999999999e-08,1e-08,0.004190130757886101,0.029512064505401697,0.05235793288827293,False,not_evaluated,False,False,22,new_factorial_context_execution,False
G2_cooling_coarse_023,G2_cooling,G2,cooling,-1.0,0.975,coarse,coarse,23,True,immediately_preceding_accepted_protocol_equilibrium,G2_cooling_coarse_022,9a310d38e644e476d4b1f8fe4252bf60c6e3f9933748132fb321ef8caa3d8eca,True,True,True,True,66,5.5885513070117985e-08,8.250766202002655e-16,8.462324309746313e-16,2.854287399538677e-09,0.0021024998569899454,0.002102499856989947,334.93791260595503,342.2002273718368,0.6803905828383466,0.4,9.499999999999999e-08,1e-08,0.004892895265430575,0.03302179797568208,0.05626039121624829,False,not_evaluated,False,False,23,new_factorial_context_execution,False
G2_cooling_coarse_024,G2_cooling,G2,cooling,-1.0,0.95,coarse,coarse,24,True,immediately_preceding_accepted_protocol_equilibrium,G2_cooling_coarse_023,d53b2c51401c5a827760cc9aef940f6f1978a1bfe12da38d34404e76e0bbeea7,True,True,True,True,113,6.411978201773867e-08,8.601150426453354e-16,1.2449033511971956e-15,3.401562474764365e-09,0.0020168505257640414,0.002016850525764043,334.2945210787608,341.2512408773821,0.6734437092314578,0.4,9.499999999999999e-08,1e-08,0.006946873606888837,0.04073690228380056,0.06432745756387902,False,not_evaluated,False,False,24,new_factorial_context_execution,False
G2_cooling_coarse_025,G2_cooling,G2,cooling,-1.0,0.925,coarse,coarse,25,True,immediately_preceding_accepted_protocol_equilibrium,G2_cooling_coarse_024,fc1a1d552f2a7c9774f8fa1337b6c40e2a5bcb182ff023e168de093fefefd7df,True,True,True,True,471,6.820869487417817e-08,2.0441413228750126e-16,2.2098825112162298e-16,6.843396825796241e-09,3.314968247158091e-05,3.3149682471580914e-05,325.1332539293305,325.15181029432676,0.1130996775137619,1.0,9.499999999999999e-08,1e-08,0.5603440317176959,0.9835636394228953,0.9896157929666007,True,not_evaluated,False,False,25,new_factorial_context_execution,False
G2_cooling_coarse_026,G2_cooling,G2,cooling,-1.0,0.9,coarse,coarse,26,True,immediately_preceding_accepted_protocol_equilibrium,G2_cooling_coarse_025,645d3c3099ee4cc0fc573510ec1f43dc790752937cc37642aaad381e602c57bd,True,True,True,True,33,8.324849317745751e-08,2.7374870335808802e-15,2.339732507334086e-15,7.54012594884822e-08,3.217966895690295e-05,3.217966895690304e-05,325.12585717952066,325.14333989233364,0.11272391380391258,1.0,9.499999999999999e-08,1e-08,0.0003757637098493194,0.02926162310934786,0.05553187026665499,False,not_evaluated,False,False,26,new_factorial_context_execution,False
G2_cooling_coarse_027,G2_cooling,G2,cooling,-1.0,0.875,coarse,coarse,27,True,immediately_preceding_accepted_protocol_equilibrium,G2_cooling_coarse_026,a0ddc648dc28e86d1692ec52f92915c636b50422fe8afdf9e9f291df1fcb18df,True,True,True,True,33,8.196207234956287e-08,1.5195166715672135e-15,1.860632659061894e-15,7.449157034668837e-08,3.121640317201525e-05,3.12164031720152e-05,325.1186971139932,325.13514574948044,0.11236126004980855,1.0,9.499999999999999e-08,1e-08,0.00036265375410403367,0.029933986772137627,0.05691228203618684,False,not_evaluated,False,False,27,new_factorial_context_execution,False
G2_cooling_coarse_028,G2_cooling,G2,cooling,-1.0,0.85,coarse,coarse,28,True,immediately_preceding_accepted_protocol_equilibrium,G2_cooling_coarse_027,f54d953295d0a76d7b688e3f39e4bb1d759dbf843df8e31a88547688b71575b5,True,True,True,True,33,8.08756344235984e-08,1.5675637320235932e-15,6.586402235393255e-16,7.376488298609415e-08,3.0259595879401746e-05,3.0259595879401793e-05,325.11177044229447,325.12722353134654,0.11201144213374886,1.0,9.499999999999999e-08,1e-08,0.0003498179160596887,0.030650785977522847,0.05837649801104325,False,not_evaluated,False,False,28,new_factorial_context_execution,False
G2_cooling_coarse_029,G2_cooling,G2,cooling,-1.0,0.825,coarse,coarse,29,True,immediately_preceding_accepted_protocol_equilibrium,G2_cooling_coarse_028,5841e0a4b9261602a99572cc76301adcd7c2eefdc7587b7cb719f55ebfb37cb4,True,True,True,True,33,7.998701013070854e-08,5.780025617926398e-16,4.203654994855563e-16,7.321700614229227e-08,2.9308968618660758e-05,2.930896861866074e-05,325.1050740322782,325.1195691259983,0.11167419967224845,1.0,9.499999999999999e-08,1e-08,0.0003372424615004088,0.03141572889901339,0.059931642806944845,False,not_evaluated,False,False,29,new_factorial_context_execution,False
G2_cooling_coarse_030,G2_cooling,G2,cooling,-1.0,0.8,coarse,coarse,30,True,immediately_preceding_accepted_protocol_equilibrium,G2_cooling_coarse_029,0be92d667ad3a83ce2a7be8d9ad868058c87b0861fd600237f7750be84fb52c0,True,True,True,True,33,7.929010856290371e-08,1.4334092040697373e-15,1.04519421130085e-15,7.284569157480885e-08,2.8364253105652846e-05,2.8364253105652805e-05,325.0986049111066,325.112178638799,0.11134928575494497,1.0,9.499999999999999e-08,1e-08,0.0003249139173034793,0.0322329838794266,0.061585629392358114,False,not_evaluated,False,False,30,new_factorial_context_execution,False
G2_cooling_coarse_031,G2_cooling,G2,cooling,-1.0,0.775,coarse,coarse,31,True,immediately_preceding_accepted_protocol_equilibrium,G2_cooling_coarse_030,f7fae49ff8690161d34a308edc43a1650efe78814a4075215cc49c1997319276,True,True,True,True,33,7.878352978151631e-08,2.470817315878425e-16,1.5940756876635e-16,7.26504996685691e-08,2.742519058162463e-05,2.742519058162462e-05,325.09236025724925,325.10504838075826,0.11103646624960575,1.0,9.499999999999999e-08,1e-08,0.00031281950533922076,0.03310725371580706,0.06334735811712608,False,not_evaluated,False,False,31,new_factorial_context_execution,False
G2_cooling_coarse_032,G2_cooling,G2,cooling,-1.0,0.75,coarse,end_endpoint,32,True,immediately_preceding_accepted_protocol_equilibrium,G2_cooling_coarse_031,b5ae4a3b87326b771be577c77c765478f924b707eaca7ef2763ee1c8899953b3,True,True,True,True,33,7.846927684750796e-08,2.5578980410615973e-15,2.2168449689200512e-15,7.263230834678657e-08,2.6491531207483424e-05,2.6491531207483357e-05,325.0863373930812,325.0981748577839,0.11073551915962185,1.0,9.499999999999999e-08,1e-08,0.00030094708998390507,0.034043860930059414,0.06522687214590916,False,stable,True,True,32,new_factorial_context_execution,False
G2_cooling_event_refine_01,G2_cooling,G2,cooling,-1.0,1.0875,event_refinement,event_refinement,0,False,last_accepted_pre_switch_equilibrium,G2_cooling_coarse_018,69d20a8f3f4d85331cca044f74188514b4ce88d7632c80592317e4b71e608ebc,True,True,True,True,126,7.667450473274416e-08,2.0253594628334743e-15,1.7528465939329602e-15,1.4467073329872976e-09,0.0036401314967503084,0.003640131496750316,342.24042874721704,346.5254201614648,0.9844141750136788,0.04,9.499999999999999e-08,1e-08,0.0029497536477325337,0.024822638990847388,0.03760970312307092,False,not_evaluated,False,False,33,new_factorial_context_execution,False
G2_cooling_event_refine_02,G2_cooling,G2,cooling,-1.0,1.0812499999999998,event_refinement,last_pre_switch|half_step_pre_switch,1,False,last_accepted_pre_switch_equilibrium,G2_cooling_event_refine_01,af2e6647781e55819ef0b969119eb539c6fafc41cf0e7be3a384d1a073f64501,True,True,True,True,278,4.749603851638273e-08,1.2147709218965767e-15,8.98790046258739e-16,4.662808928958948e-09,0.0035700629738248256,0.0035700629738248213,341.83201532633024,346.27917489373175,0.9814289599272019,0.104,9.499999999999999e-08,1e-08,0.0029852150864768667,0.01924889883457117,0.027847860986401643,False,stable,True,True,34,new_factorial_context_execution,False
G2_cooling_event_refine_03,G2_cooling,G2,cooling,-1.0,1.078125,event_refinement,event_refinement,2,False,last_accepted_pre_switch_equilibrium,G2_cooling_event_refine_02,abc6561fe9538c9e64342f89b3ac18a97f5dc182b4c117c18943b0821a7256dd,True,True,True,True,207,5.849810805914792e-08,1.4622854888971085e-15,8.477017326939761e-16,2.4941002328557417e-09,0.0023726194223334294,0.002372619422333426,337.3789253443669,346.12752810701727,0.6976003388107362,0.384,9.499999999999999e-08,1e-08,0.2838286211164657,0.33541244517838353,0.3763607121588065,True,not_evaluated,False,False,35,new_factorial_context_execution,False
G2_cooling_event_reachability_confirmation,G2_cooling,G2,cooling,-1.0,1.078125,event_reachability_confirmation,first_post_switch|half_step_post_switch,3,False,final_refined_pre_switch_equilibrium,G2_cooling_event_refine_02,abc6561fe9538c9e64342f89b3ac18a97f5dc182b4c117c18943b0821a7256dd,True,True,True,True,207,5.849810805914792e-08,1.4622854888971085e-15,8.477017326939761e-16,2.4941002328557417e-09,0.0023726194223334294,0.002372619422333426,337.3789253443669,346.12752810701727,0.6976003388107362,0.384,9.499999999999999e-08,1e-08,0.2838286211164657,0.33541244517838353,0.3763607121588065,True,stable,True,True,36,new_factorial_context_execution,False
G2_cooling_half_anchor,G2_cooling,G2,cooling,-1.0,1.15,half_step_anchor_reused,half_step_anchor_reused,0,False,accepted_coarse_window_anchor_reused_without_solve,G2_cooling_coarse_016,406e24f644bacfbeeed58bd5c10d10b415e847cfbaf2a7a0ce647a1e2d1dea97,True,True,True,True,50,4.715344323111056e-08,1.3003967781041828e-15,1.130779807047116e-15,1.1920846559385072e-09,0.004001986559454145,0.0040019865594541505,345.0228852187227,349.0403701173202,0.9928905306539128,0.0,9.499999999999999e-08,1e-08,,,,False,not_evaluated,False,False,37,new_factorial_context_execution,False
G2_cooling_half_001,G2_cooling,G2,cooling,-1.0,1.1375,half_step_continuation,half_step_continuation,1,False,immediately_preceding_accepted_half_step_equilibrium,G2_cooling_half_anchor,3b2cce72dd2bf7806804d7e3ddf5f7ed75ec663cd86717c8ed71e205cf5f4f58,True,True,True,True,52,5.135236369671468e-08,1.5404499907915965e-15,1.1607786429826787e-15,1.0411929045412357e-09,0.0039414016697801564,0.00394140166978015,344.5038214897108,348.5287385319131,0.9919123062616977,0.0,9.499999999999999e-08,1e-08,0.0009782243922150657,0.015138703934640984,0.026356935522861683,False,not_evaluated,False,False,38,new_factorial_context_execution,False
G2_cooling_half_002,G2_cooling,G2,cooling,-1.0,1.125,half_step_continuation,half_step_continuation,2,False,immediately_preceding_accepted_half_step_equilibrium,G2_cooling_half_001,8dfa1867330392cdf4258718030d9749252f5d6af7b41f7b93d302fd2c518e68,True,True,True,True,58,6.116952314582288e-08,1.5658274655386566e-15,1.1930114023151675e-15,8.97087309188929e-10,0.0038775230985172186,0.0038775230985172247,343.9763595670356,348.02159272351173,0.990739153706627,0.0,9.499999999999999e-08,1e-08,0.0011731525550706667,0.016207069620108237,0.027607343021708766,False,not_evaluated,False,False,39,new_factorial_context_execution,False
G2_cooling_half_003,G2_cooling,G2,cooling,-1.0,1.1124999999999998,half_step_continuation,half_step_continuation,3,False,immediately_preceding_accepted_half_step_equilibrium,G2_cooling_half_002,12248c693917dddfc404d81e679b28d26c8a129e602ff23dae27d2961832f104,True,True,True,True,68,6.418817341851818e-08,1.821732394234897e-15,1.4328232314207056e-15,7.283621796860232e-10,0.0038089534587331473,0.0038089534587331404,343.4350298222647,347.5188022888657,0.9892839033290833,0.0,9.499999999999999e-08,1e-08,0.001455250377543682,0.017683876547451807,0.02930412461006772,False,not_evaluated,False,False,40,new_factorial_context_execution,False
G2_cooling_half_004,G2_cooling,G2,cooling,-1.0,1.0999999999999999,half_step_continuation,half_step_continuation,4,False,immediately_preceding_accepted_half_step_equilibrium,G2_cooling_half_003,4dfab4e9537732fdd5a2b47b566603a2c7d65c56f4a681d5f00627c30922e43c,True,True,True,True,85,7.125106488332067e-08,1.626540337801344e-15,1.4786730343648584e-15,7.601051130893397e-10,0.0037327891751679173,0.0037327891751679112,342.8683174748999,347.0201834561185,0.9873639286789446,0.0,9.499999999999999e-08,1e-08,0.0019199746501387116,0.01999611819635153,0.031944320460750596,False,not_evaluated,False,False,41,new_factorial_context_execution,False
G2_cooling_half_005,G2_cooling,G2,cooling,-1.0,1.0875,half_step_continuation,half_step_continuation,5,False,immediately_preceding_accepted_half_step_equilibrium,G2_cooling_half_004,66c0bff0567e845d35282a86e149be8496b908bb40ee504fc45b7abb85be1670,True,True,True,True,126,7.667451564524122e-08,2.0253594628334727e-15,1.3146349454497195e-15,1.4467071138814733e-09,0.003640131496750311,0.0036401314967503184,342.24042874721704,346.5254201614648,0.9844141750136789,0.04,9.499999999999999e-08,1e-08,0.002949753665265731,0.0248226390694669,0.03760970333065158,False,not_evaluated,False,False,42,new_factorial_context_execution,False
G2_cooling_half_006,G2_cooling,G2,cooling,-1.0,1.075,half_step_continuation,half_step_continuation,6,False,immediately_preceding_accepted_half_step_equilibrium,G2_cooling_half_005,2b02874b8cd8603260ec24a33bfe99829fa25b1112e38e07f5c2d72e534eb67c,True,True,True,True,177,6.109386402115428e-08,2.9339979115694904e-15,2.3881378349984225e-15,2.6781304286175485e-09,0.0023649961973542747,0.0023649961973542678,337.3041440602093,346.00579088257405,0.6971276414110223,0.384,9.499999999999999e-08,1e-08,0.28728653360265655,0.3502992407099578,0.3949805600176903,True,not_evaluated,False,False,43,new_factorial_context_execution,False
G2_cooling_half_007,G2_cooling,G2,cooling,-1.0,1.0625,half_step_continuation,half_step_continuation,7,False,immediately_preceding_accepted_half_step_equilibrium,G2_cooling_half_006,7419fe092f7002fe75e5b9e66c0deed8c560a8ac830e989ac25b6bda7b79c31c,True,True,True,True,55,5.004338604291188e-08,0.0,1.7485076683808418e-16,2.167727938894353e-09,0.0023343919905114098,0.0023343919905114098,337.0065049183066,345.52115874873436,0.6952435077976611,0.384,9.499999999999999e-08,1e-08,0.0018841336133612607,0.012940488816473325,0.02396914064041343,False,not_evaluated,False,False,44,new_factorial_context_execution,False
G2_cooling_half_008,G2_cooling,G2,cooling,-1.0,1.0499999999999998,half_step_continuation,half_step_continuation,8,False,immediately_preceding_accepted_half_step_equilibrium,G2_cooling_half_007,8f009f0fffae0cbfafc145b06204d845c6b4b30afebe631fa33c7757f7a7ff15,True,True,True,True,53,4.934838345755065e-08,3.7653804418683494e-16,5.379114916954786e-16,2.1540342891651797e-09,0.002303516872674959,0.002303516872674958,336.710872244078,345.0400115956548,0.6933536782016064,0.4,9.499999999999999e-08,1e-08,0.0018898295960546596,0.01322619249978096,0.024410375146431372,False,not_evaluated,False,False,45,new_factorial_context_execution,False
G2_cooling_half_009,G2_cooling,G2,cooling,-1.0,1.0374999999999999,half_step_continuation,half_step_continuation,9,False,immediately_preceding_accepted_half_step_equilibrium,G2_cooling_half_008,079c576320c6e95744c4c5d55c26cfb57d16f8534f5357b0055dba76607db219,True,True,True,True,52,4.5004294332312093e-08,2.099463457517208e-15,1.4716939899353932e-15,2.05894882150551e-09,0.0022722422444912257,0.0022722422444912305,336.41672508333164,344.5620025412019,0.6914376942817583,0.4,9.499999999999999e-08,1e-08,0.001915983919848152,0.013576904321701642,0.02490745081852918,False,not_evaluated,False,False,46,new_factorial_context_execution,False
G2_cooling_half_010,G2_cooling,G2,cooling,-1.0,1.025,half_step_continuation,half_step_continuation,10,False,immediately_preceding_accepted_half_step_equilibrium,G2_cooling_half_009,9023a756850c7ec5624f990c8511660ed651e68c46d71404ad8e8b3d8192c2ae,True,True,True,True,52,3.725884852101431e-08,2.129285025315329e-15,1.6996510179900634e-15,1.8702038178434083e-09,0.0022404184983312652,0.0022404184983312605,336.12345114142994,344.0867086880611,0.689473608699192,0.4,9.499999999999999e-08,1e-08,0.001964085582566222,0.014005437244692227,0.025474754603321118,False,not_evaluated,False,False,47,new_factorial_context_execution,False
G2_cooling_half_refine_01,G2_cooling,G2,cooling,-1.0,1.0812499999999998,half_step_event_refinement,half_step_event_refinement,0,False,half_step_last_pre_switch_equilibrium,G2_cooling_half_005,98c6eb06ba00dc867c1e0e3605ac7bc3554c4781e83b36b1a6c4a2fe9b3e5958,True,True,True,True,278,4.749599024152671e-08,1.5792021984655489e-15,1.2358363136057655e-15,4.662808704261437e-09,0.0035700629738248278,0.003570062973824822,341.83201532633024,346.27917489373175,0.981428959927202,0.104,9.499999999999999e-08,1e-08,0.0029852150864768667,0.019248898834571274,0.027847860986401515,False,stable,True,True,48,new_factorial_context_execution,False
G2_cooling_half_refine_02,G2_cooling,G2,cooling,-1.0,1.078125,half_step_event_refinement,half_step_event_refinement,1,False,half_step_last_pre_switch_equilibrium,G2_cooling_half_refine_01,abc6561fe9538c9e64342f89b3ac18a97f5dc182b4c117c18943b0821a7256dd,True,True,True,True,207,5.849810805914792e-08,1.4622854888971085e-15,8.477017326939761e-16,2.4941002328557417e-09,0.0023726194223334294,0.002372619422333426,337.3789253443669,346.12752810701727,0.6976003388107362,0.384,9.499999999999999e-08,1e-08,0.2838286211164658,0.3354124451783839,0.37636071215880684,True,stable,True,True,49,new_factorial_context_execution,False
G3_heating_coarse_000,G3_heating,G3,heating,1.0,0.75,coarse,start_endpoint,0,True,uniform_325K,,e9a27334f943e602b2b73a5525a62940deb157f2bfa87d4bd00830ee4f3b45ce,True,True,True,True,38,8.303692328564737e-08,9.02168095741086e-16,4.510840478705433e-16,8.274665324993743e-08,1.5022175157874617e-05,1.502217515787463e-05,325.05536543750355,325.05558680269957,0.0032088966119915596,0.0,9.499999999999999e-08,1e-08,,,,False,stable,True,True,0,new_factorial_context_execution,False
G3_heating_coarse_001,G3_heating,G3,heating,1.0,0.775,coarse,coarse,1,True,immediately_preceding_accepted_protocol_equilibrium,G3_heating_coarse_000,906f00d2201a0adb0967c770156473c9c2d83b0914accb047aa7e239868309e1,True,True,True,True,32,6.964661525655229e-08,1.7457520570463904e-15,1.1262916497073487e-15,6.939619503660777e-08,1.552629092014144e-05,1.552629092014141e-05,325.05913084388436,325.0593672430496,0.0032149966660479186,0.0,9.499999999999999e-08,1e-08,6.100054056358984e-06,0.032468524830541384,0.06367922407262505,False,not_evaluated,False,False,1,new_factorial_context_execution,False
G3_heating_coarse_002,G3_heating,G3,heating,1.0,0.8,coarse,coarse,2,True,immediately_preceding_accepted_protocol_equilibrium,G3_heating_coarse_001,3d109ebf960932f9e9af4b3284bf058d18f3a4c70cb20761d33c535ac64842c9,True,True,True,True,32,6.776473955420961e-08,0.0,2.6419018573065784e-16,6.752258826857155e-08,1.6030742113142897e-05,1.6030742113142897e-05,325.06302143223047,325.0632733623448,0.003221311660021831,0.0,9.499999999999999e-08,1e-08,6.314993973912612e-06,0.03146773801494078,0.06173436674013579,False,not_evaluated,False,False,2,new_factorial_context_execution,False
G3_heating_coarse_003,G3_heating,G3,heating,1.0,0.825,coarse,coarse,3,True,immediately_preceding_accepted_protocol_equilibrium,G3_heating_coarse_002,e09d47cad8bc2ef1079bb86a43d679680bf02c2bad28bc8e1701d3dfd547e76f,True,True,True,True,32,6.60102550372805e-08,2.2538997489950727e-15,1.862727065285184e-15,6.57703426018676e-08,1.653554009924631e-05,1.653554009924627e-05,325.0670373728568,325.0673053313009,0.0032278430875522465,0.0,9.499999999999999e-08,1e-08,6.531427530415308e-06,0.03052806156155857,0.059905994302822896,False,not_evaluated,False,False,3,new_factorial_context_execution,False
G3_heating_coarse_004,G3_heating,G3,heating,1.0,0.85,coarse,coarse,4,True,immediately_preceding_accepted_protocol_equilibrium,G3_heating_coarse_003,23030c1916a7e08ab5bce4aa59256b7b9c089b746779bf20ee587243a8adec3b,True,True,True,True,31,9.862357338679533e-08,1.9882590072110068e-16,2.339128243777655e-16,9.843731611005558e-08,1.7040696291223344e-05,1.704069629122334e-05,325.07117883880244,325.0714633233587,0.0032345924922749535,0.0,9.499999999999999e-08,1e-08,6.749404722707075e-06,0.02964410510838172,0.058183946954071336,False,not_evaluated,False,False,4,new_factorial_context_execution,False
G3_heating_coarse_005,G3_heating,G3,heating,1.0,0.875,coarse,coarse,5,True,immediately_preceding_accepted_protocol_equilibrium,G3_heating_coarse_004,d2f3205b88d20f4de5d03506f1a01945df4fa037e61e710ba2dcd6835f28fe03,True,True,True,True,31,9.62661445653192e-08,1.1585850528844991e-15,1.1034143360804753e-15,9.606060743568556e-08,1.7546222164260747e-05,1.7546222164260727e-05,325.07544601622584,325.0757475251206,0.0032415614854554835,0.0,9.499999999999999e-08,1e-08,6.968993180529997e-06,0.028811094964196343,0.05655934477079164,False,not_evaluated,False,False,5,new_factorial_context_execution,False
G3_heating_coarse_006,G3_heating,G3,heating,1.0,0.9,coarse,coarse,6,True,immediately_preceding_accepted_protocol_equilibrium,G3_heating_coarse_005,b3eb5ca393879054f8dd1b0bfbcf2caa305eb2612550ab9251876a6d5ac9d865,True,True,True,True,31,9.403207956977967e-08,3.753719844608969e-16,2.0853999136716496e-16,9.382704322296466e-08,1.8052129243918833e-05,1.8052129243918826e-05,325.0798390899865,325.08015812187557,0.003248751723211103,0.0,9.499999999999999e-08,1e-08,7.190237755619246e-06,0.028024787149610576,0.055024093646855385,False,not_evaluated,False,False,6,new_factorial_context_execution,False
G3_heating_coarse_007,G3_heating,G3,heating,1.0,0.925,coarse,coarse,7,True,immediately_preceding_accepted_protocol_equilibrium,G3_heating_coarse_006,94f8b31b288ef7eb1dfe0e0499e52bd4f7ded9d0b41db2801dde69f41992b3f5,True,True,True,True,31,9.186684620576292e-08,1.825656561551092e-15,7.894731076977702e-16,9.172564295155751e-08,1.8558429117350595e-05,1.855842911735063e-05,325.0843582532471,325.0846953072388,0.003256164922897233,0.0,9.499999999999999e-08,1e-08,7.413199686129995e-06,0.027281397053073496,0.05357108371521081,False,not_evaluated,False,False,7,new_factorial_context_execution,False
G3_heating_coarse_008,G3_heating,G3,heating,1.0,0.95,coarse,coarse,8,True,immediately_preceding_accepted_protocol_equilibrium,G3_heating_coarse_007,5aecf599c7cb26369c988059efd876aeaeb13a670d2509758b08258da07429b1,True,True,True,True,31,8.990902361331735e-08,8.885675520994348e-16,0.0,8.974637912856229e-08,1.906513343308563e-05,1.9065133433085647e-05,325.08900370515136,325.08935928081956,0.003263802860101322,0.0,9.499999999999999e-08,1e-08,7.637937204089083e-06,0.026577538390352963,0.05219391331944446,False,not_evaluated,False,False,8,new_factorial_context_execution,False
G3_heating_coarse_009,G3_heating,G3,heating,1.0,0.975,coarse,coarse,9,True,immediately_preceding_accepted_protocol_equilibrium,G3_heating_coarse_008,00f34f5bf149c8a8585de980a24e6b5612f4703f09216a4469baf23bf33c1377,True,True,True,True,31,8.799536775621574e-08,3.4621784550615793e-16,1.7754761308008103e-16,8.787968989909261e-08,1.957225390311048e-05,1.9572253903110486e-05,325.0937756508705,325.09415024826933,0.0032716673695254517,0.0,9.499999999999999e-08,1e-08,7.864509424129838e-06,0.025910172253807522,0.05088682854198395,False,not_evaluated,False,False,9,new_factorial_context_execution,False
G3_heating_coarse_010,G3_heating,G3,heating,1.0,1.0,coarse,coarse,10,True,immediately_preceding_accepted_protocol_equilibrium,G3_heating_coarse_009,a52b9421a1e5b343fd4b29b202033f36e834348264a61b40f3f203739656f316,True,True,True,True,31,8.624058202097443e-08,5.061999721246897e-16,1.6873332404156329e-16,8.611796780127444e-08,2.007980230498285e-05,2.0079802304982862e-05,325.0986743016537,325.09906842133046,0.0032797603459016936,0.0,9.499999999999999e-08,1e-08,8.092976376241918e-06,0.025276563691387685,0.04964464332145374,False,not_evaluated,False,False,10,new_factorial_context_execution,False
G3_heating_coarse_011,G3_heating,G3,heating,1.0,1.025,coarse,coarse,11,True,immediately_preceding_accepted_protocol_equilibrium,G3_heating_coarse_010,1ec8c5101118c951791ed514059b2c0e4cd9ea9664df99c15e2d690d281f4c2b,True,True,True,True,31,8.458831553255535e-08,8.228497836262322e-16,4.816681660251116e-16,8.445350881514512e-08,2.0587790483981045e-05,2.058779048398103e-05,325.10369987487843,325.1041140178886,0.0032880837449418107,0.0,9.499999999999999e-08,1e-08,8.323399040117106e-06,0.024674244639969953,0.04846267111031597,False,not_evaluated,False,False,11,new_factorial_context_execution,False
G3_heating_coarse_012,G3_heating,G3,heating,1.0,1.05,coarse,coarse,12,True,immediately_preceding_accepted_protocol_equilibrium,G3_heating_coarse_011,0d6f5e2040fda6d45f8bbb5944438bbcfadf7ded7dc9498d37b9ee488049baca,True,True,True,True,31,8.302434225794688e-08,6.424146365405388e-16,6.118234633719417e-16,8.287996859875531e-08,2.1096230355289517e-05,2.109623035528953e-05,325.1088525941038,325.1092872620244,0.003296639584321064,0.0,9.499999999999999e-08,1e-08,8.555839379253104e-06,0.02410098215395096,0.04733666616335542,False,not_evaluated,False,False,12,new_factorial_context_execution,False
G3_heating_coarse_013,G3_heating,G3,heating,1.0,1.075,coarse,coarse,13,True,immediately_preceding_accepted_protocol_equilibrium,G3_heating_coarse_012,75b3aa2d9fd18f92bc389d96d3e67ca1368e3d5782c7ca88fc3a4c2027333041,True,True,True,True,31,8.148428713104128e-08,4.704620397712042e-16,1.45879702254637e-16,8.13908943735359e-08,2.1605133906222835e-05,2.1605133906222845e-05,325.1141326891249,325.11458838406884,0.0033054299446981083,0.0,9.499999999999999e-08,1e-08,8.790360377044452e-06,0.02355475106714062,0.04626277292114101,False,not_evaluated,False,False,13,new_factorial_context_execution,False
G3_heating_coarse_014,G3_heating,G3,heating,1.0,1.1,coarse,coarse,14,True,immediately_preceding_accepted_protocol_equilibrium,G3_heating_coarse_013,149f4b602acb40221e890af4fea3f91851574af40c7b8bca3f597e93d619a7d6,True,True,True,True,31,8.008531556343039e-08,1.0724596246026144e-15,1.114243765820898e-15,7.998098466070093e-08,2.211451319848838e-05,2.2114513198488356e-05,325.1195403960297,325.1200176206603,0.003314456970770808,0.0,9.499999999999999e-08,1e-08,9.027026072699548e-06,0.023033710382571907,0.04523748220599123,False,not_evaluated,False,False,14,new_factorial_context_execution,False
G3_heating_coarse_015,G3_heating,G3,heating,1.0,1.125,coarse,coarse,15,True,immediately_preceding_accepted_protocol_equilibrium,G3_heating_coarse_014,bdac209d651a64da9b7df53c2fc1e444e4b4f1412f580132b819256e87680b6d,True,True,True,True,31,7.873166515905529e-08,2.0965809568915513e-15,1.5973950147745151e-15,7.864525121685158e-08,2.2624380370490224e-05,2.2624380370490177e-05,325.12507595725737,325.1255752148022,0.0033237228723698464,0.0,9.499999999999999e-08,1e-08,9.265901599038538e-06,0.02253618281041993,0.044257593192850546,False,not_evaluated,False,False,15,new_factorial_context_execution,False
G3_heating_coarse_016,G3_heating,G3,heating,1.0,1.15,coarse,representative_mid_protocol_state,16,True,immediately_preceding_accepted_protocol_equilibrium,G3_heating_coarse_015,0cfae08013dd9561eb796940553ff03f810d734ab3cb528f32e14836c519b34c,True,True,True,True,31,7.747410213022371e-08,1.4645207467950289e-16,0.0,7.737895819079804e-08,2.3134747639675442e-05,2.3134747639675446e-05,325.13073962165834,325.13126141592414,0.0033332299255906263,0.0,9.499999999999999e-08,1e-08,9.507053220779958e-06,0.022060636974917877,0.043320180280044,False,stable,True,True,16,new_factorial_context_execution,False
G3_heating_coarse_017,G3_heating,G3,heating,1.0,1.175,coarse,coarse,17,True,immediately_preceding_accepted_protocol_equilibrium,G3_heating_coarse_016,1804f8b1aad889c860a53aee81f1be78821087c7d29dd68731af3e7cc3938a99,True,True,True,True,31,7.62440506045136e-08,7.164393960298142e-16,3.6584139371735195e-16,7.617815186197535e-08,2.364562730492424e-05,2.3645627304924224e-05,325.1365316445569,325.13707647994414,0.0033429804739644443,0.0,9.499999999999999e-08,1e-08,9.750548373817919e-06,0.021605671892765025,0.042422564141028365,False,not_evaluated,False,False,17,new_factorial_context_execution,False
G3_heating_coarse_018,G3_heating,G3,heating,1.0,1.2,coarse,coarse,18,True,immediately_preceding_accepted_protocol_equilibrium,G3_heating_coarse_017,82122fb03f70cfce3e88e1bc8d6f9d43feddcfcf5a9f40fab5d99024a3f27e3a,True,True,True,True,31,7.510479083732148e-08,1.6830536918060562e-15,1.4025447431717135e-15,7.503875179163671e-08,2.4157031748985655e-05,2.4157031748985615e-05,325.1424522878159,325.14302066933334,0.0033529769296704753,0.0,9.499999999999999e-08,1e-08,9.996455706031034e-06,0.02117000339178211,0.041562286356238945,False,not_evaluated,False,False,18,new_factorial_context_execution,False
G3_heating_coarse_019,G3_heating,G3,heating,1.0,1.225,coarse,coarse,19,True,immediately_preceding_accepted_protocol_equilibrium,G3_heating_coarse_018,20896a0da64f6046376769592fc1dd88aaec31d4d817d0d04855087ad29eb854,True,True,True,True,31,7.402026534666314e-08,1.2360946503969115e-15,6.727045716445781e-16,7.395750980929732e-08,2.4668973440960507e-05,2.4668973440960538e-05,325.14850181990244,325.14909425318183,0.003363221774788981,0.0,9.499999999999999e-08,1e-08,1.0244845118505524e-05,0.020752452192632418,0.04073708711430102,False,not_evaluated,False,False,19,new_factorial_context_execution,False
G3_heating_coarse_020,G3_heating,G3,heating,1.0,1.25,coarse,coarse,20,True,immediately_preceding_accepted_protocol_equilibrium,G3_heating_coarse_019,ae03b2bb3dc3d7e1e87d5731e9b86394a8a08ea05137c842369f0190c8ed83f3,True,True,True,True,31,7.300121796605414e-08,3.0946186545016805e-15,2.798611652766738e-15,7.293115403208349e-08,2.5181464938833894e-05,2.5181464938833972e-05,325.1546805159572,325.1552975072685,0.003373717562597709,0.0,9.499999999999999e-08,1e-08,1.0495787808728098e-05,0.020351933420801202,0.03994488556387036,False,not_evaluated,False,False,20,new_factorial_context_execution,False
G3_heating_coarse_021,G3_heating,G3,heating,1.0,1.275,coarse,coarse,21,True,immediately_preceding_accepted_protocol_equilibrium,G3_heating_coarse_020,4e76fa57f29cd77516b5bac48d61d91724e601c2ec06209b9c84310fcdfed5a3,True,True,True,True,31,7.201422225553406e-08,1.3186204432356322e-15,1.2410545348100069e-15,7.195647720322858e-08,2.5694518892058127e-05,2.5694518892058093e-05,325.1609886578649,325.161630714131,0.003384466918912076,0.0,9.499999999999999e-08,1e-08,1.0749356314366902e-05,0.01996744735247064,0.039183762450427415,False,not_evaluated,False,False,21,new_factorial_context_execution,False
G3_heating_coarse_022,G3_heating,G3,heating,1.0,1.3,coarse,coarse,22,True,immediately_preceding_accepted_protocol_equilibrium,G3_heating_coarse_021,36bb547bffc141503de9f1d5b960db556ab6ec1fc042d3465394ae525f5c6c97,True,True,True,True,31,7.108912577222742e-08,2.58555605173223e-16,0.0,7.103100564663821e-08,2.620814804418781e-05,2.6208148044187817e-05,325.16742653432726,325.1680941631395,0.0033954725434704527,0.0,9.499999999999999e-08,1e-08,1.1005624558376934e-05,0.019598071228218297,0.038451944736259444,False,not_evaluated,False,False,22,new_factorial_context_execution,False
G3_heating_coarse_023,G3_heating,G3,heating,1.0,1.3250000000000002,coarse,coarse,23,True,immediately_preceding_accepted_protocol_equilibrium,G3_heating_coarse_022,6e8a5c0ee9b0f6df9d1425910dd6865bd5defdac5c83021bead077536556d5c3,True,True,True,True,31,7.021197981701259e-08,2.02864185660159e-15,1.3396691505859563e-15,7.015196492069036e-08,2.6722365235571285e-05,2.672236523557134e-05,325.17399444093854,325.17468815057157,0.0034067372113664673,0.0,9.499999999999999e-08,1e-08,1.1264667896014515e-05,0.019242951993597424,0.0377477919463005,False,not_evaluated,False,False,23,new_factorial_context_execution,False
G3_heating_coarse_024,G3_heating,G3,heating,1.0,1.35,coarse,coarse,24,True,immediately_preceding_accepted_protocol_equilibrium,G3_heating_coarse_023,c77f50315604e2827d8bf777650791a1e4a344cd84a181ea2561af56ccb77f39,True,True,True,True,31,6.937969137281862e-08,1.1195425623314965e-15,9.214342076802442e-16,6.93173002189284e-08,2.7237183406097022e-05,2.7237183406097052e-05,325.18069268026284,325.18141297969044,0.0034182637745286994,0.0,9.499999999999999e-08,1e-08,1.152656316223211e-05,0.01890129984624236,0.037069784012731935,False,not_evaluated,False,False,24,new_factorial_context_execution,False
G3_heating_coarse_025,G3_heating,G3,heating,1.0,1.375,coarse,coarse,25,True,immediately_preceding_accepted_protocol_equilibrium,G3_heating_coarse_024,3abefc76a88bb4eb2ddb34d31311cdbc76c2a3dc8218676deb4b9b893e0ca756,True,True,True,True,31,6.858901618768306e-08,1.7091666505718361e-15,1.4206060472285395e-15,6.852471803471846e-08,2.775261559799964e-05,2.7752615597999688e-05,325.1875215619148,325.1882689608253,0.0034300551632502852,0.0,9.499999999999999e-08,1e-08,1.1791388721585881e-05,0.01857238248706799,0.03641651043659328,False,not_evaluated,False,False,25,new_factorial_context_execution,False
G3_heating_coarse_026,G3_heating,G3,heating,1.0,1.4,coarse,coarse,26,True,immediately_preceding_accepted_protocol_equilibrium,G3_heating_coarse_025,ae893676060ee3b91de4c2689aa4deef4bf951bc528ddbc47b515992daf4d186,True,True,True,True,31,6.783808380506207e-08,1.5581102871475886e-15,1.3697672854044739e-15,6.777219805347831e-08,2.8268674958726728e-05,2.8268674958726772e-05,325.19448140264154,325.19525641145356,0.003442114387768939,0.0,9.499999999999999e-08,1e-08,1.2059224518653697e-05,0.018255519987426118,0.03578666059653085,False,not_evaluated,False,False,26,new_factorial_context_execution,False
G3_heating_coarse_027,G3_heating,G3,heating,1.0,1.425,coarse,coarse,27,True,immediately_preceding_accepted_protocol_equilibrium,G3_heating_coarse_026,e796550b483b86c8e8719d8a4057f24682f77b0a13822f564ab492db2ca1c275,True,True,True,True,31,6.712539822039706e-08,1.0593291340648633e-15,8.259876289004784e-16,6.705794309662679e-08,2.8785374743868474e-05,2.8785374743868504e-05,325.2015725264083,325.2023756562864,0.0034544445398995414,0.0,9.499999999999999e-08,1e-08,1.2330152130602453e-05,0.01795008019660426,0.035179015070091156,False,not_evaluated,False,False,27,new_factorial_context_execution,False
G3_heating_coarse_028,G3_heating,G3,heating,1.0,1.4500000000000002,coarse,coarse,28,True,immediately_preceding_accepted_protocol_equilibrium,G3_heating_coarse_027,5c218431a56a48e6d38220f3985b2751b0056cb9bfac2adbd4cc2119f7073b3a,True,True,True,True,31,6.64494228770892e-08,4.625005224086259e-16,4.784488162847853e-16,6.638030008204761e-08,2.9302728320153012e-05,2.9302728320153e-05,325.2087952644859,325.20962702735665,0.003467048794720706,0.0,9.499999999999999e-08,1e-08,1.260425482116443e-05,0.017655474624481547,0.03459243784419226,False,not_evaluated,False,False,28,new_factorial_context_execution,False
G3_heating_coarse_029,G3_heating,G3,heating,1.0,1.475,coarse,coarse,29,True,immediately_preceding_accepted_protocol_equilibrium,G3_heating_coarse_028,83a86e1b8bcc2d843691db0f8926adab455270003f9b2ccc102165ff15662d18,True,True,True,True,31,6.580888142682482e-08,7.953161199640631e-16,4.621691738289957e-16,6.573752380984714e-08,2.9820749168509315e-05,2.982074916850934e-05,325.21614995554125,325.2170108641095,0.003479930412317074,0.0,9.499999999999999e-08,1e-08,1.288161759636832e-05,0.017371154742930887,0.03402586931085523,False,not_evaluated,False,False,29,new_factorial_context_execution,False
G3_heating_coarse_030,G3_heating,G3,heating,1.0,1.5,coarse,coarse,30,True,immediately_preceding_accepted_protocol_equilibrium,G3_heating_coarse_029,44a31d8fd2a3978ef381ad95f9f4528c4229c6d4f9f8cb3749032949599dcf4e,True,True,True,True,30,9.960497408357203e-08,6.700447815925748e-16,7.444942017695275e-16,9.949612353713876e-08,3.033945087339588e-05,3.03394508733959e-05,325.2236369379432,325.2245275056795,0.0034930927258620967,0.0,9.499999999999999e-08,1e-08,1.3162313545022567e-05,0.017096608209919956,0.03347828629949397,False,not_evaluated,False,False,30,new_factorial_context_execution,False
G3_heating_coarse_031,G3_heating,G3,heating,1.0,1.525,coarse,coarse,31,True,immediately_preceding_accepted_protocol_equilibrium,G3_heating_coarse_030,949d57cbe946ac414ae8070ee5a851146eec76a3795c6989cfd6902597d40b5f,True,True,True,True,30,9.870291169538756e-08,1.3175340358702852e-15,8.639567448329743e-16,9.859068499554461e-08,3.085884718063497e-05,3.085884718063501e-05,325.2312565808168,325.23217732205933,0.0035065391979514494,0.0,9.499999999999999e-08,1e-08,1.344647208935271e-05,0.016831358093151106,0.03294886497386651,False,not_evaluated,False,False,31,new_factorial_context_execution,False
G3_heating_coarse_032,G3_heating,G3,heating,1.0,1.55,coarse,end_endpoint,32,True,immediately_preceding_accepted_protocol_equilibrium,G3_heating_coarse_031,3cbd583acd356b3cbf48f9e31ad091455dfa3fdd93c1d3ddd0bb078d42cf0570,True,True,True,True,30,9.784671898761168e-08,4.3189865585013077e-16,6.966107352421463e-16,9.773237458801253e-08,3.1378951919617794e-05,3.137895191961778e-05,325.2390092379893,325.2399606678756,0.0035202733413892684,0.0,9.499999999999999e-08,1e-08,1.373414343781897e-05,0.016574955731955405,0.032436637873033254,False,stable,True,True,32,new_factorial_context_execution,False
G3_cooling_coarse_000,G3_cooling,G3,cooling,-1.0,1.55,coarse,start_endpoint,0,True,uniform_360K,,b9838e2db1490b6a65bfd747fd0ff7d39eabe30546ae638c88c561acd3dfb2c5,True,True,True,True,38,1.6395330433768277e-08,1.1111208932411666e-15,1.4337043783756987e-15,5.59476384833715e-09,0.005464330841811478,0.005464330841811472,366.6269398263468,367.41128546971447,0.9999999934639877,0.0,9.499999999999999e-08,3.0000000000000004e-08,,,,False,stable,True,True,0,new_factorial_context_execution,False
G3_cooling_coarse_001,G3_cooling,G3,cooling,-1.0,1.5250000000000001,coarse,coarse,1,True,immediately_preceding_accepted_protocol_equilibrium,G3_cooling_coarse_000,d6bb323919efefcad4ac2c241dec325993692cba2c7de312656ca36a8952c27d,True,True,True,True,34,7.115648622580398e-09,7.573311477486771e-15,6.339709642821163e-15,6.999272697999603e-09,0.005382850263935399,0.00538285026393544,365.3448384257509,366.1054117545922,0.9999999875643102,0.0,9.499999999999999e-08,1e-08,5.8996775242903254e-09,0.01491135515672164,0.030799663604964434,False,not_evaluated,False,False,1,new_factorial_context_execution,False
G3_cooling_coarse_002,G3_cooling,G3,cooling,-1.0,1.5,coarse,coarse,2,True,immediately_preceding_accepted_protocol_equilibrium,G3_cooling_coarse_001,a0e1151752333b59e3d11ee0b5ed68fce2c11b02374864bde5c740226c551fa7,True,True,True,True,34,7.387437095260566e-09,1.9634421678059355e-15,1.0908012043366308e-15,7.2814470423129355e-09,0.0053010682089463974,0.005301068208946387,364.08053677950403,364.8176442832049,0.9999999765457849,0.0,9.499999999999999e-08,1e-08,1.1018525314376859e-08,0.015193076340416556,0.03133724862557619,False,not_evaluated,False,False,2,new_factorial_context_execution,False
G3_cooling_coarse_003,G3_cooling,G3,cooling,-1.0,1.475,coarse,coarse,3,True,immediately_preceding_accepted_protocol_equilibrium,G3_cooling_coarse_002,ca0f222901fe357eca93bc42155a12a0d3da5c18c5e0902db8d820171d83a5ac,True,True,True,True,34,7.728476974230887e-09,0.0,1.1267354534383184e-15,7.574636095286192e-09,0.005218987779863228,0.005218987779863228,362.8341690292693,363.5481206039976,0.9999999561536063,0.0,9.499999999999999e-08,1e-08,2.039217861238285e-08,0.015483752679251582,0.031892155984819696,False,not_evaluated,False,False,3,new_factorial_context_execution,False
G3_cooling_coarse_004,G3_cooling,G3,cooling,-1.0,1.45,coarse,coarse,4,True,immediately_preceding_accepted_protocol_equilibrium,G3_cooling_coarse_003,6ba1fec722aa5c21f5966318dc11e6e592a70850c5a1312dfc38b3c046f49cff,True,True,True,True,34,8.083228205381353e-09,4.052609252648148e-15,3.842991532683589e-15,7.879386443244881e-09,0.005136612097038246,0.005136612097038267,361.6058674009668,362.29697619837003,0.9999999187586438,0.0,9.499999999999999e-08,1e-08,3.739496245991347e-08,0.015783842825388084,0.03246527466399957,False,not_evaluated,False,False,4,new_factorial_context_execution,False
G3_cooling_coarse_005,G3_cooling,G3,cooling,-1.0,1.425,coarse,coarse,5,True,immediately_preceding_accepted_protocol_equilibrium,G3_cooling_coarse_004,80146e1df189c22e96521f33ed9ffdb7d329c268ecb412ce918775b3cef3f97b,True,True,True,True,34,8.452457767845928e-09,4.46213967963738e-15,3.8539398042752e-15,8.196332569153538e-09,0.005053944252487218,0.0050539442524871955,360.39576238752477,361.0643446983003,0.9999998508169654,0.0,9.499999999999999e-08,1e-08,6.794167839441201e-08,0.016093846097254238,0.03305755050573308,False,not_evaluated,False,False,5,new_factorial_context_execution,False
G3_cooling_coarse_006,G3_cooling,G3,cooling,-1.0,1.4,coarse,coarse,6,True,immediately_preceding_accepted_protocol_equilibrium,G3_cooling_coarse_005,f00e79181e33482647d1717fb5eb0076542adab7fad09245ce783e1308bb3862,True,True,True,True,34,8.837338917773078e-09,5.234544145835774e-16,1.2463200347228027e-15,8.526249021854611e-09,0.004970987236845142,0.004970987236845145,359.20398226310266,359.85035733895006,0.9999997285250024,0.0,9.499999999999999e-08,1e-08,1.2229196300062029e-07,0.01641431157481605,0.033670009637115625,False,not_evaluated,False,False,6,new_factorial_context_execution,False
G3_cooling_coarse_007,G3_cooling,G3,cooling,-1.0,1.375,coarse,coarse,7,True,immediately_preceding_accepted_protocol_equilibrium,G3_cooling_coarse_006,629752453479ec64b554063a45596ad5d8bedf4996a3e06163320fba3910ba3e,True,True,True,True,34,9.239042962998184e-09,4.7913245461873105e-15,3.4845996699544077e-15,8.870133689351996e-09,0.004887743816962335,0.004887743816962312,358.03065231726634,358.6551420968118,0.9999995104713447,0.0,9.499999999999999e-08,1e-08,2.1805365768567953e-07,0.016745852668018008,0.03430377554065056,False,not_evaluated,False,False,7,new_factorial_context_execution,False
G3_cooling_coarse_008,G3_cooling,G3,cooling,-1.0,1.35,coarse,coarse,8,True,immediately_preceding_accepted_protocol_equilibrium,G3_cooling_coarse_007,3a572574ed6be37fa9b5a3bccd60f025201eecd902df6119e10fa30adb622a24,True,True,True,True,34,9.659706719821002e-09,5.95787853169095e-15,3.878304768104097e-15,9.229344733814381e-09,0.004804216333274863,0.004804216333274834,356.8758936466237,357.47882233336884,0.9999991253487897,0.0,9.499999999999999e-08,1e-08,3.8512255506883974e-07,0.01708916973054123,0.03496009431753985,False,not_evaluated,False,False,8,new_factorial_context_execution,False
G3_cooling_coarse_009,G3_cooling,G3,cooling,-1.0,1.325,coarse,coarse,9,True,immediately_preceding_accepted_protocol_equilibrium,G3_cooling_coarse_008,a262bce9c0cf2d3b55f8b4159a9a8dcef2b6eb5ff11ddb46d5b4706a12f48353,True,True,True,True,34,1.0101963922896014e-08,5.144923290013545e-15,4.437669684108718e-15,9.605835454175106e-09,0.004720406368509988,0.004720406368509964,355.7398212572399,356.3215146723967,0.999998451639537,0.0,9.499999999999999e-08,3.0000000000000004e-08,6.737092526076793e-07,0.017445085514653395,0.03564037287994067,False,not_evaluated,False,False,9,new_factorial_context_execution,False
G3_cooling_coarse_010,G3_cooling,G3,cooling,-1.0,1.3,coarse,coarse,10,True,immediately_preceding_accepted_protocol_equilibrium,G3_cooling_coarse_009,ec2e3e604d57efb8b5545a498ed3f9d95f5b56bf44770c849993446120daea47,True,True,True,True,34,1.0570351031075891e-08,6.173640534232664e-15,4.60504655234138e-15,1.0002531861790048e-08,0.004636314212805869,0.0046363142128058405,354.6225411094981,355.1833257071121,0.9999972844149482,0.0,9.499999999999999e-08,1e-08,1.1672245888716404e-06,0.017814600934593448,0.03634623742406808,False,not_evaluated,False,False,10,new_factorial_context_execution,False
G3_cooling_coarse_011,G3_cooling,G3,cooling,-1.0,1.275,coarse,coarse,11,True,immediately_preceding_accepted_protocol_equilibrium,G3_cooling_coarse_010,35b1a97f601f0553bf67af605bfe61211fc98ffd955e8e9e72c927e3586984a1,True,True,True,True,34,1.1071546823818921e-08,4.5731470114823236e-15,3.4373327210488056e-15,1.0423960948166972e-08,0.004551938011057782,0.004551938011057761,353.5241455645366,354.06434694741677,0.9999952817002502,0.0,9.499999999999999e-08,1e-08,2.002714697968422e-06,0.01819898261317876,0.03707962345471516,False,not_evaluated,False,False,11,new_factorial_context_execution,False
G3_cooling_coarse_012,G3_cooling,G3,cooling,-1.0,1.25,coarse,coarse,12,True,immediately_preceding_accepted_protocol_equilibrium,G3_cooling_coarse_011,1f934a8b49b319134e9b0cc7c49ccae37e4f19ccaa6f635472499ea0c4ac5f04,True,True,True,True,34,1.1616461870002033e-08,2.7182278553185712e-15,2.174582284254858e-15,1.0877266059310899e-08,0.004467272420918692,0.004467272420918704,352.4447064509585,352.96464716005005,0.9999918788161366,0.0,9.499999999999999e-08,1e-08,3.4028841136013455e-06,0.01859989963251172,0.03784291443590238,False,not_evaluated,False,False,12,new_factorial_context_execution,False
G3_cooling_coarse_013,G3_cooling,G3,cooling,-1.0,1.225,coarse,coarse,13,True,immediately_preceding_accepted_protocol_equilibrium,G3_cooling_coarse_012,79efe7ecd8c6e42622f59bc4c89ce11a670671bd3c8eb0e6f6160de8a474a5b9,True,True,True,True,34,1.2222005713138143e-08,3.562624199683278e-15,2.100413360357491e-15,1.1373859394665004e-08,0.004382306527076075,0.004382306527076091,351.38426464045943,351.8842609035095,0.9999861531095466,0.0,9.499999999999999e-08,1e-08,5.725706589965185e-06,0.019019635660621582,0.03863915467234464,False,not_evaluated,False,False,13,new_factorial_context_execution,False
G3_cooling_coarse_014,G3_cooling,G3,cooling,-1.0,1.2,coarse,coarse,14,True,immediately_preceding_accepted_protocol_equilibrium,G3_cooling_coarse_013,d3ecd58ae2dfaf5bfad56dad385c17c396c711ef4dc4773b73fec61d66469807,True,True,True,True,34,1.2915884476498043e-08,5.046297253785983e-15,3.02777835227159e-15,1.1932111346944637e-08,0.0042970206389331585,0.004297020638933137,350.3428145720406,350.8231715857287,0.9999766126287746,0.0,9.499999999999999e-08,1e-08,9.540480772063376e-06,0.01946141549341155,0.039472374550692205,False,not_evaluated,False,False,14,new_factorial_context_execution,False
G3_cooling_coarse_015,G3_cooling,G3,cooling,-1.0,1.175,coarse,coarse,15,True,immediately_preceding_accepted_protocol_equilibrium,G3_cooling_coarse_014,443890ff3a17df70792de8ebac447d067f594d332eb3f355d72a64ca0c3c5143,True,True,True,True,34,1.3742149310475481e-08,5.148914628837489e-15,3.856208402874034e-15,1.258180226629412e-08,0.004211381429450087,0.004211381429450065,349.32028155271206,349.7812867318448,0.9999608692241471,0.0,9.499999999999999e-08,1e-08,1.574340462751067e-05,0.019929904154319764,0.040348084839588474,False,not_evaluated,False,False,15,new_factorial_context_execution,False
G3_cooling_coarse_016,G3_cooling,G3,cooling,-1.0,1.15,coarse,representative_mid_protocol_state,16,True,immediately_preceding_accepted_protocol_equilibrium,G3_cooling_coarse_015,df3b331253f5999171896ab72b908395db03779f5bf839fa9f8e418c3205a00b,True,True,True,True,34,1.4772183128491282e-08,8.410098245572093e-16,7.313128909193125e-16,1.3371645765126922e-08,0.00412533462826106,0.0041253346282610565,348.31648881272446,348.7584022663063,0.9999351370771348,0.0,9.499999999999999e-08,1e-08,2.5732147012291762e-05,0.020431965764797184,0.04127402497818932,False,stable,True,True,16,new_factorial_context_execution,False
G3_cooling_coarse_017,G3_cooling,G3,cooling,-1.0,1.125,coarse,coarse,17,True,immediately_preceding_accepted_protocol_equilibrium,G3_cooling_coarse_016,09db54222c8db450965184351646e34ec2999a7a658ecf113e8d70786e5f0f4c,True,True,True,True,35,1.0380260011303621e-08,0.0,9.544782287804057e-16,9.265218010393406e-09,0.004038794119643698,0.004038794119643698,347.33110994789786,347.75415122586423,0.9998934679806274,0.0,9.499999999999999e-08,1e-08,4.16690965073796e-05,0.02097781547816918,0.04226129990441953,False,not_evaluated,False,False,17,new_factorial_context_execution,False
G3_cooling_coarse_018,G3_cooling,G3,cooling,-1.0,1.1,coarse,coarse,18,True,immediately_preceding_accepted_protocol_equilibrium,G3_cooling_coarse_017,5a360a7120e4998a42ceeacd82d72910789bc64e3683c1a99769785a72a98e4f,True,True,True,True,35,1.161564730719725e-08,2.1949491101451327e-15,9.977041409750613e-16,1.0168287421864317e-08,0.003951625730088342,0.00395162573008835,346.3636012473312,346.7679311532485,0.9998265877786173,0.0,9.499999999999999e-08,1e-08,6.688020201006672e-05,0.021582776188414914,0.04332607729740416,False,not_evaluated,False,False,18,new_factorial_context_execution,False
G3_cooling_coarse_019,G3_cooling,G3,cooling,-1.0,1.075,coarse,coarse,19,True,immediately_preceding_accepted_protocol_equilibrium,G3_cooling_coarse_018,416168e0a73d9ba3f0dd675c04e6b64812d0de044b6b815625954c342ba72407,True,True,True,True,35,1.3428018065092959e-08,1.122471994819855e-15,8.353279961450086e-16,1.147376387882597e-08,0.0038636230658369566,0.003863623065836961,345.4131028337865,345.79879871386873,0.9997201199018263,0.0,9.499999999999999e-08,1e-08,0.00010646787679102765,0.022269989685844475,0.04449228529247718,False,not_evaluated,False,False,19,new_factorial_context_execution,False
G3_cooling_coarse_020,G3_cooling,G3,cooling,-1.0,1.05,coarse,coarse,20,True,immediately_preceding_accepted_protocol_equilibrium,G3_cooling_coarse_019,888e01b33cfd42bfbc404702ebe9db33ee3f2ad5aac02e06774928ed72c7abc9,True,True,True,True,35,1.6247451161174943e-08,1.1489844768771115e-15,8.754167442873231e-16,1.3489678769014991e-08,0.00377447108922591,0.003774471089225914,344.4782954514312,344.84531792592,0.9995518424429258,0.0,9.499999999999999e-08,1e-08,0.00016827745890046764,0.023074708658654894,0.04579575321639066,False,not_evaluated,False,False,20,new_factorial_context_execution,False
G3_cooling_coarse_021,G3_cooling,G3,cooling,-1.0,1.025,coarse,coarse,21,True,immediately_preceding_accepted_protocol_equilibrium,G3_cooling_coarse_020,ed85c6775ab0104cfb595ad0cda87c429cdba251d10ae15a08076f5dca8d2b63,True,True,True,True,36,1.3717996581276017e-08,3.76736045031401e-15,3.216039408804643e-15,1.1011550546716675e-08,0.0036836899444165853,0.0036836899444165714,343.557183928969,343.9053321753957,0.9992873573738799,0.0,9.499999999999999e-08,1e-08,0.00026448506904597213,0.024051355186811736,0.0472911161345996,False,not_evaluated,False,False,21,new_factorial_context_execution,False
G3_cooling_coarse_022,G3_cooling,G3,cooling,-1.0,1.0,coarse,coarse,22,True,immediately_preceding_accepted_protocol_equilibrium,G3_cooling_coarse_021,c635b1f17ecdf0d50eb8524ef77912c555d86cbb086a62671f6b8a271b35cc45,True,True,True,True,36,1.9465566169065484e-08,1.811762062073287e-15,1.2078413747155254e-15,1.5138516600768417e-08,0.003590544901612955,0.0035905449016129616,342.64675614205345,342.9756073422881,0.9988729962073852,0.0,9.499999999999999e-08,1e-08,0.0004143611664946256,0.02528579880747328,0.04906373027169761,False,not_evaluated,False,False,22,new_factorial_context_execution,False
G3_cooling_coarse_023,G3_cooling,G3,cooling,-1.0,0.975,coarse,coarse,23,True,immediately_preceding_accepted_protocol_equilibrium,G3_cooling_coarse_022,c90189472786b22cac69dd56d55fdf2e9581933f7ad1c051505125adb3711e92,True,True,True,True,37,2.0954688403662893e-08,8.688777380264161e-16,6.3654046741862e-16,1.5840856450965413e-08,0.0034938932718599756,0.0034938932718599786,341.7424051918158,342.05123034096556,0.9982235319411348,0.0,9.499999999999999e-08,1e-08,0.0006494642662504546,0.026918373784870747,0.051252105295443245,False,not_evaluated,False,False,23,new_factorial_context_execution,False
G3_cooling_coarse_024,G3_cooling,G3,cooling,-1.0,0.95,coarse,coarse,24,True,immediately_preceding_accepted_protocol_equilibrium,G3_cooling_coarse_023,d4083d70c0f800c0ae3eb2ebe5f0ff7ebbce5f29aeb30a33ef934d6a2676c91f,True,True,True,True,39,1.9053433461192537e-08,3.835732299758733e-15,3.0955032594544188e-15,1.4137219981822792e-08,0.0033919014814053515,0.0033919014814053645,340.83685945387117,341.12449977747724,0.9971991191106718,0.0,9.499999999999999e-08,3.0000000000000004e-08,0.0010244128304629507,0.02919144419094655,0.0540940512167535,False,not_evaluated,False,False,24,new_factorial_context_execution,False
G3_cooling_coarse_025,G3_cooling,G3,cooling,-1.0,0.925,coarse,coarse,25,True,immediately_preceding_accepted_protocol_equilibrium,G3_cooling_coarse_024,fdf06d035b2401312c1a6d4d2fc044a215dc34185e643adb4c45a4e17c23b3c2,True,True,True,True,41,2.541824286904762e-08,1.850254995662588e-15,1.8573988373446827e-15,1.8784461598750732e-08,0.0032814569776338162,0.00328145697763381,339.91793299669934,340.1825988776156,0.9955567829294213,0.0,9.499999999999999e-08,1e-08,0.0016423361812505366,0.03256123574844375,0.05803533068586829,False,not_evaluated,False,False,25,new_factorial_context_execution,False
G3_cooling_coarse_026,G3_cooling,G3,cooling,-1.0,0.9,coarse,coarse,26,True,immediately_preceding_accepted_protocol_equilibrium,G3_cooling_coarse_025,a7a9056aa3b3154917d103a6904de1b3f1d4dbd72fca795adbfbaf0dc89654b8,True,True,True,True,46,2.401191443096333e-08,9.616845025844873e-16,6.105933349742777e-16,1.7873454473887127e-08,0.0031567172755731366,0.0031567172755731397,338.9628920576881,339.20177311127713,0.9928295976843684,0.0,9.499999999999999e-08,1e-08,0.0027271852450528877,0.038013511349043044,0.06403624665347643,False,not_evaluated,False,False,26,new_factorial_context_execution,False
G3_cooling_coarse_027,G3_cooling,G3,cooling,-1.0,0.875,coarse,coarse,27,True,immediately_preceding_accepted_protocol_equilibrium,G3_cooling_coarse_026,177e27ee59919f7830852514731d5664da915f9d624f66e54f1dfa26633b5fa6,True,True,True,True,55,3.3874474047913486e-08,5.774005717201059e-16,6.59886367680121e-16,2.559254061378376e-08,0.0030043674373389983,0.0030043674373389966,337.9197352447178,338.1279847271944,0.9879286117440768,0.0,9.499999999999999e-08,1e-08,0.004900985940291647,0.04826211058336782,0.07473553474119027,False,not_evaluated,False,False,27,new_factorial_context_execution,False
G3_cooling_coarse_028,G3_cooling,G3,cooling,-1.0,0.85,coarse,coarse,28,True,immediately_preceding_accepted_protocol_equilibrium,G3_cooling_coarse_027,ef56f8c19e3e70574ba2cde47411c4238dd23e92f79c57491632cd8279bf5af8,True,True,True,True,93,4.139447656112874e-08,1.2506313637863475e-15,5.517491310822121e-16,3.205625013802797e-08,0.0027741563600721594,0.002774156360072156,336.5886793988317,336.7544351157434,0.9766500616354291,0.0,9.499999999999999e-08,1e-08,0.011278550108647645,0.07662547343767626,0.10307217791357375,False,not_evaluated,False,False,28,new_factorial_context_execution,False
G3_cooling_coarse_029,G3_cooling,G3,cooling,-1.0,0.825,coarse,coarse,29,True,immediately_preceding_accepted_protocol_equilibrium,G3_cooling_coarse_028,260e0724bda680dc78c0d6f778e32d719b19d46ed646ee843c16a1abbc6dd357,True,True,True,True,73,8.119182576462797e-08,1.4962438897961052e-15,8.370595187670518e-16,7.994131815233807e-08,2.9437522557385864e-05,2.943752255738582e-05,325.11934381109313,325.11982183491455,0.11238745555499413,1.0,9.499999999999999e-08,1e-08,0.864262606080435,0.9893886577623835,0.989703075056219,True,not_evaluated,False,False,29,new_factorial_context_execution,False
G3_cooling_coarse_030,G3_cooling,G3,cooling,-1.0,0.8,coarse,coarse,30,True,immediately_preceding_accepted_protocol_equilibrium,G3_cooling_coarse_029,11aa8324e2f563ecdc5a8d1f9b969ee1a25bc37899a06e0afc79ac1c8c6da542,True,True,True,True,33,7.853485699176469e-08,1.6654849463945506e-15,1.189632104567536e-15,7.832304887354202e-08,2.8480500618709178e-05,2.848050061870913e-05,325.111965009303,325.11241388767894,0.11201553556700512,1.0,9.499999999999999e-08,1e-08,0.0003719199879890084,0.03251027449103626,0.061828084428242426,False,not_evaluated,False,False,30,new_factorial_context_execution,False
G3_cooling_coarse_031,G3_cooling,G3,cooling,-1.0,0.775,coarse,coarse,31,True,immediately_preceding_accepted_protocol_equilibrium,G3_cooling_coarse_030,2aa6e78f371ce9e7e0fd845444e62fb80af5702711a84007e3cd9747562921c6,True,True,True,True,33,7.7939064036715e-08,1.2307037980439134e-15,1.2704039205614591e-15,7.773941469704631e-08,2.7530034394972326e-05,2.7530034394972292e-05,325.1048463193215,325.1052670275559,0.11165774600754254,1.0,9.499999999999999e-08,1e-08,0.0003577895594625846,0.03337252516946559,0.06357957467012669,False,not_evaluated,False,False,31,new_factorial_context_execution,False
G3_cooling_coarse_032,G3_cooling,G3,cooling,-1.0,0.75,coarse,end_endpoint,32,True,immediately_preceding_accepted_protocol_equilibrium,G3_cooling_coarse_031,7f67f29a8ae1285d14ae9ec6208e63384ec1dee972d5b10d49efd7079601a8fa,True,True,True,True,33,7.755199366586241e-08,8.920890635937608e-16,1.0195303583928696e-15,7.736302930614066e-08,2.6585823648120197e-05,2.6585823648120174e-05,325.09798421840134,325.09837772359975,0.11131379898920205,1.0,9.499999999999999e-08,5.0000000000000004e-08,0.000343947018340493,0.0342974779219515,0.06544911527353076,False,stable,True,True,32,new_factorial_context_execution,False
G3_cooling_event_refine_01,G3_cooling,G3,cooling,-1.0,0.8374999999999999,event_refinement,event_refinement,0,False,last_accepted_pre_switch_equilibrium,G3_cooling_coarse_028,292d1bb88b901d3d502d24d9aaecc2f19652e4f6771d817d11da78acd903298e,True,True,True,True,117,9.03751489458654e-08,1.5854305525287458e-15,1.0817436605739849e-15,8.908832745369645e-08,2.9918588972934978e-05,2.9918588972935026e-05,325.1231319093588,325.12362487432404,0.11257880894228837,1.0,9.499999999999999e-08,1e-08,0.8640712526931408,0.9892152477763883,0.9893762403360206,True,not_evaluated,False,False,33,new_factorial_context_execution,False
G3_cooling_event_refine_02,G3_cooling,G3,cooling,-1.0,0.84375,event_refinement,event_refinement,1,False,last_accepted_pre_switch_equilibrium,G3_cooling_coarse_028,11887371c0c538739baf8f5aa9da934eb0376f835453637634c6320d3db582ed,True,True,True,True,136,4.817851433950142e-08,1.2997968404291612e-15,1.3479374641487596e-15,3.7756040437029776e-08,0.002669222484652358,0.0026692224846523614,336.06824070498504,336.21672282010627,0.9698495788202666,0.0,9.499999999999999e-08,1e-08,0.006800482815162545,0.037825508659170184,0.044932763371619125,False,not_evaluated,False,False,34,new_factorial_context_execution,False
G3_cooling_event_refine_03,G3_cooling,G3,cooling,-1.0,0.840625,event_refinement,last_pre_switch|half_step_pre_switch,2,False,last_accepted_pre_switch_equilibrium,G3_cooling_event_refine_02,88584feb9c3b671c408d98aa6cbe81eb34ef93e2f172628c75fd7f8ee3a35485,True,True,True,True,325,5.493954151057089e-08,8.451105518126805e-16,8.042687779332574e-16,4.357569649760789e-08,0.002565823300064105,0.002565823300064103,335.5999818646506,335.7328716055765,0.9621155284248273,0.0,9.499999999999999e-08,1e-08,0.007734050395439285,0.03873756690676146,0.04232895617292021,False,stable,True,True,35,new_factorial_context_execution,False
G3_cooling_event_reachability_confirmation,G3_cooling,G3,cooling,-1.0,0.8374999999999999,event_reachability_confirmation,first_post_switch|half_step_post_switch,3,False,final_refined_pre_switch_equilibrium,G3_cooling_event_refine_03,5b1c25fe9f7f525bf5e6937b47c698da276d4b8557f0b527039f2f9e0af5245a,True,True,True,True,99,9.880191142966516e-08,4.529801577165318e-16,1.3521795752732294e-16,9.737903456351291e-08,2.9918588982764606e-05,2.991858898276462e-05,325.12313191042,325.1236248753887,0.11257880899593863,1.0,9.499999999999999e-08,1e-08,0.8495367194288886,0.988339575456339,0.9883848326032444,True,stable,True,True,36,new_factorial_context_execution,False
G3_cooling_half_anchor,G3_cooling,G3,cooling,-1.0,0.9,half_step_anchor_reused,half_step_anchor_reused,0,False,accepted_coarse_window_anchor_reused_without_solve,G3_cooling_coarse_026,a7a9056aa3b3154917d103a6904de1b3f1d4dbd72fca795adbfbaf0dc89654b8,True,True,True,True,46,2.401191443096333e-08,9.616845025844873e-16,6.105933349742777e-16,1.7873454473887127e-08,0.0031567172755731366,0.0031567172755731397,338.9628920576881,339.20177311127713,0.9928295976843684,0.0,9.499999999999999e-08,1e-08,,,,False,not_evaluated,False,False,37,new_factorial_context_execution,False
G3_cooling_half_001,G3_cooling,G3,cooling,-1.0,0.8875000000000001,half_step_continuation,half_step_continuation,1,False,immediately_preceding_accepted_half_step_equilibrium,G3_cooling_half_anchor,4bb33f331f3c73d1f0dbc0bef122c465eff9822c0a24852f3ef29d98cd55675e,True,True,True,True,47,3.1589661971400275e-08,1.4055687847211133e-16,0.0,2.3672617260816787e-08,0.003085447497898516,0.0030854474978985165,338.45803476233186,338.68241678234057,0.9907709748550334,0.0,9.499999999999999e-08,1e-08,0.0020586228293349995,0.022577181119801344,0.036169013878322276,False,not_evaluated,False,False,38,new_factorial_context_execution,False
G3_cooling_half_002,G3_cooling,G3,cooling,-1.0,0.875,half_step_continuation,half_step_continuation,2,False,immediately_preceding_accepted_half_step_equilibrium,G3_cooling_half_001,7c37be4746921ba2ffb6b44b0e73369c95cc6138708c56776b36ef720e6d184c,True,True,True,True,53,3.159501712564068e-08,4.33050429177771e-16,3.2994318413544455e-16,2.387053325972058e-08,0.003004367434649315,0.0030043674346493165,337.9197352108912,338.1279846916732,0.9879286115411751,0.0,9.499999999999999e-08,1e-08,0.0028423633138583426,0.026278218412215452,0.040013654280102555,False,not_evaluated,False,False,39,new_factorial_context_execution,False
G3_cooling_half_003,G3_cooling,G3,cooling,-1.0,0.8625,half_step_continuation,half_step_continuation,3,False,immediately_preceding_accepted_half_step_equilibrium,G3_cooling_half_002,8958f5d0400158c041fff8cdca82cb62480c5098a6d557418e2440510fa2f4ca,True,True,True,True,63,3.8085930064483174e-08,3.7297952208190925e-15,3.4595202048177087e-15,2.9070135713373952e-08,0.0029068678259698264,0.0029068678259698156,337.32178063691623,337.51134399383335,0.9837500696304321,0.0,9.499999999999999e-08,1e-08,0.004178541910742961,0.03245262465403784,0.04630245995676521,False,not_evaluated,False,False,40,new_factorial_context_execution,False
G3_cooling_half_004,G3_cooling,G3,cooling,-1.0,0.85,half_step_continuation,half_step_continuation,4,False,immediately_preceding_accepted_half_step_equilibrium,G3_cooling_half_003,db74ab939397e2a694e9c9201ad508b10c99a133c5747b915505d037a2b4f0e2,True,True,True,True,90,4.173797414392795e-08,7.816446020444153e-16,3.678327539032544e-16,3.232239126669643e-08,0.0027741563612151605,0.0027741563612151627,336.5886794066929,336.7544351239314,0.9766500617257993,0.0,9.499999999999999e-08,1e-08,0.007100007904632832,0.04565445445060408,0.05952546470595015,False,not_evaluated,False,False,41,new_factorial_context_execution,False
G3_cooling_half_005,G3_cooling,G3,cooling,-1.0,0.8375,half_step_continuation,half_step_continuation,5,False,immediately_preceding_accepted_half_step_equilibrium,G3_cooling_half_004,0bbc9f1cc0777b14174b358e9645bc38cd7f74fa3213968b6442e4053c85d6dc,True,True,True,True,117,9.037515039840201e-08,2.038410710394101e-15,1.4873975332892284e-15,8.908833083414476e-08,2.9918588972934978e-05,2.991858897293504e-05,325.1231319093588,325.12362487432404,0.11257880894228839,1.0,9.499999999999999e-08,1e-08,0.8640712527835108,0.9892152477808317,0.9893762403432323,True,stable,True,True,42,new_factorial_context_execution,False
G3_cooling_half_006,G3_cooling,G3,cooling,-1.0,0.825,half_step_continuation,half_step_continuation,6,False,immediately_preceding_accepted_half_step_equilibrium,G3_cooling_half_005,3c5586de3273d98cf16b9d9d50933fbb7b1a7c641ef95771d95ddd76e937245f,True,True,True,True,31,8.946825063468247e-08,0.0,0.0,8.922748339317086e-08,2.943752256785994e-05,2.943752256785994e-05,325.11934381224387,325.1198218360697,0.11238745561308038,1.0,9.499999999999999e-08,1e-08,0.0001913533292080133,0.016079180923613184,0.03076453318670944,False,not_evaluated,False,False,43,new_factorial_context_execution,False
G3_cooling_half_007,G3_cooling,G3,cooling,-1.0,0.8125,half_step_continuation,half_step_continuation,7,False,immediately_preceding_accepted_half_step_equilibrium,G3_cooling_half_006,0b0b3aef7f65ce4e5c8d945ea2a54d40977c6ec8102d580720dfdc116bfdd08f,True,True,True,True,31,8.908930418801585e-08,1.0530079432070327e-15,1.0080076037537406e-15,8.885500528121419e-08,2.8958172915851874e-05,2.8958172915851904e-05,325.11562166966274,325.11608499832374,0.11219971069308818,1.0,9.499999999999999e-08,1e-08,0.0001877449199921971,0.016283627499666744,0.031188389043164073,False,not_evaluated,False,False,44,new_factorial_context_execution,False
G3_cooling_half_008,G3_cooling,G3,cooling,-1.0,0.8,half_step_continuation,half_step_continuation,8,False,immediately_preceding_accepted_half_step_equilibrium,G3_cooling_half_007,fc6ca75d79fae2daf0b14d6e8134d3a83930f286611b1b715035099290795eea,True,True,True,True,31,8.876641653848262e-08,1.6654849457859114e-15,1.4870401301659923e-15,8.853862278394578e-08,2.8480500629117167e-05,2.848050062911712e-05,325.1119650104877,325.1124138888678,0.11201553562663194,1.0,9.499999999999999e-08,1e-08,0.00018417506645623805,0.016495249480095016,0.03162606037691472,False,not_evaluated,False,False,45,new_factorial_context_execution,False
G3_cooling_half_009,G3_cooling,G3,cooling,-1.0,0.7875,half_step_continuation,half_step_continuation,9,False,immediately_preceding_accepted_half_step_equilibrium,G3_cooling_half_008,a447fc6b76b9b495e7d4671f9d3fbbadeec39a6a712b8a7b2937eb4184e7538b,True,True,True,True,31,8.850077701511412e-08,9.678832390967806e-16,1.075425821218645e-15,8.827806308517801e-08,2.8004467085752784e-05,2.800446708575281e-05,325.1083733761626,325.108808048081,0.1118348929094744,1.0,9.499999999999999e-08,1e-08,0.00018064271715753644,0.016714367123087263,0.0320781742729705,False,not_evaluated,False,False,46,new_factorial_context_execution,False
G3_cooling_half_010,G3_cooling,G3,cooling,-1.0,0.775,half_step_continuation,half_step_continuation,10,False,immediately_preceding_accepted_half_step_equilibrium,G3_cooling_half_009,8380192d530fdc70dca8134f7d466665103782bd2002d9741fb98754ad381a04,True,True,True,True,31,8.828983192609875e-08,6.153518988099237e-16,3.1760098003092847e-16,8.807326448705341e-08,2.7530034404458387e-05,2.7530034404458404e-05,325.104846320441,325.1052670286795,0.111657746063735,1.0,9.499999999999999e-08,1e-08,0.0001771468457393982,0.016941321534226384,0.032545397227499315,False,not_evaluated,False,False,47,new_factorial_context_execution,False
G3_cooling_half_refine_01,G3_cooling,G3,cooling,-1.0,0.84375,half_step_event_refinement,half_step_event_refinement,0,False,half_step_last_pre_switch_equilibrium,G3_cooling_half_004,79639a2d35c1fd8be699cde5679cfaf83050aa2cb709b3498b03743ca4f5bba3,True,True,True,True,136,4.817832948702824e-08,4.874238151609347e-16,7.702499795135756e-16,3.775604120727964e-08,0.002669222484652364,0.0026692224846523653,336.0682407049851,336.21672282010627,0.9698495788202668,0.0,9.499999999999999e-08,1e-08,0.006800482905532479,0.03782550905560076,0.04493276402005087,False,not_evaluated,False,False,48,new_factorial_context_execution,False
G3_cooling_half_refine_02,G3_cooling,G3,cooling,-1.0,0.840625,half_step_event_refinement,half_step_event_refinement,1,False,half_step_last_pre_switch_equilibrium,G3_cooling_half_refine_01,82520ed0644ffe6951283f1b96986552c617523c183e66154c07d7eb94f13383,True,True,True,True,325,5.4939684456779344e-08,6.760884414501432e-16,6.032015834499419e-16,4.357569689974214e-08,0.002565823300064108,0.00256582330006411,335.5999818646506,335.7328716055765,0.9621155284248275,0.0,9.499999999999999e-08,1e-08,0.007734050395439285,0.03873756690676251,0.04232895617291975,False,stable,True,True,49,new_factorial_context_execution,False
